card_id,pilot,card_type,neuron_cid,passcodes,artwork_records,names_en,printing_observations_en,distinct_set_codes_en,names_es,printing_observations_es,distinct_set_codes_es,names_de,printing_observations_de,distinct_set_codes_de,names_fr,printing_observations_fr,distinct_set_codes_fr,names_pt,printing_observations_pt,distinct_set_codes_pt,missing_name_languages,missing_printing_languages,review_reasons
f6f24692-b72d-4741-bb1e-84ca704d9ba9,1,monster,4455,11714098,1,"30,000-Year White Turtle",0,0,"30,000-Year White Turtle",0,0,"30,000-Year White Turtle",0,0,"30,000-Year White Turtle",0,0,,0,0,pt,en|es|de|fr|pt,missing_name|missing_printing
1c222ccc-1312-46e7-8aaa-a9c1012b48c8,1,monster,4645,40173854,1,Amphibious Bugroth,2,1,Amphibious Bugroth | Bugroth Anfibio,0,0,Amphibious Bugroth | Amphibischer Bugroth,0,0,Bugroth Amphibie,1,1,Bugroth Anfíbio,0,0,,es|de|pt,missing_printing
3c975631-13b7-4d65-8aad-650407ff7ba8,1,spell,7128,34541863,1,"""A"" Cell Breeding Device",3,1,"Aparato Criador de Celdas ""A""",1,1,„A“-Zellen-Brutkasten,1,1,"Incubateur Cellule ""A""",2,1,,0,0,pt,pt,missing_name|missing_printing
b1a6dc3c-f38f-40ea-8805-a079f468a121,1,token,,22493812,1,Army Ant Token,0,0,Army Ant Token,0,0,Army Ant Token,0,0,Army Ant Token,0,0,,0,0,pt,en|es|de|fr|pt,missing_name|missing_printing
79c72129-1dd1-4eba-8e05-baebf3e8a26d,1,monster,9091,31175914,1,Attack Gainer,2,1,Ataque de Gainer,1,1,Angriffsgewinner,1,1,Absorbeur d'Attaque,1,1,,0,0,pt,pt,missing_name|missing_printing
413c576f-7c45-4609-8ecc-0c44a2d812ff,1,monster,7300,38468214,1,Alien Hypno,3,1,Hipnotizador Alienígena,1,1,Außerirdischer Hypno,1,1,Alien Hypnotique,2,1,,0,0,pt,pt,missing_name|missing_printing
f84bb12a-9add-4954-9a42-0fcff7b46325,1,spell,7315,64163367,1,"""A"" Cell Incubator",3,1,"Incubador de Celdas ""A""",1,1,„A“-Zellen-Inkubator,1,1,"Incubateur de Cellules ""A""",1,1,,0,0,pt,pt,missing_name|missing_printing
0141ac6e-7579-4665-873f-d70012604e43,1,trap,5332,68170903,1,A Feint Plan,3,3,Un plan de finta,0,0,Plan für eine Finte,0,0,A Feint Plan,0,0,,0,0,pt,es|de|fr|pt,missing_name|missing_printing
e7bb0d60-fd03-42da-83bc-39fd377531df,0,monster,8315,94081496,1,"Shiny Black ""C""",7,2,"""C"" Negra Brillante",5,2,Leuchtendschwarzes „C“,5,2,Cancrelat Sombre Lumineux,5,2,,0,0,pt,pt,missing_name|missing_printing
68398c23-3053-4254-94f2-f240fbc2de2b,0,skill,,,1,"""Invitation"" to the Society",1,1,,0,0,,0,0,,0,0,,0,0,es|de|fr|pt,es|de|fr|pt,missing_passcode|missing_name|missing_printing
074cfb7c-3dcc-46db-a6f6-d627f98642dc,0,skill,,,1,A Bountiful Ocean,1,1,,0,0,Ein freigiebiger Ozean,1,1,Un Océan Foisonnant,1,1,,0,0,es|pt,es|pt,missing_passcode|missing_name|missing_printing
e852775f-8ca0-429a-9b15-7c217b566f94,0,skill,,,1,A Terrible Fate,1,1,,0,0,Ein schreckliches Schicksal,1,1,Un Terrible Destin,1,1,,0,0,es|pt,es|pt,missing_passcode|missing_name|missing_printing
faa0a6e2-8475-4712-b040-7102ff963cbc,0,monster,6937,12694768,1,Abaki,5,2,Abaki,1,1,Abaki,2,2,Abaki,2,2,,0,0,pt,pt,missing_name|missing_printing
a2ad9abf-0422-4a96-80f6-42f49580d11c,0,trap,4693,04149689,1,Goblin Fan,4,3,Abanico Goblin,1,1,Goblinfächer,1,1,Ventilateur Gobelin,1,1,,0,0,pt,pt,missing_name|missing_printing
c4c19d9b-7236-4020-ba33-821a9aa2c2ae,0,spell,4847,55321970,1,Gust Fan,2,2,Abanico de ráfaga,1,1,Windgebläse,1,1,Éventail des Rafales,1,1,,0,0,pt,pt,missing_name|missing_printing
47dfd57d-e6af-4a47-baf9-0e572a1d0b25,0,monster,8742,86915847,1,Armored Bee,2,1,Abeja Blindada,1,1,Gepanzerte Biene,1,1,Abeille Cuirassée,1,1,,0,0,pt,pt,missing_name|missing_printing
54083881-b776-4a3a-a101-97ff2bc31ea8,0,monster,9898,93451636,1,Wind-Up Honeybee,3,1,Abeja de Cuerda,1,1,Aufzieh-Honigbiene,1,1,Abeille Automate,1,1,,0,0,pt,pt,missing_name|missing_printing
95720c68-f46a-4ab6-8b2a-98a66d16d2e1,0,trap,10294,60202749,1,Abyss-sphere,5,1,Abis-fera,2,1,Abysssphäre,2,1,Sphère-Abysses,2,1,,0,0,pt,pt,missing_name|missing_printing
3be272d7-1277-402c-9a8a-5c6e9524e97e,0,trap,10293,34707034,1,Abyss-squall,3,1,Abis-rasca,1,1,Abysssturmböe,1,1,Bourrasque-Abysses,1,1,,0,0,pt,pt,missing_name|missing_printing
d98f9467-2ff1-4606-b8cd-313b9a0ab0f2,0,trap,10295,97697447,1,Abyss-strom,3,1,Abis-rágine,1,1,Abyssstrom,1,1,Tempête-Abysses,1,1,,0,0,pt,pt,missing_name|missing_printing
aaf4a32e-8330-4e0c-8069-2b5be626080c,0,monster,5090,87303357,1,Shining Abyss,6,5,Abismo Reluciente,2,2,Leuchtender Abgrund,3,3,Abysse Étincelante,2,2,,0,0,pt,pt,missing_name|missing_printing
f8bd0c4f-5c69-490c-8908-7b41fe0a9f65,0,monster,6982,86442081,1,Silent Abyss,3,1,Abismo Silencioso,1,1,Stiller Abgrund,1,1,Abysse Silencieux,1,1,,0,0,pt,pt,missing_name|missing_printing
343ade08-f280-5dae-9437-a0c288f95227,0,,23016,,0,Abyss of the Sacred Beasts,1,1,Abismo de las Bestias Sagradas,1,1,Abgrund der heiligen Ungeheuer,1,1,Abysses des Bêtes Sacrées,1,1,Abismo das Bestas Sagradas,1,1,,,missing_passcode|missing_art
802dce8c-ac20-4c3b-aea9-5f8d7b5b0814,0,trap,8379,20140382,1,Overwhelm,3,1,Abrumar,1,1,Überwältigen,1,1,Submergement de Puissance,1,1,,0,0,pt,pt,missing_name|missing_printing
a99530ba-0a65-49f5-978e-97145257ca80,0,monster,18676,27553701,1,Absolute King - Megaplunder,0,0,Absolute King - Megaplunder,0,0,Absolute King - Megaplunder,0,0,Absolute King - Megaplunder,0,0,,0,0,pt,en|es|de|fr|pt,missing_name|missing_printing
90bfa69d-cd98-488d-aa0a-452c6875ade8,0,trap,6681,94253609,1,Elemental Absorber,6,2,Absorbedor Elemental,2,1,Elementar-Absorber,2,1,Absorbeur Élémentaire,2,1,,0,0,pt,pt,missing_name|missing_printing
4a603439-4377-4967-8ca8-55f60b3c0e3f,0,spell,8836,90263923,1,Leeching the Light,3,1,Absorbiendo la Luz,1,1,Licht schnorren,2,1,Absorption de Lumière,1,1,,0,0,pt,pt,missing_name|missing_printing
89481a59-5170-44f1-bfdc-99f9a98094cc,0,monster,4585,40387124,1,Abyss Flower,0,0,Abyss Flower,0,0,Abyss Flower,0,0,Abyss Flower,0,0,,0,0,pt,en|es|de|fr|pt,missing_name|missing_printing
30b98108-0d0d-4edd-8e05-aba371a68981,0,spell,9034,36560997,1,Core Overclock,3,1,Aceleración del Núcleo,1,1,Kern übertakten,1,1,Surfréquençage de Noyau,1,1,,0,0,pt,pt,missing_name|missing_printing
889fe7f9-1d1e-4ca9-a9f3-44296afc7e5b,0,spell,7906,44424095,1,Morphtronic Accelerator,3,1,Acelerador Morfotrónico,1,1,Morphtronischer Beschleuniger,1,1,Accélérateur Morphtronique,2,1,,0,0,pt,pt,missing_name|missing_printing
e521e957-7576-442a-9c47-93edf0b2c83e,0,monster,4646,77568553,1,Acid Crawler,0,0,Acid Crawler,0,0,Acid Crawler,0,0,Acid Crawler,0,0,,0,0,pt,en|es|de|fr|pt,missing_name|missing_printing
c594810a-b7e6-4049-a383-21ffa7dce58d,0,skill,-71,,1,Magician's Act,1,1,Acto del Mago,1,1,Trick des Magiers,1,1,Acte du Magicien,1,1,,0,0,pt,pt,missing_passcode|missing_name|missing_printing
8d0a0935-bb20-4803-9ca2-95713f140af0,0,trap,9535,78586116,1,Power-Up Adapter,3,1,Adaptador de Encendido,1,1,Aufladungsadapter,1,1,Prise Électrique,1,1,,0,0,pt,pt,missing_name|missing_printing
a216a16d-5549-40ea-a344-b181e6a81729,0,monster,4076,77456781,1,Fiend Kraken,1,1,Adicto Kraken,0,0,Böser Krake,1,1,Démon Kraken,1,1,Kraken-Demônio,0,0,,es|pt,missing_printing
986c4ee1-fb8c-4da7-b36f-845b5b27a43f,0,monster,9644,72403299,1,Gishki Diviner,3,1,Adivinador Gishki,1,1,Gishki-Wahrsager,1,1,Devin Gishki,1,1,,0,0,pt,pt,missing_name|missing_printing
7b25c398-d5f5-4eaf-8e8b-11cb954028fc,0,monster,9217,31919988,1,Dark Diviner,2,1,Adivinador Oscuro,1,1,Finsterer Wahrsager,1,1,Médium des Ténèbres,1,1,,0,0,pt,pt,missing_name|missing_printing
654c1ae7-0447-4fe0-8e98-57cd74832902,0,monster,9846,94119480,1,"Adreus, Keeper of Armageddon",8,2,"Adreus, Cuidador del Armagedón",3,2,"Adreus, Hüter der Götterdämmerung",3,2,"Adreus, Gardien de l'Armageddon",3,2,"Adreus, o Protetor do Armagedom",0,0,,pt,missing_printing
63e7d8d0-cefb-4bbe-9ef2-3ae769555cd2,0,skill,,,1,Advent of Ra,1,1,,0,0,,0,0,,0,0,,0,0,es|de|fr|pt,es|de|fr|pt,missing_passcode|missing_name|missing_printing
b496e304-0e8d-4343-91fa-183a6d881fef,0,trap,8071,03891471,1,Psychic Tuning,3,1,Afinación Psíquica,1,1,Psi-Empfang,1,1,Réglage Psychique,1,1,,0,0,pt,pt,missing_name|missing_printing
de2aa86f-dad2-45b8-8d4c-5f5b77e900af,0,spell,7744,78845026,1,Lightwave Tuning,3,1,Afinación de la Onda Lumínica,1,1,Lichtwellenabstimmung,1,1,Syntonisation de Lumière,1,1,,0,0,pt,pt,missing_name|missing_printing
797dfadf-13d4-4ce3-af3c-12c782c64e40,0,spell,7742,05052212,1,Battle Tuned,3,1,Afinado para la Batalla,1,1,Angriffsbefehle empfangen,1,1,Syntonisation de Combat,1,1,,0,0,pt,pt,missing_name|missing_printing
9bdaa527-489a-47a6-b3dd-ca254e49fd61,0,monster,8610,,1,"Aggiba, the Malevolent Sh'nn S'yo",2,1,,0,0,,0,0,,0,0,,0,0,es|de|fr|pt,es|de|fr|pt,missing_passcode|missing_name|missing_printing
1f484ebf-b067-45dd-b2b1-8fc3140e167b,0,spell,7457,35956022,1,Acidic Downpour,3,1,Aguacero Ácido,1,1,Saurer Regenguss,1,1,Pluie d'Acide,1,1,,0,0,pt,pt,missing_name|missing_printing
5c4959b6-98a5-4358-9221-5906aedba5a4,0,monster,9386,35618486,1,Steelswarm Sting,4,2,Aguijón Horda de Acero,1,1,Stahlschar-Stachel,1,1,Aiguillon Colonie de Chrome,1,1,,0,0,pt,pt,missing_name|missing_printing
0bac5534-86c1-5ac0-89f7-b9ee5b4e8730,0,,23026,,0,Foolish Trap Hole,1,1,Agujero Trampa del Insensato,1,1,Törichte Fallgrube,1,1,Trappe Ridicule,1,1,Buraco Armadilha dos Tolos,1,1,,,missing_passcode|missing_art
f8385fc0-fa0b-4e1b-9a77-f04c3fd47452,0,trap,7472,67045174,1,Gemini Trap Hole,4,2,Agujero-trampa Géminis,2,2,Zwillingsfallgrube,2,2,Trappe Gémeau,2,2,,0,0,pt,pt,missing_name|missing_printing
a8df26dc-220e-51d9-bd1b-1110458f4b91,0,,22965,,0,"Aiwass, Divine Spirit of the Law",1,1,"Aiwass, Espíritu Divino de la Ley",1,1,"Aiwass, göttlicher Geist des Gesetzes",1,1,"Aiwass, Esprit Divin de la Loi",1,1,"Aiwass, o Espírito Divino da Lei",1,1,,,missing_passcode|missing_art
29cda8a5-d216-5fc6-898d-f9114e8c59d1,0,,22982,,0,Hyperinvoked Aeon,3,2,Aión Hiperinvokado,3,2,Hyperbeschworener Äon,3,2,Éon l'Hyperinvokhé,3,2,"Éon, o Hiperinvokado",3,2,,,missing_passcode|missing_art
119efcc6-4182-4f25-b388-19b0e43bc71d,0,monster,4196,38035986,1,Akakieisu,0,0,Akakieisu,0,0,Akakieisu,0,0,Akakieisu,0,0,,0,0,pt,en|es|de|fr|pt,missing_name|missing_printing
289259be-f502-46e5-8104-301180694c79,0,monster,4156,36904469,1,Akihiron,0,0,Akihiron,0,0,Akihiron,0,0,Akihiron,0,0,,0,0,pt,en|es|de|fr|pt,missing_name|missing_printing
604edbba-c2ec-4886-b47e-8626daf85432,0,monster,9039,38837163,1,"Akz, the Pumer",3,1,"Akz, el Puma",1,1,"Akz, der Pumakrieger",1,1,"Akz, le Guerrier Puma",1,1,,0,0,pt,pt,missing_name|missing_printing
6a957210-2ef9-4885-b9da-be6aea2643dc,0,monster,5340,29618570,1,Gray Wing,4,3,Ala Gris,1,1,Grauschwinge,1,1,Aile Grise,1,1,,0,0,pt,pt,missing_name|missing_printing
28c96393-f940-428d-b3f2-1bfb14ab5c47,0,spell,7308,99013397,1,Gladiator Beast's Battle Halberd,3,1,Alabarda de Guerra de las Bestias Gladiador,1,1,Kampfhellebarde der Gladiatorungeheuer,1,1,Hallebarde de Combat des Bêtes Gladiateurs,1,1,,0,0,pt,pt,missing_name|missing_printing
8a1aeb0b-64dd-4707-9a4d-9c5706c13945,0,trap,8682,81128478,1,Lair Wire,3,1,Alambrada del Cubil,1,1,Gesponnener Faden,1,1,Fil de Chasse,1,1,,0,0,pt,pt,missing_name|missing_printing
6f8af483-b26d-49e1-81b0-e9d079474d2a,0,monster,9243,87390067,1,Blackwing - Jetstream the Blue Sky,2,1,Alanegra - Jetstream el Cielo Azul,1,1,Schwarzflügel - Jetstream der blaue Himmel,1,1,Aile Noire - Jet le Ciel Bleu,1,1,,0,0,pt,pt,missing_name|missing_printing
7682b76e-5a75-4f43-8bae-91fc68d07e30,0,monster,9437,38562933,1,Blackwing - Jin the Rain Shadow,3,1,Alanegra - Jin la Sombra de Lluvia,1,1,Schwarzflügel - Jin der Regenschatten,1,1,Aile Noire - Jin l'Ombre de Pluie,2,1,,0,0,pt,pt,missing_name|missing_printing
8a195a66-d906-4662-97d2-ce8a9d53e7a2,0,token,17072,,1,Albaz the Shrouded,1,1,Albaz el Velado,1,1,Albaz der Verschleierte,1,1,Albaz l'Obscur,1,1,"Arbaz, o Encoberto",1,1,,,missing_passcode
dedae651-a40e-4ab6-93da-8eb694322478,0,monster,10179,28290705,1,Fairy King Albverdich,3,1,Albverdich Rey de Hadas,1,1,Feenkönig Albverdich,1,1,Roi des Fées Albverdich,1,1,,0,0,pt,pt,missing_name|missing_printing
1077b3ad-99fd-4b6e-ad28-652d41bd009e,0,monster,7782,17573739,1,"Alector, Sovereign of Birds",7,3,"Alector, Soberano de Pájaros",3,2,"Alector, Herrscher der Vögel",3,2,"Alector, Souverain des Oiseaux",3,2,,0,0,pt,pt,missing_name|missing_printing
f0363ae1-24df-5127-b8e1-174061f7c57c,0,,22964,,0,Aleister the Reminiscent,2,1,"Aleister, el Reminiscente",2,1,Aleister der sich Erinnernde,2,1,Aleister le Réminiscent,2,1,"Aleister, o Reminiscente",2,1,,,missing_passcode|missing_art
1b675087-a7fe-486a-a428-35f2efee766a,0,monster,7197,22377815,1,Aquarian Alessa,5,1,Alessa del Acuario,2,1,Aquarius Alessa,2,1,Alessa Aquatique,2,1,,0,0,pt,pt,missing_name|missing_printing
c30d4b16-8f02-4f7c-b72e-ce7ed148cece,0,monster,9393,56768355,1,Vylon Alpha,4,2,Alfa Vylon,1,1,Vylon Alpha,1,1,Alpha Vylon,1,1,,0,0,pt,pt,missing_name|missing_printing
e3f06b9c-42a9-4cea-b9a5-6e60698dfc19,0,monster,8711,27827903,1,Genex Ally Crusher,4,2,Aliado Genex Aplastador,1,1,Genex-Verbündeter Brecher,1,1,"Écraseur, Allié Genex",1,1,,0,0,pt,pt,missing_name|missing_printing
ad8998b1-d015-42ae-8895-e23f36bc07e6,0,monster,8550,94622638,1,Genex Ally Powercell,4,2,Aliado Genex Batería,1,1,Genex-Verbündeter Brennstoffzelle,1,1,"Cellule de Puissance, Allié Genex",1,1,,0,0,pt,pt,missing_name|missing_printing
a0a26d6c-d87e-4bd1-a7d9-8355546fae44,0,monster,8551,20127343,1,Genex Ally Changer,4,2,Aliado Genex Cambiador,2,1,Genex-Verbündeter Wandler,1,1,"Changeur, Allié Genex",1,1,,0,0,pt,pt,missing_name|missing_printing
92612eee-e4fc-4e2f-859a-c22d2bb79f70,0,monster,8708,38049541,1,Genex Ally Chemistrer,4,2,Aliado Genex Químico,1,1,Genex-Verbündeter Chemiker,1,1,"Chimiste, Allié Genex",1,1,,0,0,pt,pt,missing_name|missing_printing
44ed9fd5-8fa1-4a36-941d-62d67c694c55,0,monster,8712,63211608,1,Genex Ally Reliever,4,2,Aliado Genex Relevador,1,1,Genex-Verbündeter Befreier,1,1,"Revigoreur, Allié Genex",1,1,,0,0,pt,pt,missing_name|missing_printing
871c8084-8a51-4f23-9c21-217cf3ee121a,0,monster,8549,57238939,1,Genex Ally Remote,4,2,Aliado Genex Remoto,2,1,Genex-Verbündeter Fernbedienung,1,1,"Télécommande, Allié Genex",1,1,,0,0,pt,pt,missing_name|missing_printing
edd189a3-96b7-47fb-97c2-6e6ccfd6730a,0,monster,8553,83500096,1,Genex Ally Solid,4,2,Aliado Genex Sólido,1,1,Genex-Verbündeter Festkörperlaser,1,1,"Solid, Allié Genex",1,1,,0,0,pt,pt,missing_name|missing_printing
55611559-60b9-412b-95f0-43756064dfa3,0,monster,8729,52709508,1,Genex Ally Triforce,4,2,Aliado Genex Trifuerza,1,1,Genex-Verbündeter Dreikraft,1,1,"Triforce, Allié Genex",1,1,,0,0,pt,pt,missing_name|missing_printing
102bf2e8-6fae-442e-9d74-bff49a5107eb,0,monster,8552,56511382,1,Genex Ally Volcannon,4,2,Aliado Genex Volcañón,1,1,Genex-Verbündeter Vulkanone,1,1,"Volcanon, Allié Genex",1,1,,0,0,pt,pt,missing_name|missing_printing
052f832a-d862-499a-9e05-0fae0be21974,0,monster,7827,22371016,1,Ally of Justice Unknown Crusher,3,2,"Aliado de la Justicia, Aplastador Desconocido",1,1,Verbündeter der Gerechtigkeit Unbekannter Brecher,1,1,"Broyeur Inconnu, Allié de la Justice",1,1,,0,0,pt,pt,missing_name|missing_printing
ebc44247-3728-447c-b153-d16382f7fc6c,0,monster,7826,85876417,1,Ally of Justice Thousand Arms,3,2,"Aliado de la Justicia, Mil Brazos",1,1,Verbündeter der Gerechtigkeit Tausendarm,1,1,"Mille Bras, Allié de la Justice",1,1,,0,0,pt,pt,missing_name|missing_printing
e8109948-c0c7-49b3-8d75-3fe72e2ce2ee,0,spell,6489,46910446,1,Chthonian Alliance,8,3,Alianza del Infierno,3,2,Chthonian Allianz,3,2,Alliance Chthonienne,3,2,,0,0,pt,pt,missing_name|missing_printing
0ef2ac7d-7f03-485a-a7ec-6f7bd1d2c08d,0,monster,6800,62437709,1,Alien Grey,3,1,Alienígena Gris,1,1,Außerirdischer Grau,1,1,Alien Gris,1,1,,0,0,pt,pt,missing_name|missing_printing
8567e095-d1b0-5c88-8fde-e6ecd8934b68,0,,23308,,0,Angelechy Enlisted,1,1,Alistado Angelequia,1,1,Engelechy Rekrutiert,1,1,Enrôlé Angetélité,1,1,Alistamento de Anjoléquia,1,1,,,missing_passcode|missing_art
5b660522-56c4-429e-ab75-9cc6906abecb,0,trap,8367,33323657,1,Psychic Soul,3,1,Alma Psíquica,1,1,Psi-Seele,1,1,Âme Psychique,1,1,,0,0,pt,pt,missing_name|missing_printing
5c20aad4-162a-459b-8549-ccc07410f5f9,0,trap,10203,11228035,1,Xyz Soul,3,1,Alma Xyz,1,1,Xyz-Seele,1,1,Âme Xyz,1,1,,0,0,pt,pt,missing_name|missing_printing
706e9569-31d5-4a76-b28c-2e27b50727b0,0,spell,7087,95026693,1,Soul of Fire,5,1,Alma de Fuego,2,1,Seele des Feuers,2,1,Âme de Feu,2,1,,0,0,pt,pt,missing_name|missing_printing
455b256f-fc61-409f-ad58-3f64e7474bd5,0,monster,5251,77527210,1,Soul of Purity and Light,7,6,Alma de Pureza y Luz,2,2,Seele der Reinheit und des Lichts,4,4,Âme de Pureté et de Lumière,4,4,,0,0,pt,pt,missing_name|missing_printing
6fdbda09-f5f8-45b0-9a29-bc0029af195c,0,monster,10178,91895091,1,Soul of Silvermountain,3,1,Alma de la Montañaplateada,1,1,Seele des Silberberges,1,1,Âme de la Montagne Argent,1,1,,0,0,pt,pt,missing_name|missing_printing
195ef13b-f7ac-40f6-bbe2-c64b2a4995bb,0,spell,4347,47852924,2,Soul of the Pure,2,2,Alma de la Pureza,1,1,Seele der Reinen,1,1,L'Âme de Pureté,1,1,,0,0,pt,pt,missing_name|missing_printing
d2b10a2b-f774-4f6c-b11b-d700f8fbb250,0,monster,6985,86229493,1,Umbral Soul,2,1,Alma de la Sombra,1,1,Erdschattenseele,1,1,Âme de l'Ombre,1,1,,0,0,pt,pt,missing_name|missing_printing
15f627b4-85dc-4df1-9b1e-2287fe12ce18,0,spell,6780,14772491,1,Common Soul,5,2,Alma en Común,2,2,Gemeinsame Seele,2,2,Âme Commune,2,2,,0,0,pt,pt,missing_name|missing_printing
e79f9b01-4301-4926-93c0-08f1bac145ed,0,monster,7517,36733451,1,Dimensional Alchemist,5,3,Alquimista Dimensional,3,3,Dimensionsalchemist,3,3,Alchimiste Dimensionnel,3,3,,0,0,pt,pt,missing_name|missing_printing
7a9b67db-83ee-40a4-bcf9-a398592ea48c,0,monster,8754,78121572,1,Alchemist of Black Spells,6,2,Alquimista de Hechizos Oscuros,2,1,Alchemist der schwarzen Zaubersprüche,3,2,Alchimiste de la Magie Noire,3,2,Alquimista da Magia das Trevas,0,0,,pt,missing_printing
6915f591-afe7-5970-954c-8fa9b4563917,0,,23018,,0,Blitzclique Alternator,1,1,Alternador Blitzclique,1,1,Blitzcliquen-Wechselstromgenerator,1,1,Alternateur de la Blitzclique,1,1,Alternador Blitzclique,1,1,,,missing_passcode|missing_art
ccd8170c-62d4-46a6-ada8-2aa138dea298,0,skill,-52,,1,Peak Performance,1,1,Alto Rendimiento,1,1,Spitzenleistung,1,1,Pic de Performance,1,1,Auge do Desempenho,1,1,,,missing_passcode
bdc60edc-d80d-42e2-acd9-2689fbeeccbd,0,token,17076,,1,Aluber the Dogmatic,1,1,Aluber el Dogmático,1,1,Aluber der Dogmatische,1,1,Aluber le Dogmatique,1,1,"Aluber, o Dogmático",1,1,,,missing_passcode
d79d10e0-138a-413d-a8d4-967a48102792,0,trap,9005,84962466,1,Beast Rising,3,1,Alzamiento de las Bestias,1,1,Wachsendes Ungeheuer,1,1,Déchaînement Bestial,2,1,,0,0,pt,pt,missing_name|missing_printing
5fa44115-bffc-4396-b64b-0983a5dcf657,0,monster,16184,02139640,1,Amabie,1,1,Amabie,0,0,Amabie,0,0,Amabie,0,0,,0,0,pt,es|de|fr|pt,missing_name|missing_printing
202f8b99-13e5-481f-99e3-c27e510d9a65,0,monster,4204,99030164,1,Happy Lover,2,1,Amante Feliz,0,0,Glücklicher Geliebter,1,1,Jeune Amoureux,1,1,,0,0,pt,es|pt,missing_name|missing_printing
a35e7c32-0439-41c6-aa6e-51641aae345c,0,monster,14049,00662855,1,Amatsu-Okami of the Divine Peaks,3,2,,0,0,,0,0,,0,0,,0,0,es|de|fr|pt,es|de|fr|pt,missing_name|missing_printing
75395d9a-e653-418a-b23d-93dac27dd197,0,monster,4614,82085619,1,Shining Friendship,3,3,Amistad Brillante,2,2,Leuchtende Freundschaft,2,2,Amitié Scintillante,2,2,,0,0,pt,pt,missing_name|missing_printing
aa35f2cd-e582-47bc-9792-fddb6048d68b,0,monster,6373,11508758,1,Mutant Mindmaster,2,1,Amo de Mentes Mutante,1,1,Mutanten-Gedankenbeherrscher,1,1,Mutant Maîtresprit,1,1,,0,0,pt,pt,missing_name|missing_printing
c0b76603-321e-4b1a-bfb9-4ba703a0d322,0,skill,-1,,1,Zombie Master,1,1,Amo de Zombis,1,1,Zombiemeister,1,1,Maître des Zombies,1,1,Mestre Zumbi,1,1,,,missing_passcode
63a5f445-f1e7-4f8f-9bcd-435eaa9a5b57,0,monster,9649,34160055,1,Master of the Flaming Dragonswords,3,1,Amo de las Espadasdragón Flamígeras,1,1,Meister der flammenden Drachenschwerter,1,1,Maître des Épées Dragon de Feu,1,1,,0,0,pt,pt,missing_name|missing_printing
84f21e31-282d-4032-b74f-74d9d31a94c2,0,monster,7714,96782886,1,Mind Master,3,1,Amo de las Mentes,1,1,Meister der Gedanken,2,1,Maître à Penser,1,1,,0,0,pt,pt,missing_name|missing_printing
afd1ca43-fc91-40b7-b329-92fcf9b7a2d8,0,monster,4146,62671448,1,Toad Master,0,0,Amo de sapo,0,0,Krötenmeister | Toad Master,0,0,Maître Crapaud | Toad Master,0,0,,0,0,pt,en|es|de|fr|pt,missing_name|missing_printing
8946de76-5fe8-45ed-bda6-8c5051bb3de3,0,monster,7837,46609443,1,Chaos-End Master,3,1,Amo del Fin del Caos,1,1,Chaos End-Meister,1,1,Maître Ultime du Chaos,1,1,,0,0,pt,pt,missing_name|missing_printing
2ba30c4b-cfdb-4140-a28e-57a744ebde32,0,monster,7025,32750510,1,Ice Master,5,2,Amo del Hielo,1,1,Eismeisterin,2,2,Maître des Blizzards,1,1,,0,0,pt,pt,missing_name|missing_printing
f728bd9b-55a6-428c-9d1b-c44c3ee2ecc2,0,monster,7817,92933195,1,Mist Valley Windmaster,3,2,Amo del Viento del Valle Brumoso,1,1,Nebeltal-Windmeister,1,1,Maître du Vent de la Vallée de Brume,1,1,,0,0,pt,pt,missing_name|missing_printing
4907b51a-0c4b-4f3d-b1b3-aaa387450792,0,spell,9526,84653834,1,ESP Amplifier,3,1,Amplificador Extrasensorial,1,1,Psi-Kraft-Verstärker,1,1,Amplificateur ESP,1,1,,0,0,pt,pt,missing_name|missing_printing
66f90672-b331-4b74-8026-0681196e67b0,0,trap,8360,08279188,1,Depth Amulet,3,1,Amuleto de las Profundidades,1,1,Amulett der Tiefe,1,1,Amulette des Abysses,1,1,,0,0,pt,pt,missing_name|missing_printing
37265a97-6d02-4ffa-a389-21127cd8d902,0,spell,9125,85541675,1,Karakuri Anatomy,2,1,Anatomía del Karakuri,1,1,Karakuri-Aufbau,1,1,Parchemin d'Anatomie Karakuri,1,1,,0,0,pt,pt,missing_name|missing_printing
6e9dffe1-21f7-4db4-a5b8-a9bca8ac4e2e,0,monster,9499,61737116,1,Elder of the Six Samurai,5,3,Anciano de los Seis Samurais | Anciano de los Seis Samuráis,3,2,Ältester der Sechs Samurai,2,2,Ancien des Six Samouraïs,2,2,,0,0,pt,pt,missing_name|missing_printing
66c8d0d6-0b4e-42fa-a506-52a44c3dd802,0,monster,,,1,Ancient Gear Gadjiltron Baena,0,0,,0,0,,0,0,,0,0,,0,0,es|de|fr|pt,en|es|de|fr|pt,missing_passcode|missing_name|missing_printing
ffb6334e-8287-4acc-aede-2dff7ff29bac,0,monster,4265,36821538,1,Ancient Sorcerer,0,0,Ancient Sorcerer | Hechicero Antiguo,0,0,Ancient Sorcerer | Antiker Hexenmeister,0,0,Ancien Sorcier | Ancient Sorcerer,0,0,Mago Ancião,0,0,,en|es|de|fr|pt,missing_printing
ebbac597-860a-4fe1-8ad2-45935a2399e1,0,monster,4279,86421986,1,Ancient Tree of Enlightenment,0,0,Ancient Tree of Enlightenment,0,0,Ancient Tree of Enlightenment,0,0,Ancient Tree of Enlightenment,0,0,,0,0,pt,en|es|de|fr|pt,missing_name|missing_printing
1abdfc15-fa6e-5402-ab14-f6d52e869c7e,0,,23305,,0,Angelechy Shatranga,1,1,Angelequia Shatranga,1,1,Engelechy Shatranga,1,1,Shatranga Angetélité,1,1,Shatranga de Anjoléquia,1,1,,,missing_passcode|missing_art
71dad4e3-5dfc-403d-a91e-987777873195,0,monster,8144,37953640,1,Royal Swamp Eel,3,1,Anguila del Pantano Real,1,1,Königlicher Sumpfaal,1,1,Anguille Blanche Royale,1,1,,0,0,pt,pt,missing_name|missing_printing
98d6ed96-0fd4-4ed1-9b7a-0c523b373a9c,0,spell,9133,46089249,1,Koa'ki Ring,2,1,Anillo Koa'ki,1,1,Koa'ki-Ring,1,1,Anneau Koa'ki,1,1,,0,0,pt,pt,missing_name|missing_printing
e40fa289-8b3c-4e5a-b0b0-3241292343b2,0,trap,8355,46502013,1,Pixie Ring,8,3,Anillo de Duendecillas,3,2,Pixie-Ring,3,2,Halo de Pixie,3,2,,0,0,pt,pt,missing_name|missing_printing
7f772cbd-6c52-467a-b3b0-b2ee7f9d9c70,0,monster,14384,00595626,1,Ankuriboh,0,0,Ankuriboh,0,0,Ankuriboh,0,0,Ankuriboh,0,0,,0,0,pt,en|es|de|fr|pt,missing_name|missing_printing
b3579b55-2207-4c00-a83f-42014faea8e4,0,monster,18145,47484352,1,Anotherverse Dragon,4,1,Anotherverse Dragon,0,0,Anotherverse Dragon,0,0,Anotherverse Dragon,0,0,,0,0,pt,es|de|fr|pt,missing_name|missing_printing
5b6d5f59-9173-442f-91f2-c64b97de331a,0,monster,19359,86893702,1,Anotherverse Gluttonia,4,1,Anotherverse Gluttonia,0,0,Anotherverse Gluttonia,0,0,Anotherverse Gluttonia,0,0,,0,0,pt,es|de|fr|pt,missing_name|missing_printing
33ba4ed5-3f34-4487-b98e-d4a2ac6b2764,0,monster,20691,63028558,2,Anotherverse Solaria,4,1,Anotherverse Solaria,0,0,Anotherverse Solaria,0,0,Anotherverse Solaria,0,0,,0,0,pt,es|de|fr|pt,missing_name|missing_printing
1624f791-c534-4569-9879-8a875b0f3df0,0,monster,21618,10949074,2,Anotherverse Stratios,4,1,Anotherverse Stratios,0,0,Anotherverse Stratios,0,0,Anotherverse Stratios,0,0,,0,0,pt,es|de|fr|pt,missing_name|missing_printing
53daf1ad-e5e8-5f66-b117-010c5fa9f8a5,0,,23311,,0,Angelechy Opening to e4,1,1,Apertura Angelequia a e4,1,1,Engelechy-Eröffnung auf e4,1,1,Ouverture en e4 Angetélité,1,1,Abertura e4 de Anjoléquia,1,1,,,missing_passcode|missing_art
855c3b66-e987-43f8-a10b-b10fd2a3aa41,0,monster,7118,00114932,1,Seismic Crasher,3,1,Aplastador Sísmico,1,1,Seismischer Schlitzer | Seismischer Zerbrecher,1,1,Fracasseur Sismique,1,1,,0,0,pt,pt,missing_name|missing_printing
394f0e58-ec0e-4deb-ac20-78c38f3a2d27,0,monster,8141,37675138,1,Bone Crusher,6,2,Aplastahuesos,3,2,Knochenbrecher,3,2,Briseur d'Os,3,2,Triturador de Ossos,0,0,,pt,missing_printing
40e8744c-90c6-4ff9-822c-d08a43411e1a,0,monster,6607,48700891,1,Memory Crusher,7,3,Aplastamemorias,2,1,Erinnerungszerstörer,3,2,Broyeur de Mémoire,3,2,,0,0,pt,pt,missing_name|missing_printing
581e5d2d-9b64-4b23-82bf-96ee228acd5f,0,monster,8633,41158734,1,Apocatequil,3,1,Apocatequil,1,1,Apocatequil,1,1,Apocatequil,1,1,,0,0,pt,pt,missing_name|missing_printing
bc1c15b5-b9da-47bd-ae19-0a0dfb6c20a6,0,monster,4448,86164529,1,Aqua Dragon,2,1,Aqua Dragon,0,0,Aqua Dragon,0,0,Dragon Aqua,1,1,,0,0,pt,es|de|pt,missing_name|missing_printing
f553206a-fcd3-44ee-8360-f7d6087cc950,0,spell,9665,07653207,1,Aqua Jet,4,2,Aqua Jet,2,2,Aqua-Jet,2,2,Jet Aqua,2,2,,0,0,pt,pt,missing_name|missing_printing
d94c6a92-a790-4066-957d-d8259b91a235,0,monster,4452,12436646,1,Aqua Snake,0,0,Aqua Snake,0,0,Aqua Snake,0,0,Aqua Snake,0,0,,0,0,pt,en|es|de|fr|pt,missing_name|missing_printing
d2688b1b-8ffb-43df-8145-247f31e1b564,0,monster,8452,54248491,1,Relinquished Spider,3,1,Araña Abandonada,1,1,Preisgegebene Spinne,1,1,Araignée du Sacrifice,1,1,,0,0,pt,pt,missing_name|missing_printing
92a8a806-453c-4e6a-bb12-5a106c22f344,0,monster,8453,80637190,1,Spyder Spider,3,1,Araña Espía,1,1,Spyder-Spinne,1,1,Araignée Sniper,1,1,,0,0,pt,pt,missing_name|missing_printing
e0ef43ba-37ce-4d00-b25b-97ace0895d8c,0,monster,8635,04941482,1,Informer Spider,3,1,Araña Informante,1,1,Spitzelspinne,1,1,Araignée Espion,1,1,,0,0,pt,pt,missing_name|missing_printing
9016c23b-8893-4fe1-bf22-cf23e9674c70,0,monster,4416,45688586,1,Karakuri Spider,2,1,Araña Karakuri,1,1,Karakuri-Spinne,1,1,Araignée Karakuri,1,1,Aranha Mecânica,0,0,,pt,missing_printing
5ede075e-db03-4cf3-908b-03288a1fbec6,0,monster,8454,17021204,1,Mother Spider,3,1,Araña Madre,1,1,Spinnenmutter,1,1,Araignée Matriarche,1,1,,0,0,pt,pt,missing_name|missing_printing
79d5a318-640b-4a42-92b2-71d15aec147d,0,monster,8450,81759748,1,Dark Spider,3,1,Araña Oscura,1,1,Finstere Spinne,1,1,Araignée des Ténèbres,1,1,,0,0,pt,pt,missing_name|missing_printing
8e28e732-4974-4b12-b353-04a855d20ecd,0,monster,8451,17243896,1,Ground Spider,3,1,Araña del Piso,1,1,Erdspinne,1,1,Araignée des Cavernes,1,1,,0,0,pt,pt,missing_name|missing_printing
62036595-e079-5ef5-8cfd-cbaffca21fd2,0,,22951,,0,Skull Archfiend of Chaos,2,1,Archidemonio Cráneo del Caos,2,1,Schädel-Erzunterweltler des Chaos,2,1,Crâne Archdémon du Chaos,2,1,Caveira Arquidemônio do Caos,2,1,,,missing_passcode|missing_art
acf383b2-d11f-4347-90e0-1b66a1b50ac4,0,monster,4208,75889523,1,Archfiend Marmot of Nefariousness,2,1,Archidemonio Marmot de la Infamia,1,1,Erzunterweltler Murmeltier der Ruchlosigkeit,1,1,Marmotte Archdémon de L'Infâmie,1,1,,1,1,pt,,missing_name
cc52e6b3-0009-4605-93f3-d8feb927efdf,0,monster,9750,13478040,1,Rodenut,3,1,Ardinuez,1,1,Eichelhörnchen,1,1,Rodenut,1,1,,0,0,pt,pt,missing_name|missing_printing
ae34912f-f0ea-4859-b241-f9c05a065d80,0,trap,5440,76532077,1,Bottomless Shifting Sand,3,2,Arenas Movedizas Sin Fondo,1,1,Bodenloser Treibsand,1,1,Sables Mouvants Insondables,1,1,,0,0,pt,pt,missing_name|missing_printing
00b669f1-748c-44ed-9c43-d5681781b8e8,0,monster,4186,14708569,1,Arlownay,0,0,Arlownay,0,0,Arlownay,0,0,Arlownay,0,0,,0,0,pt,en|es|de|fr|pt,missing_name|missing_printing
83a0bc46-6746-4f34-a71e-6c5b4d860d62,0,monster,4202,36151751,1,Arma Knight,0,0,Arma Knight,0,0,Armada Ritter,0,0,Chevalier d’Arma,0,0,,0,0,pt,en|es|de|fr|pt,missing_name|missing_printing
0e2f7cc0-9501-4588-87f8-a14c32ef037c,0,trap,7322,84613836,1,Swiftstrike Armor,5,2,Armadura Golpecertero,1,1,Rüstung des schnellen Schlages,2,2,Armure de Rapidité Divine,1,1,,0,0,pt,pt,missing_name|missing_printing
c0544596-faac-462a-b82e-d6be215a9b7c,0,skill,-24,,1,Spell Proof Armor,2,2,Armadura a Prueba de Magia,2,2,Zaubersichere Rüstung,2,2,Armure Pare-Magie,2,2,Armadura à Prova de Magia,2,2,,,missing_passcode
79d03d76-e0c3-4c26-8baf-86454462c202,0,spell,7494,88190790,1,Assault Armor,4,2,Armadura de Asalto,1,1,Angriffsrüstung,2,1,Armure d'Assaut,2,1,,0,0,pt,pt,missing_name|missing_printing
3ba23478-1f30-419d-a378-b771e65a8a95,0,monster,8770,91215724,2,Junk Armor,0,0,Armadura de Basura,0,0,Gerümpelpanzerung,0,0,Robot Armure,0,0,Armadura de Sucata,0,0,,en|es|de|fr|pt,missing_printing
f2149207-458d-492f-bd64-15bb4071451b,0,spell,8488,20457551,1,Iron Core Armor,3,1,Armadura de Núcleo de Hierro,1,1,Eisenkern-Rüstung,1,1,Armure de Noyau d'Énergie,1,1,,0,0,pt,pt,missing_name|missing_printing
14f0f12c-bbe6-4e84-9962-152d5f2a0604,0,monster,6959,,1,Armament of the Lethal Lords,2,1,,0,0,,0,0,,0,0,,0,0,es|de|fr|pt,es|de|fr|pt,missing_passcode|missing_name|missing_printing
6583b44d-9da1-42ed-b20d-548772653799,0,spell,6649,53770666,2,Armament Reincarnation,0,0,Armamento Reencarnado,0,0,Bewaffnungs-Reinkarnation,0,0,Réincarnation d'Armement,0,0,Reencarnação do Armamento,0,0,,en|es|de|fr|pt,missing_printing
7293bea2-d317-4353-b171-0f1727dbacc8,0,monster,8024,76214441,1,Lifeforce Harmonizer,5,1,Armonizador de la Fuerza Vital,2,1,Lebenskraftharmonisierer,2,1,Harmonisateur de Force Vitale,2,1,,0,0,pt,pt,missing_name|missing_printing
d629b09c-6b57-4cda-a1c0-c732951158b5,0,monster,8188,04252828,1,Mermaid Archer,4,2,Arquera Sirena,2,2,Armbrustschützen-Meerjungfrau,2,2,Sirène Archère,2,2,,0,0,pt,pt,missing_name|missing_printing
9be9650b-e7a8-43cf-ad4d-f21a682673aa,0,monster,7819,54326448,1,Flamvell Archer,4,2,Arquero Flamvell,1,1,Flamvell-Bogenschütze,2,1,Archer de la Cloche de Feu,2,1,,0,0,pt,pt,missing_name|missing_printing
68d82e48-b728-4742-8f3c-44d092801164,0,monster,15845,30303854,1,Laval Archer,0,0,Arquero Laval,0,0,Laval-Bogenschütze,0,0,Archer Laval,0,0,Arqueiro Laval,0,0,,en|es|de|fr|pt,missing_printing
a5f0d8b0-0357-4a69-92be-a6a71c4f2cec,0,monster,8466,09848939,1,Woodland Archer,3,1,Arquero Silvestre,1,1,Waldbogenschütze,1,1,Archer des Sylves,1,1,,0,0,pt,pt,missing_name|missing_printing
08601008-61ac-4241-83be-3bf06ad7c5dd,0,monster,5038,04035199,1,Shapesnatch,2,1,Arrebato de Forma,0,0,Gestaltdieb,0,0,Agrippe-Forme,0,0,Borboletal,0,0,,es|de|fr|pt,missing_printing
aca756cc-f94f-4f5f-8dd9-86c389f3a189,0,trap,10100,05037726,1,Spiritual Light Art - Hijiri,3,1,Arte Espiritual de la Luz - Hijiri,1,1,Spiritistische Lichtkunst - Hijiri,1,1,"Hijiri, Artiste de la Lumière Spirituelle",2,1,,0,0,pt,pt,missing_name|missing_printing
deb11a7a-d02b-4113-b095-252c8c4a1a92,0,trap,7469,38167722,1,Dark Spirit Art - Greed,3,1,Arte del Espíritu Oscuro - Codicia,1,1,Finstere Geisterkunst - Gier,1,1,Art Spirituel des Ténèbres - Avarice,1,1,,0,0,pt,pt,missing_name|missing_printing
1e02c077-d6a8-498e-988e-4bc60af2b943,0,spell,9678,26864586,1,Resonance Device,3,1,Artefacto de Resonancia,1,1,Resonanzgerät,1,1,Système de Résonance,1,1,,0,0,pt,pt,missing_name|missing_printing
cf1d29e1-2117-4fc7-8b0e-2f7b5bf2679f,0,monster,9587,11834972,1,Laval Blaster,4,2,Artillero Laval,1,1,Laval-Sprenger,1,1,Blaster Laval,1,1,,0,0,pt,pt,missing_name|missing_printing
e8db0fa2-273d-4487-a95f-20e32b246ba3,0,trap,10204,48216773,1,Compulsory Escape Device,3,1,Artilugio de Escape Compulsivo,1,1,Zwangsrettungsgerät,1,1,Dispositif d'Échappement Obligatoire,1,1,,0,0,pt,pt,missing_name|missing_printing
81843d3d-8f73-4373-999e-ebe39b04cafb,0,monster,8603,63465535,1,Underground Arachnid,4,2,Arácnido Subterráneo,2,2,Untergrund-Spinnentier,2,2,Arachnée Souterraine,2,2,,0,0,pt,pt,missing_name|missing_printing
268a409e-531b-449a-8da7-a6764e7a57da,0,skill,,,1,As I Predicted...!,1,1,,0,0,,0,0,,0,0,,0,0,es|de|fr|pt,es|de|fr|pt,missing_passcode|missing_name|missing_printing
bce9797e-0d9e-4278-8cae-d804828b6f45,0,trap,8582,79205581,1,Scrubbed Raid,3,1,Asalto Descartado,1,1,Misslungener Überraschungsangriff,1,1,Capitulation Forcée,1,1,,0,0,pt,pt,missing_name|missing_printing
07e12b40-dd0a-404c-9f95-e12b5fc16428,0,skill,,,1,Machine Angel Ascension,1,1,Ascensión del Ángel Mecánico,1,1,Aufstieg des Maschinenengels,1,1,Ascension de l'Ange Machine,1,1,,1,1,pt,,missing_passcode|missing_name
43aae0c5-b4d7-41a2-b080-92b3237082e2,0,skill,,,1,Ancient Ruler Rises,1,1,Ascenso del Antiguo Gobernante,1,1,,1,1,Ascension de l'Ancien Souverain,1,1,,1,1,de|pt,,missing_passcode|missing_name
bf974fcf-a798-42bc-9aab-136fee93cf6a,0,skill,,,1,Archfiend's Promotion,1,1,Ascenso del Archidemonio,1,1,,1,1,Promotion de l'Archdémon,1,1,,1,1,de|pt,,missing_passcode|missing_name
5f30c379-e524-453e-8ee8-fcfb26f5470c,0,monster,9214,31632536,1,Laval Dual Slasher,3,1,Asesino Doble Laval,2,1,Laval-Doppelschlächter,1,1,Double Lame Laval,1,1,,0,0,pt,pt,missing_name|missing_printing
675f7f42-7c6b-4f90-80c1-1ef5989a8e5e,0,token,,85771020,1,Asmo Token,0,0,Asmo Token,0,0,Asmo Token,0,0,Asmo Token,0,0,,0,0,pt,en|es|de|fr|pt,missing_name|missing_printing
1f504370-165c-4f5b-a616-f00b3a2e8f17,0,monster,6880,11685347,1,Blast Asmodian,3,1,Asmodeo Explosivo,0,0,Explosions-Asmodian,1,1,Asmodien Explosif,1,1,Asmodian Explosivo,0,0,,es|pt,missing_printing
4c4bbcc0-4994-4a4c-b065-754cfb623844,0,monster,6936,86209650,1,Stray Asmodian,3,1,Asmodeo Perdido,0,0,Verirrter Asmodian,1,1,Asmodien Égaré,1,1,,0,0,pt,es|pt,missing_name|missing_printing
dadb7c28-d4fe-536a-ad44-75dba467cf3a,0,,22972,,0,Astrazma Urania,3,2,Astrazma Urania,3,2,Astrazma Urania,3,2,Astrazma Urania,3,2,Urânia Astrazma,3,2,,,missing_passcode|missing_art
e6127295-5ac5-43c9-90d3-653bcf9bc8bd,0,monster,,,1,Astrolasma Urania,0,0,,0,0,,0,0,,0,0,,0,0,es|de|fr|pt,en|es|de|fr|pt,missing_passcode|missing_name|missing_printing
0590d871-f090-49cf-ad32-0de033ee09f8,0,spell,7314,27178262,1,Cunning of the Six Samurai,10,4,Astucia de los Seis Samuráis,4,3,Gerissenheit der Sechs Samurai,5,4,Ruse des Six Samouraïs,4,3,,0,0,pt,pt,missing_name|missing_printing
0565c946-32bd-492c-b458-f75f421300f1,0,trap,6859,36935434,1,Byroad Sacrifice,3,1,Atajo al Sacrificio,0,0,Nebenstraßenopferung,1,1,Sacrifice de Byroad,1,1,,0,0,pt,es|pt,missing_name|missing_printing
3131710f-da18-500a-af5c-79006798ba88,0,,23015,,0,Sacred Beasts Combined Assault,1,1,Ataque Combinado de Bestias Sagradas,1,1,Gemeinsamer Angriff der heiligen Ungeheuer,1,1,Attaque Combinée des Bêtes Sacrées,1,1,Ataque Combinado das Bestas Sagradas,1,1,,,missing_passcode|missing_art
81461870-54e0-4fc7-9877-eaf3726e6ed2,0,spell,5279,32437102,1,Dragonic Attack,4,3,Ataque Dracónico | Dragonic Attack,0,0,Drachenangriff,1,1,L'Attaque du Dragon,1,1,,0,0,pt,es|pt,missing_name|missing_printing
58ab6395-2292-492e-b074-4b3cc3cdae42,0,trap,8227,84389640,1,Attack of the Cornered Rat,3,1,Ataque de la Rata Acorralada,1,1,Angriff der in die Enge getriebenen Ratte,1,1,Attaque des Rats Morts-Vivants,1,1,,0,0,pt,pt,missing_name|missing_printing
b613141d-6436-4f8a-ac7c-1ab93d24d33c,0,trap,9458,23212990,1,Six Strike - Thunder Blast,4,2,Ataque de los Seis - Explosión de Trueno | Ataque de los Seis - Explosión del Trueno,2,2,Sechserangriff - Donnerschlag,2,2,Rafale Six - Explosion de Tonnerre,2,2,,0,0,pt,pt,missing_name|missing_printing
da5e1f04-ab32-49ae-b65e-44156c78559e,0,spell,9340,81426505,1,Six Strike - Triple Impact,2,1,Ataque de los Seis - Impacto Triple,1,1,Sechserangriff - Dreifachschlag,1,1,Rafale Six - Triple Attaque,1,1,,0,0,pt,pt,missing_name|missing_printing
38080e69-62e9-40cc-9dd8-a9c8f9c3a22e,0,trap,5444,01804528,1,Dark Coffin,4,3,Ataúd Oscuro,1,1,Dunkler Sarg,2,2,Cercueil des Ténèbres,2,2,,0,0,pt,pt,missing_name|missing_printing
d3f25c9d-ab4d-4267-91d3-8701a29aaadf,0,skill,-70,,1,Magnetic Attraction,1,1,Atracción Magnética,1,1,Magnetische Anziehung,1,1,Attraction Magnétique,1,1,,0,0,pt,pt,missing_passcode|missing_name|missing_printing
ca3e02f2-6da8-4c93-9e24-a625695866bc,0,trap,6922,26509612,1,Terra Firma Gravity,3,2,Atracción de Terra Firma,0,0,Terra Firma Gravitation,1,1,Gravitation de Terre Ferme,0,0,Gravidade Terra Firma,0,0,,es|fr|pt,missing_printing
7ad8b678-83fa-439d-addf-75a556d87223,0,trap,5487,03103067,1,Attack Guidance Armor,1,0,Attack Guidance Armor,0,0,Attack Guidance Armor,0,0,Attack Guidance Armor,0,0,,0,0,pt,es|de|fr|pt,missing_name|missing_printing
8138bd13-a4d4-45f7-bbea-9db854445992,0,trap,8996,97922283,1,Howl of the Wild,4,2,Aullido del Viento,2,2,Heulen der Wildnis,2,2,Hurlement Sauvage,3,2,,0,0,pt,pt,missing_name|missing_printing
771be105-c437-4fdb-ae36-395525489ca3,0,monster,7699,60187739,1,Turbo Booster,5,2,Aumento Turbo,2,2,Turbobooster,2,2,Fusée Turbo,2,2,,0,0,pt,pt,missing_name|missing_printing
4b0427d9-241f-4cd2-901a-64360aae66ec,0,spell,7691,98143165,1,Synchro Boost,5,3,Aumento de la Sincronía,3,3,Synchro-Stärkung,3,3,Turbo Synchro,4,3,,0,0,pt,pt,missing_name|missing_printing
5cc3f29c-8e8d-4d8d-b66a-966ecf23aae6,0,monster,6699,29139104,1,Avalanching Aussa,4,2,Aussa Avalanchadora,1,1,Vorstürmende Aussa,1,1,"Aussa, la Déclencheuse d'Avalanches",1,1,,0,0,pt,pt,missing_name|missing_printing
14c0cacc-89c5-4e4d-8cfe-ea4dab5a2712,0,spell,9533,15103313,1,Self-Mummification,3,1,Automomificación,1,1,Selbstmumifizierung,1,1,Auto-Momification,1,1,,0,0,pt,pt,missing_name|missing_printing
46e79726-4251-4f5d-a6d3-76b7599db994,0,monster,4528,35712107,1,Monstrous Bird,0,0,Ave Monstruosa,0,0,Riesenvogel,0,0,Oiseau colossal,0,0,,0,0,pt,en|es|de|fr|pt,missing_name|missing_printing
30984e31-20ba-4f90-ac6a-40645cb92618,0,spell,8339,24019261,1,Emergency Assistance,3,1,Ayuda de Emergencia,1,1,Hilfe in der Not,1,1,Secours d'Urgence,1,1,,0,0,pt,pt,missing_name|missing_printing
4659025d-0a47-46bc-ab3c-027a0b41dae4,0,monster,21172,17749468,1,Azamina | Azamina (card),2,1,Azamina,2,1,Azamina,2,1,Azamina,2,1,Azamina,2,1,,,shared_passcode
f1875505-14e6-4846-b305-5888f9c3f1fc,0,monster,,17749468,1,Azamina,0,0,,0,0,,0,0,,0,0,,0,0,es|de|fr|pt,en|es|de|fr|pt,missing_name|missing_printing|shared_passcode
b1791ff3-d95b-4131-8c0e-6f5c618ee99b,0,monster,6593,88190453,1,Chain Thrasher,4,2,Azotador de Cadena,1,1,Kettendrescher,1,1,Lanceur de Chaînes,2,1,Debulhador de Correntes,0,0,,pt,missing_printing
3872b2e0-e3f8-4986-99f7-c31fe2ac4807,0,monster,4577,89832901,1,B. Dragon Jungle King,0,0,B. Dragon Jungle King,0,0,B. Dragon Jungle King,0,0,B. Dragon Jungle King,0,0,,0,0,pt,en|es|de|fr|pt,missing_name|missing_printing
349b8352-f975-4add-b12c-e9df12cd8a36,0,monster,8597,65303664,1,"Yellow Baboon, Archer of the Forest",5,1,"Babuino Amarillo, Arquero del Bosque",2,1,"Gelber Pavian, Bogenschütze des Waldes",2,1,"Babouin Jaune, Archer de la Forêt",2,1,,0,0,pt,pt,missing_name|missing_printing
0ec2a000-44ed-4bb7-b0ef-8b480d982cb9,0,monster,6380,46668237,1,"Green Baboon, Defender of the Forest",12,7,Babuino Verde Defensor de la Selva,5,4,"Grüner Pavian, Verteidiger des Waldes",5,4,"Babouin Vert, le Protecteur de la Forêt",5,4,,0,0,pt,pt,missing_name|missing_printing
0ce16f34-8a66-45ce-aa80-4e9aba787b08,0,skill,,,1,Under Pressure,1,1,Bajo Presión,1,1,Unter Druck,1,1,Sous Pression,1,1,,1,1,pt,,missing_passcode|missing_name
d22a40f2-fa0e-4e87-a9c0-3e825940b319,0,spell,15874,22007085,1,Starry Knight Balefire,0,0,Balafuego Cabalnoche de Estrellas,0,0,Signalfeuer der Sternenritter,0,0,Bûcher du Chevalier Étoilé,0,0,Fogueira de Cavalestrela,0,0,,en|es|de|fr|pt,missing_printing
0353102c-12eb-56ff-9b7f-11e0c86fcbd9,0,,22926,,0,VIP Whale,1,1,Ballena VIP,1,1,VIP-Wal,1,1,Baleine VIP,1,1,Baleia VIP,1,1,,,missing_passcode|missing_art
9c45d063-879d-4953-8b2e-5e56e015f232,0,spell,10084,87047074,1,Inzektor Crossbow - Zektarrow,3,1,Ballesta Inzektor | Ballesta Inzektor-Zektarrow,1,1,Insektorarmbrust - Sektopfeil,1,1,Arbalète Inzektor - Zektarrow,1,1,,0,0,pt,pt,missing_name|missing_printing
c82df736-1c29-4929-9f11-4a97c09d517e,0,skill,-10,,1,Bandit,2,2,Bandido,2,2,Bandit,2,2,Bandit,2,2,Bandido,2,2,,,missing_passcode
e3641252-a212-5dac-810e-ad28d544dd6d,0,,22959,,0,Whisker Blitzclique,2,1,Barba Blitzclique,2,1,Whisker Blitzclique,2,1,Whisker Blitzclique,2,1,Whisker Blitzclique,2,1,,,missing_passcode|missing_art
d3106856-90ed-48db-83dd-108457c46c24,0,monster,9652,33347467,1,Ghost Ship,3,1,Barco Fantasma,1,1,Geisterschiff,1,1,Bateau Fantôme,1,1,,0,0,pt,pt,missing_name|missing_printing
1afa01f5-73f7-4b69-9587-954868667ae1,0,trap,8499,21879581,1,Synchro Barrier,5,2,Barrera Sincro,2,2,Synchrobarriere,3,2,Barrière Synchro,2,2,,0,0,pt,pt,missing_name|missing_printing
a64b9a7f-ae13-4fbe-a346-43875da123fd,0,trap,6629,95915457,2,Mirror Barrier,0,0,Barrera de Espejo,0,0,Spiegelbarriere,0,0,Barrière Miroir,0,0,Barreira de Espelho,0,0,,en|es|de|fr|pt,missing_printing
9c35dc03-c0b2-46bf-bfdc-6d15ea22b431,0,trap,6495,44676200,1,Hero Barrier,10,4,Barrera de Héroes,3,2,Heldenbarriere,5,3,Barrière Héroïque,3,2,,0,0,pt,pt,missing_name|missing_printing
b1a30f3f-0889-46b7-93d3-52990c05ca94,0,trap,8583,05609226,1,Tuner's Barrier,3,1,Barrera del Cantante,1,1,Empfängerbarriere,1,1,Barrière Syntonisatrice,1,1,,0,0,pt,pt,missing_name|missing_printing
d7d3f06c-0652-4c1d-ad34-711b400f7e6f,0,monster,8313,31692182,1,Koa'ki Meiru Hydro Barrier,3,1,Barrerra Acuática Koa'ki Meiru,1,1,Wasserbarriere von Koa'ki Meiru,1,1,Lancier Vortex Koa'ki Meiru,1,1,,0,0,pt,pt,missing_name|missing_printing
1fa75588-3dd6-4f1f-b833-19882144257a,0,monster,9285,92300891,1,"Karakuri Barrel mdl 96 ""Shinkuro""",1,1,"Barril Karakuri mod 96 ""Shinkuro"" | Barril Karakuri mod 96 - ""Shinkuro""",1,1,Karakuri-Fass Nr. 96 „Shinkuro“,1,1,"Karakuri 96 ""Shinkuro"" le Baril",1,1,,0,0,pt,pt,missing_name|missing_printing
10c1d923-6c0e-52f3-bd2b-aadf4f6067f6,0,,23306,,0,Angelechy Bastion,1,1,Bastión Angelequia,1,1,Engelechy Bastion,1,1,Bastion Angetélité,1,1,Bastião de Anjoléquia,1,1,,,missing_passcode|missing_art
2c442295-dfef-4659-b71c-789325372646,0,monster,4417,72076281,1,Bat,0,0,Bat,0,0,Bat | Mechanische Fledermaus,0,0,Bat | Chauve-Souris,0,0,Morcego,0,0,,en|es|de|fr|pt,missing_printing
c0cb5013-56c4-4f3a-8eab-77cafcb667ed,0,trap,8365,60530944,1,Battle of the Elements,3,1,Batalla de los Elementos,1,1,Kampf der Elemente,1,1,Conflit des Éléments.,1,1,,0,0,pt,pt,missing_name|missing_printing
4204ff71-bca0-4c9d-a8d0-0dfcf2ac7000,0,trap,7918,31245780,1,Battle Mania,4,2,Batallamanía,2,2,Kampfversessenheit,2,2,Féru de Bataille,2,2,,0,0,pt,pt,missing_name|missing_printing
51fde79e-6163-4588-9568-ed6d65911f04,0,token,,44586427,1,Batteryman Token,0,0,Batteryman Token,0,0,Batteryman Token,0,0,Batteryman Token,0,0,,0,0,pt,en|es|de|fr|pt,missing_name|missing_printing
3db4894a-603a-4f09-a652-836ff6e63d53,0,skill,,,1,Battle City Bestie,1,1,,0,0,,0,0,,0,0,,0,0,es|de|fr|pt,es|de|fr|pt,missing_passcode|missing_name|missing_printing
3bb359f8-cbd1-4dbe-b5b4-c2657dd69ad6,0,skill,,,1,Battle City Siren,1,1,,0,0,Sirene aus Battle City,1,1,Sirène de Bataille-Ville,1,1,,0,0,es|pt,es|pt,missing_passcode|missing_name|missing_printing
13e40866-7e18-44b5-a093-bddef6171c9d,0,skill,,,1,Battle City Slugger,1,1,,0,0,,0,0,,0,0,,0,0,es|de|fr|pt,es|de|fr|pt,missing_passcode|missing_name|missing_printing
28510a3b-8c1c-432c-9b2e-58df10b69c84,0,token,,10389143,1,Battle Eagle Token,0,0,Battle Eagle Token,0,0,Battle Eagle Token,0,0,Battle Eagle Token,0,0,,0,0,pt,en|es|de|fr|pt,missing_name|missing_printing
fcfa6b1c-b28f-4adc-bc19-09083b6a27cf,0,spell,8212,98380593,1,Supremacy Berry,3,1,Baya de la Supremacía,1,1,Zweig der Überlegenheit,1,1,Fruit Suprême,2,1,,0,0,pt,pt,missing_name|missing_printing
59475b5f-294a-5235-a4f1-3816cf69a737,0,,22980,,0,Invoked Baybarron,1,1,Baybarron Invokada,1,1,Beschworene Baybaron,1,1,Baybarron l'Invokhée,1,1,"Baybarron, a Invokada",1,1,,,missing_passcode|missing_art
c249a482-e45a-4752-ab1b-2068dd828869,0,monster,4596,06103114,1,Beaked Snake,0,0,Beaked Snake,0,0,Beaked Snake,0,0,Beaked Snake,0,0,,0,0,pt,en|es|de|fr|pt,missing_name|missing_printing
308a452c-34cf-4a46-9bcf-0fdf0cbc9702,0,monster,4440,29616941,1,Beautiful Beast Trainer,0,0,Beautiful Beast Trainer,0,0,Beautiful Beast Trainer | Schöne Tiertrainerin,0,0,Beautiful Beast Trainer | Belle Dresseuse de Démons,0,0,,0,0,pt,en|es|de|fr|pt,missing_name|missing_printing
9f44c4b5-e426-4a1f-b92f-9f97f1d55fb2,0,monster,9724,21051977,1,Acorno,3,1,Belloto,1,1,Eichelo,1,1,Acorno,1,1,,0,0,pt,pt,missing_name|missing_printing
b1ed4a40-068a-42c7-8954-de7f913ab006,0,trap,9186,82422049,1,Blessings for Gusto,5,2,Bendiciones para Gusto,1,1,Segen für Gusto,1,1,Prière Gusto,1,1,,0,0,pt,pt,missing_name|missing_printing
77a98915-5dd0-4d03-a7a4-8d12694b2672,0,monster,9440,37349495,1,Naturia Eggplant,3,1,Berenjena Naturia,1,1,Naturia-Aubergine,1,1,Aubergine Naturia,1,1,,0,0,pt,pt,missing_name|missing_printing
25f6b84a-a08e-49f3-b06e-5f1c4e4467e8,0,monster,9085,43014054,1,Vice Berserker,2,1,Berserker del Vicio,1,1,Lasterhafter Berserker,1,1,Berserker Démoniaque,1,1,,0,0,pt,pt,missing_name|missing_printing
5c8fc1b9-8be9-494c-ba5d-3b37233a3da1,0,monster,5066,67371383,1,Amphibian Beast,5,4,Bestia Amfibia,1,1,Amphibische Bestie,2,2,Bête Amphibie,1,1,,0,0,pt,pt,missing_name|missing_printing
6912ff73-aad9-4045-9b04-d42a33fab38d,0,monster,5923,82035781,1,Twinheaded Beast,2,1,Bestia Cabezasgemelas,1,1,Zweiköpfiges Ungeheuer,1,1,Bête à Deux Têtes,1,1,,0,0,pt,pt,missing_name|missing_printing
301f4a7d-8ced-4059-8ac7-116b8ddd814f,0,monster,5097,48948935,1,Masked Beast Des Gardius,5,2,Bestia Enmascarada Des Gardius,3,2,Maskierte Bestie Des Guardius,3,2,Des Gardius la Bête Masquée,3,2,,0,0,pt,pt,missing_name|missing_printing
9e39d877-19c1-4539-9d35-59f3865296f3,0,monster,6954,71181155,1,Phantom Beast Cross-Wing,4,3,Bestia Fantasma Cross-Wing,3,3,Phantomungeheuer Kreuzflügel,3,3,Bête Fantôme Ailes-Croisées,3,3,,0,0,pt,pt,missing_name|missing_printing
57945f44-1fc1-4342-8f12-8138d73f9e5f,0,monster,6957,70969517,1,Phantom Beast Rock-Lizard,3,2,Bestia Fantasma Rock-Lizard,2,2,Phantomungeheuer Felseidechse,2,2,Bête Fantôme Lézard-Rocher,2,2,,0,0,pt,pt,missing_name|missing_printing
68de738e-1833-43c1-8661-2d466aa3a0e3,0,monster,6956,34961968,1,Phantom Beast Thunder-Pegasus,4,3,Bestia Fantasma Thunder-Pegasus,3,3,Phantomungeheuer Donnerpegasus,3,3,Bête Fantôme Pégase-Tonnerre,3,3,,0,0,pt,pt,missing_name|missing_printing
7b7485f4-c67b-456d-a899-19020cec4a12,0,monster,6955,07576264,1,Phantom Beast Wild-Horn,4,3,Bestia Fantasma Wild-Horn,3,3,Phantomungeheuer Wildhorn,3,3,Bête Fantôme Corne-Sauvage,3,3,,0,0,pt,pt,missing_name|missing_printing
21c647b0-c016-4011-9e0b-329c6a0f2fae,0,monster,7302,90957527,1,Gladiator Beast Gaiodiaz,3,1,Bestia Gladiador Gaiodiaz,1,1,Gladiatorungeheuer Gaiodiaz,1,1,"Gaiodiaz, Bête Gladiateur",1,1,,0,0,pt,pt,missing_name|missing_printing
44d53229-d5b2-45ca-9aa0-77be42af358c,0,monster,7287,04253484,1,Gladiator Beast Hoplomus,5,2,Bestia Gladiador Hoplomus,1,1,Gladiatorungeheuer Hoplomus,2,2,"Hoplomaque, Bête Gladiateur",1,1,,0,0,pt,pt,missing_name|missing_printing
041a8dee-8c50-4e15-9880-3bc990faacf7,0,spell,8051,55136228,1,Indomitable Gladiator Beast,3,1,Bestia Gladiador Indomable,1,1,Unbezwingbares Gladiatorungeheuer,1,1,Courage des Bêtes Gladiateurs,1,1,,0,0,pt,pt,missing_name|missing_printing
e50a4a6f-069a-4211-a44f-025073bc8565,0,monster,9436,02067935,1,Gladiator Beast Lanista,5,2,Bestia Gladiador Lanista,1,1,Gladiatorungeheuer Lanista,2,2,"Lanista, Bête Gladiateur",1,1,,0,0,pt,pt,missing_name|missing_printing
24288681-382f-4486-8664-9a97a6b34e95,0,monster,7480,29590752,1,Gladiator Beast Octavius,7,3,Bestia Gladiador Octavius,3,2,Gladiatorungeheuer Oktavius,4,3,"Octavius, Bête Gladiateur",3,2,,0,0,pt,pt,missing_name|missing_printing
075a9334-8d36-4767-83e6-3c7ad6ee6966,0,monster,7283,79580323,1,Gladiator Beast Spartacus,3,1,Bestia Gladiador Spartacus,1,1,Gladiatorungeheuer Spartakus,1,1,"Spartacus, Bête Gladiateur",1,1,,0,0,pt,pt,missing_name|missing_printing
b6243775-8608-42e5-a449-305e9e43cae6,0,monster,9505,50893987,1,Gladiator Beast Tygerius,2,1,Bestia Gladiador Tygerius | Bestia Gladiadora Tygerius,1,1,Gladiatorungeheuer Tygerius,1,1,"Tygerius, Bête Gladiateur",1,1,,0,0,pt,pt,missing_name|missing_printing
cf8fa842-cd60-457d-968e-a60f338e4a94,0,monster,7481,65984457,1,Gladiator Beast Torax,5,1,Bestia Gladiador Tórax,2,1,Gladiatorungeheuer Torax,2,1,"Thraces, Bête Gladiateur",2,1,,0,0,pt,pt,missing_name|missing_printing
8d4a89c1-6af0-495e-8b16-447cb2b4963d,0,monster,7301,64463828,1,Superalloy Beast Raptinus,3,1,Bestia de Súper-Aleación Raptinus,1,1,Superlegierungsungeheuer Raptinus,1,1,Raptinus la Bête Adamantium,1,1,,0,0,pt,pt,missing_name|missing_printing
832f4632-dd63-51f1-a148-411531f679ee,0,,22996,,0,Sacred Beasts Released,1,1,Bestias Sagradas Liberadas,1,1,Befreiung der heiligen Ungeheuer,1,1,Libération des Bêtes Sacrées,1,1,Bestas Sagradas Liberadas,1,1,,,missing_passcode|missing_art
a8b9e4ba-a0e5-451e-a05d-29d5e5c1e9b6,0,skill,-12,,1,Beasts of Phantom,1,1,Bestias del Fantasma,1,1,Ungeheuer des Phantoms,1,1,Bêtes du Fantôme,1,1,,0,0,pt,pt,missing_passcode|missing_name|missing_printing
8f4f6ed0-8a1a-4871-a5da-2929e0faa125,0,monster,8621,44341034,1,Dark Bug,3,1,Bicho Oscuro,1,1,Finsterer Käfer,1,1,Insecte des Ténèbres,2,1,,0,0,pt,pt,missing_name|missing_printing
d0f4dcf9-3584-48c2-98d2-fcf329ef2aa2,0,monster,8613,83392426,1,Bicular,3,1,Biciclo,2,1,Motor-Zweirad,1,1,Bicular,1,1,,0,0,pt,pt,missing_name|missing_printing
4ee43a4f-5ac3-48d4-8696-6d9668153b0d,0,monster,8944,58685438,1,Bicorn Re'em,3,1,Bicornio Re'em,1,1,Zweihorn Re'em,1,1,Re'em Bicorne,2,1,,0,0,pt,pt,missing_name|missing_printing
0c1b4bc4-c97b-488c-be29-968a59b94f95,0,monster,8972,13995824,1,Voltic Bicorn,5,1,Bicornio de Voltaje,2,1,Geladenes Zweihorn,2,1,Bicorne Vortex,2,1,,0,0,pt,pt,missing_name|missing_printing
acd5effb-d876-4954-9f67-0835fa091bd0,0,monster,20031,91337277,1,Big Inflate Dragon,0,0,Big Inflate Dragon,0,0,Big Inflate Dragon,0,0,Big Inflate Dragon,0,0,,0,0,pt,en|es|de|fr|pt,missing_name|missing_printing
a7d2d1f4-0490-42f4-a603-58a164c5ad3a,0,monster,4590,08058240,1,Binding Chain,0,0,Binding Chain,0,0,Binding Chain,0,0,Binding Chain,0,0,,0,0,pt,en|es|de|fr|pt,missing_name|missing_printing
ed777794-a73f-4342-ae83-413ac9bcbb2e,0,monster,4301,07670542,1,Bio Plant,0,0,Bio Plant,0,0,Bio Plant,0,0,Bio Plant,0,0,,0,0,pt,en|es|de|fr|pt,missing_name|missing_printing
e9a0ac50-019f-4e14-a418-c608daaa11ff,0,monster,5206,58696829,1,Bio-Mage,4,3,Bio-Mage,0,0,Bio-Magier,1,1,Bio-Mage,1,1,Bio-Mago,0,0,,es|pt,missing_printing
75cbba97-61dc-4629-b08d-db1e085cf2c5,0,monster,8797,74130411,1,Biofalcon,3,1,Biohalcón,1,1,Biofalke,1,1,Faucon Bionique,1,1,,0,0,pt,pt,missing_name|missing_printing
bc661f15-ef96-491c-b91f-313f04f8045b,0,monster,,,3,Black Chaos the Dark Chaos Magician,0,0,,0,0,,0,0,,0,0,,0,0,es|de|fr|pt,en|es|de|fr|pt,missing_passcode|missing_name|missing_printing
8f7239af-6179-42d0-ac6f-7c9c402e0324,0,monster,,,2,Black Chaos the Ultimate Magical Swordsman,0,0,,0,0,,0,0,,0,0,,0,0,es|de|fr|pt,en|es|de|fr|pt,missing_passcode|missing_name|missing_printing
c39f0c99-707c-42cd-ace9-116aae84fd02,0,monster,,,3,Black Luster Soldier - Soldier of Light and Darkness,0,0,,0,0,,0,0,,0,0,,0,0,es|de|fr|pt,en|es|de|fr|pt,missing_passcode|missing_name|missing_printing
1485edf1-6fe9-46ee-82c4-91ac36063482,0,monster,22921,46985799,2,Black Rose Dragon/Assault Mode,0,0,,0,0,,0,0,,0,0,,0,0,es|de|fr|pt,en|es|de|fr|pt,missing_name|missing_printing
0029320a-3552-4630-a045-3c71b7837a6f,0,token,,09925983,1,Blackwing - Black Crest Token,0,0,Blackwing - Black Crest Token,0,0,Blackwing - Black Crest Token,0,0,Blackwing - Black Crest Token,0,0,,0,0,pt,en|es|de|fr|pt,missing_name|missing_printing
e5cd5437-a58b-416a-bdea-eddfe8b62de6,0,trap,,,1,Blitzclique - Alternator,0,0,,0,0,,0,0,,0,0,,0,0,es|de|fr|pt,en|es|de|fr|pt,missing_passcode|missing_name|missing_printing
75a2f774-2583-40fa-ae76-118d8d789b06,0,spell,,,1,Blitzclique - Breakaway,0,0,,0,0,,0,0,,0,0,,0,0,es|de|fr|pt,en|es|de|fr|pt,missing_passcode|missing_name|missing_printing
deb82c46-12c9-5f82-a654-e431f1a7de13,0,,23000,,0,Blitzclique - Breakaway,1,1,Blitzclique - Fragmentación,1,1,Blitzclique - Zerschmettern,1,1,Blitzclique - Rupture,1,1,Blitzclique - Destruição,1,1,,,missing_passcode|missing_art
c0c46750-c5af-5a1d-8151-4753f96b85a0,0,,23001,,0,Blitzclique - Steppleader,1,1,Blitzclique - Líder Escalonado,1,1,Blitzclique - Leitblitz,1,1,Blitzclique - Précurseur,1,1,Blitzclique - Líder Escalonado,1,1,,,missing_passcode|missing_art
49765ca4-906a-4745-ba21-92dedcedc708,0,trap,,,1,Blitzclique - Return Stroke,0,0,,0,0,,0,0,,0,0,,0,0,es|de|fr|pt,en|es|de|fr|pt,missing_passcode|missing_name|missing_printing
c6f62201-8297-4c31-9368-1ecd40e0cbb5,0,spell,,,1,Blitzclique - Stepped Leader,0,0,,0,0,,0,0,,0,0,,0,0,es|de|fr|pt,en|es|de|fr|pt,missing_passcode|missing_name|missing_printing
cab9c004-ccb9-4371-b8d6-30cebfe03c61,0,token,,48115278,1,Block Token,0,0,Block Token,0,0,Block Token,0,0,Block Token,0,0,,0,0,pt,en|es|de|fr|pt,missing_name|missing_printing
0fd5bc71-52dd-42d8-a515-2e927aed6903,0,monster,9220,30757396,1,Blood Mefist,3,1,Blood Mefist,0,0,Blood Mefist,0,0,Blood Mefist,0,0,,0,0,pt,es|de|fr|pt,missing_name|missing_printing
5800cfc8-a43b-4479-a281-e5b300031b0d,0,trap,8229,47778083,1,Bone Temple Block,2,1,Bloque del Templo de Huesos,1,1,Knochentempelblock,1,1,Calices du Temple d'Os,1,1,,0,0,pt,pt,missing_name|missing_printing
76780bd3-03ad-49d8-961f-7d31d3dd2ba5,0,monster,9283,29417188,1,Psi-Blocker,6,2,Bloqueador Psi,3,2,Psi-Blocker,3,2,Inhibiteur Psi,3,2,,0,0,pt,pt,missing_name|missing_printing
592759f1-d3c8-44b3-962a-f7d3d9bae0d1,0,trap,7759,60930169,1,Broken Blocker,3,1,Bloqueador Roto,1,1,Gespaltener Verteidiger,1,1,Bloqueur Démantibulé,2,1,,0,0,pt,pt,missing_name|missing_printing
f8071d5a-bfeb-4877-b31b-34150d633a8c,0,monster,7866,32907538,1,Grapple Blocker,3,1,Bloqueador de Ataque | Bloqueador del Forcejeo,1,1,Tentakelverteidiger,1,1,Octo Paralyseur,1,1,,0,0,pt,pt,missing_name|missing_printing
7fa35ded-bd66-44ab-ab7f-42f7650dd8c5,0,monster,7345,42256406,1,Card Blocker,7,3,Bloqueador de Cartas,2,2,Kartenblocker,3,3,Bloqueur de Cartes,2,2,,0,0,pt,pt,missing_name|missing_printing
a73489c7-a79d-4833-806e-cbd18452e9ec,0,trap,7645,98956134,1,Destruction Jammer,3,1,Bloqueador de la Destrucción,1,1,Zerstörungsstörung,2,1,Brouilleur de Destruction,1,1,,0,0,pt,pt,missing_name|missing_printing
6e60c29f-ca95-4555-bd0b-f20c3294ea17,0,monster,,,2,Blue-Eyes Toon Ultimate Dragon,0,0,,0,0,,0,0,,0,0,,0,0,es|de|fr|pt,en|es|de|fr|pt,missing_passcode|missing_name|missing_printing
d66bf105-c072-429e-b880-f1ce416c84a3,0,monster,22716,30397786,3,"Blue-Eyes White Dragon, the White Phantom Beast",0,0,,0,0,,0,0,,0,0,,0,0,es|de|fr|pt,en|es|de|fr|pt,missing_name|missing_printing
08c40d5c-f934-4170-93da-8a61b7b26a67,0,monster,7181,09284723,1,Venom Boa,3,1,Boa Venenosa,1,1,Giftboa,1,1,Boa Venin,1,1,,0,0,pt,pt,missing_name|missing_printing
09eb3599-ba6e-4a50-8f64-f34b5aed93ba,0,monster,7888,53152590,1,Iron Chain Coil,3,1,Bobina de Cadena de Hierro,1,1,Eisenketten-Spule,1,1,Bobine Chaîne de Fer,1,1,,0,0,pt,pt,missing_name|missing_printing
e36a4b4e-50ad-41bb-b1fa-275d1295359e,0,monster,4496,94230224,1,Needle Ball,3,1,Bola de Agujas,1,1,Nadelball,1,1,Balle d'Aiguilles,1,1,,0,0,pt,pt,missing_name|missing_printing
09fd8753-1f47-4abc-9808-24a92efa6e10,0,monster,9732,92595545,1,Plasma Ball,3,1,Bola de Plasma,1,1,Plasmakugel,1,1,Balle Plasma,1,1,,0,0,pt,pt,missing_name|missing_printing
ed2e7ca8-e444-4fa1-81f4-859fde684b6f,0,trap,6810,96875080,1,Orbital Bombardment,3,1,Bombardeo Orbital,1,1,Orbitalbeschuss,1,1,Bombardement Orbital,1,1,,0,0,pt,pt,missing_name|missing_printing
732a8c7f-1724-4ec0-be97-d8879f631181,0,spell,8820,67779172,1,Black-Winged Strafe,4,2,Bombardeo de Alas Negras,2,2,Schwarz geflügelte Sturzkampfbombe,2,2,Mitrailleuse Ailes Sombres,2,2,,0,0,pt,pt,missing_name|missing_printing
2249ff9c-726b-4aac-a9ac-3f3d69975bd7,0,monster,4554,21239280,1,Bone Mouse,0,0,Bone Mouse,0,0,Bone Mouse,0,0,Bone Mouse,0,0,,0,0,pt,en|es|de|fr|pt,missing_name|missing_printing
269b6cb3-9337-4c29-9682-2ca5cc78500f,0,monster,5046,98456117,1,Boneheimer,4,3,Boneheimer,0,0,Knochenheimer,1,1,Boneheimer,1,1,,0,0,pt,es|pt,missing_name|missing_printing
7df6f55e-6663-4b28-af95-17e1cd567e84,0,monster,4492,68963107,1,Boo Koo,0,0,Boo Koo,0,0,Boo Koo,0,0,Boo Koo | Lii Vrii,0,0,Boo Koo,0,0,,en|es|de|fr|pt,missing_printing
db5cc4ed-366c-49e8-bd46-0cc49ea3cde9,0,monster,7877,92720564,1,Morphtronic Boomboxen,4,2,Boomboxen Morfotrónico,1,1,Morphtronische Boomboxen,2,2,Transiston Morphtronique,1,1,,0,0,pt,pt,missing_name|missing_printing
52397a3b-2469-4709-a9cb-8779fa3518c5,0,monster,22731,27096833,3,Borreload Liberator Dragon,0,0,,0,0,,0,0,,0,0,,0,0,es|de|fr|pt,en|es|de|fr|pt,missing_name|missing_printing
b8a51a41-cab4-483b-a6e4-05b54f1b392b,0,spell,8338,87624166,1,Ancient Forest,3,1,Bosque Antiguo,1,1,Antiker Wald,1,1,Forêt Ancienne,1,1,,0,0,pt,pt,missing_name|missing_printing
472c2e4d-bc2d-44f2-b685-a28aada205bc,0,monster,4524,09540040,1,Boulder Tortoise,0,0,Boulder Tortoise,0,0,Boulder Tortoise,0,0,Boulder Tortoise,0,0,,0,0,pt,en|es|de|fr|pt,missing_name|missing_printing
c3ba23b5-a5d2-41b4-8b79-cff53729b420,0,monster,8468,72631243,1,Energy Bravery,3,1,Bravura Energética,1,1,Energiebeherrscher,1,1,Champion Énergétique,1,1,,0,0,pt,pt,missing_name|missing_printing
e6000376-cddd-43dd-b9a2-25cb2a48ee31,0,monster,8169,47985614,1,Gadget Arms,3,1,Brazo-Artilugio,1,1,Apparatearme,1,1,Poing Gadget,1,1,,0,0,pt,pt,missing_name|missing_printing
4cec811d-751c-46ec-8fce-1bea00e34ed3,0,monster,23128,,1,Breeze the Electrovore of Rkunas,0,0,,0,0,,0,0,,0,0,,0,0,es|de|fr|pt,en|es|de|fr|pt,missing_passcode|missing_name|missing_printing
53b0dd95-8d36-4217-b170-a0628e2c4ef9,0,spell,9346,89181369,1,Stardust Shimmer,3,1,Brillo del Polvo de Estrellas,1,1,Sternenstaubschimmer,1,1,Scintillement Poussière d'Étoile,1,1,,0,0,pt,pt,missing_name|missing_printing
052fb28e-776c-462b-b16f-11ea2cf7ed48,0,spell,8980,74439492,1,Scrap Sheen,3,1,Brillos de Chatarra,1,1,Schrottglanz,1,1,Reflet de Ferraille,2,1,,0,0,pt,pt,missing_name|missing_printing
ff346e0e-6ab2-4d2a-8999-c8646f676456,0,monster,7339,43191636,1,Phantom Dragonray Bronto,3,1,Bronto Dragon-Raya Fantasma,1,1,Bronto-Drachenrochen,1,1,Dragon des Profondeurs Brontomanta,1,1,,0,0,pt,pt,missing_name|missing_printing
73539e93-6811-4ecf-93a3-9de5d56dfce5,0,monster,8478,96029574,1,Black Brutdrago,3,1,Brutdraco Negro,1,1,Schwarzer Brutdrago,1,1,Dragobruto Sombre,1,1,Brutdrago Preto,0,0,,pt,missing_printing
cc161c49-52cf-446a-9281-51f3d133950b,0,trap,7138,68875140,1,Hard-sellin' Goblin,3,1,Buen Vendedor Goblin,1,1,Hart feilschender Goblin,1,1,Vendeur Gobelin Agressif,1,1,,0,0,pt,pt,missing_name|missing_printing
83350dda-0bd3-4825-8fe6-0ad09dd902ab,0,trap,7139,94374859,1,Hard-sellin' Zombie,3,1,Buen Vendedor Zombi,1,1,Hart feilschender Zombie,1,1,Vendeur Zombie Agressif,1,1,,0,0,pt,pt,missing_name|missing_printing
bfede478-4a54-4fdf-8cd5-b35fa2c81618,0,trap,5401,56995655,1,Ominous Fortunetelling,4,3,Buenaventura Ominosa,1,1,Unheil verkündende Weissagung,1,1,Sinistre Prédiction,1,1,,0,0,pt,pt,missing_name|missing_printing
1b16978e-8b77-4e97-945b-b41128230db6,0,spell,6576,29612557,1,Cyclone Boomerang,10,4,Bumerang Ciclón,3,2,Zyklonenbumerang,6,3,Boomerang Cyclonique,4,2,,0,0,pt,pt,missing_name|missing_printing
78247b85-7d92-41e1-8a97-afd50bccc30b,0,monster,9495,36565699,1,Mental Seeker,3,1,Buscador Mental,1,1,Mentaler Sucher,1,1,Chercheur Mental,1,1,,0,0,pt,pt,missing_name|missing_printing
cfec4454-76df-4c3c-a77d-02524669543d,0,monster,9102,92901944,1,Scrap Searcher,2,1,Buscador de Chatarra,1,1,Schrottsucher,1,1,Explorateur de Ferraille,1,1,,0,0,pt,pt,missing_name|missing_printing
a4cedc16-6c0a-48d5-8a7e-9c4c4a7da67e,0,monster,7204,57827484,1,Shadow Delver,3,1,Buscador de la Sombra,1,1,Schattengräber,1,1,Émissaire de l'Ombre,1,1,,0,0,pt,pt,missing_name|missing_printing
f85c6846-3263-4c2c-97ab-1ffaea7b88bf,0,skill,-22,,1,Digging for Gold,2,2,Buscando Oro,2,2,Nach Gold graben,2,2,À la Recherche d'Or,2,2,,1,1,pt,,missing_passcode|missing_name
add117f7-db98-464a-851c-3d942fed82be,0,monster,9100,39118197,1,"Karakuri Bushi mdl 6318 ""Muzanichiha""",2,1,"Bushi Karakuri mod 6318 - ""Muzanichiha""",1,1,Karakuri-Bushi Nr. 6318 „Muzanichiha“,1,1,"Karakuri 6318 ""Muzanichiha"" le Bushi",1,1,"Muzanichiha, Guerreiro Karakuri",0,0,,pt,missing_printing
26326513-ba3a-48e2-b26f-6cf6296a21b9,0,monster,9493,63676256,1,Buster Blaster,5,2,Buster Blaster,1,1,Knacksprenger,1,1,Buster Blaster,1,1,,0,0,pt,pt,missing_name|missing_printing
d8f30f60-c219-4c73-a495-fa2f05cb415c,0,monster,9578,83991690,1,Buten,3,1,Buten,1,1,Buten,1,1,Buten,1,1,,0,0,pt,pt,missing_name|missing_printing
4c4ba754-ad5c-4413-9fe5-f5900bca7c7f,0,monster,10155,48252330,1,Madolche Butlerusk,3,1,Butlerusk Magidulce,2,1,Magidolce Butlerback,1,1,Majordoscotte Magidolce,1,1,,0,0,pt,pt,missing_name|missing_printing
b9f842c2-8121-445a-86ab-622d7b161764,0,monster,7398,17559367,1,Deep Diver,7,3,Buzo de las Profundidades,4,3,Tieftaucher,4,3,Explorateur des Profondeurs,4,3,,0,0,pt,pt,missing_name|missing_printing
95093dee-fc65-4ad4-8532-9166cb91dce3,0,spell,9032,73787254,1,Saber Vault,3,1,Bóveda del Sable,1,1,Säbeltresor,1,1,Chambre Forte du Sabre,1,1,,0,0,pt,pt,missing_name|missing_printing
4e2b3031-9183-47f9-94af-828189a11310,0,monster,7038,51962254,1,Hunter Owl,4,2,Búho Cazador,2,2,Jägereule,2,2,Chouette Chasseresse,2,2,,0,0,pt,pt,missing_name|missing_printing
f70ac3f3-c49f-46c9-a7ab-aa99538f1ce9,0,monster,10026,59644958,1,Overlay Owl,3,1,Búho Revestido,2,1,Materialeule,1,1,Hibou Habillé,1,1,,0,0,pt,pt,missing_name|missing_printing
cdb85144-9360-4a20-9c6e-4e8732e558d1,0,monster,9168,91449144,1,"Caam, Serenity of Gusto",5,2,"Caam, Serenidad de Gusto",1,1,"Caam, Durchlaucht von Gusto",1,1,"Caam, Sérénité Gusto",1,1,,0,0,pt,pt,missing_name|missing_printing
09e78656-e688-4550-b283-ee16232549ab,0,monster,8746,11287364,1,Quick-Span Knight,2,1,Caballera Llave Inglesa Rápida,1,1,Schnellspann-Ritter,1,1,Chevalier de Vélocité,1,1,,0,0,pt,pt,missing_name|missing_printing
be23929b-e0e8-4cbe-8c3b-1c706eb91b12,0,monster,9569,86952477,1,Shine Knight,7,3,Caballero Brillante,4,3,Glänzender Ritter,4,3,Chevalier Brillant,4,3,,0,0,pt,pt,missing_name|missing_printing
f6542226-856d-4fa5-83ae-65f49df4e3a7,0,monster,5306,15653824,1,Skull Knight #2,3,3,Caballero Cráneo #2,1,1,Totenkopfritter #2,1,1,Crâne Chevalier N°2,1,1,,0,0,pt,pt,missing_name|missing_printing
cc6dd7e5-666f-4a34-b510-e199cf3336df,0,monster,15593,88234821,1,Dragunity Knight - Areadbhair,0,0,Caballero Dracounidad- Areadbhair,0,0,Dracheneinheit-Ritter - Areadbhair,0,0,Chevalier Dragunité - Areadbhair,0,0,Cavaleiro Dragunidade - Areadbhair,0,0,,en|es|de|fr|pt,missing_printing
3f08d620-dca3-4dce-a505-f88668975359,0,monster,6790,38109772,1,Dragonic Knight,5,2,Caballero Dracónico,2,1,Drachenritter,2,1,Dragon Chevalier,2,1,,0,0,pt,pt,missing_name|missing_printing
063a1fd6-1d38-4bcd-a0d5-ee4785939db7,0,monster,9710,71341529,1,Infernity Knight,3,1,Caballero Inférnico,1,1,Ewig infernaler Ritter,1,1,Chevalier Enfernité,1,1,,0,0,pt,pt,missing_name|missing_printing
65fbd51a-bb42-491a-aad9-72e5e2741ac6,0,skill,-66,,1,Knight of Legend,2,2,Caballero Legendario,1,1,Ritter der Legende,1,1,Chevalier de la Légende,1,1,Cavaleiro das Lendas,1,1,,,missing_passcode
81933b3b-9534-4ba7-8e37-f4c7a8933720,0,monster,5756,50725996,1,Dark Magician Knight,5,2,Caballero Mago Oscuro,1,1,Dunkler Magier-Ritter,1,1,Chevalier Magicien des Ténèbres,1,1,,0,0,pt,pt,missing_name|missing_printing
db535016-5e99-4ad5-a95a-a85a681dd02a,0,monster,6691,68280530,1,Royal Knight,4,2,Caballero Real,1,1,Königlicher Ritter,1,1,Chevalier Royal,1,1,,0,0,pt,pt,missing_name|missing_printing
f39f1847-66b1-426b-9b5b-32f46b0d78c3,0,monster,4485,33413638,1,Cockroach Knight,2,2,Caballero cucaracha,1,1,Kakerlakenritter,1,1,Chevalier-Cafard,1,1,,0,0,pt,pt,missing_name|missing_printing
302e86ba-c143-418f-b6ec-7ed98a39373f,0,monster,9741,80538728,1,Wind-Up Knight,3,1,Caballero de Cuerda,1,1,Aufzieh-Ritter,1,1,Chevalier Automate,1,1,,0,0,pt,pt,missing_name|missing_printing
bb3cc3d9-0f3c-43d3-90b6-50cc3a46b052,0,monster,8467,46237548,1,Knight of the Red Lotus,3,1,Caballero del Loto Rojo,1,1,Ritter des roten Lotus,1,1,Guerrier Démon du Lotus Écarlate,1,1,,0,0,pt,pt,missing_name|missing_printing
620624c0-890e-41fa-9b8d-9c23413fd7a9,0,monster,10164,35195612,1,Dust Knight,3,1,Caballero del Polvo,1,1,Staubritter,1,1,Chevalier de Poussière,1,1,,0,0,pt,pt,missing_name|missing_printing
08ce948f-1962-4077-a900-95b5b61b0af2,0,monster,7563,76925842,1,Darknight Parshath,7,2,Caballeroscuro Parsath,3,2,Finsterritter Parshath,3,2,Parshath le Chevalier des Ténèbres,3,2,,0,0,pt,pt,missing_name|missing_printing
b46830dd-126e-4138-8bcf-a275ef5a6862,0,trap,9010,56532632,1,Chivalry,5,1,Caballerosidad,2,1,Ritterlichkeit,2,1,Chevalerie,2,1,,0,0,pt,pt,missing_name|missing_printing
a5bfed48-4b33-43f5-ba7b-6fc8b407f8b2,0,trap,8073,76384284,1,Trojan Gladiator Beast,3,1,Caballo de Troya de Bestias Gladiador,1,1,Trojanisches Gladiatorungeheuer,1,1,Cheval de Troie des Bêtes Gladiateurs,1,1,,0,0,pt,pt,missing_name|missing_printing
4edf260a-6310-4fb8-8d4f-46ac53ec0e2e,0,monster,15872,59228631,1,Starry Knight Astel,0,0,Cabalnoche de Estrellas Astel,0,0,Sternenritter Astel,0,0,"Astel, Chevalier Étoilé",0,0,Cavalestrela Astel,0,0,,en|es|de|fr|pt,missing_printing
eaf97cb2-3459-46b1-9efe-00e0f44460c1,0,monster,15873,86613346,1,Starry Knight Flamel,0,0,Cabalnoche de Estrellas Flamel,0,0,Sternenritter Flamel,0,0,"Flamel, Chevalier Étoilé",0,0,Cavalestrela Flamel,0,0,,en|es|de|fr|pt,missing_printing
1d1f8ad6-f11e-416f-8c0f-2ecddea76254,0,monster,15871,23220533,1,Starry Knight Rayel,0,0,Cabalnoche de Estrellas Rayel,0,0,Sternenritterin Rayel,0,0,"Rayel, Chevalier Étoilé",0,0,Cavalestrela Rayel,0,0,,en|es|de|fr|pt,missing_printing
820b3280-0dce-46e2-9c33-e77c08c181a2,0,monster,10140,52158283,1,Chronomaly Colossal Head,3,1,Cabeza Colosal Cronómala,1,1,Chronomaler Kolosskopf,1,1,Tête Colossale Chronomal,1,1,,0,0,pt,pt,missing_name|missing_printing
a0da9905-6ce6-4de7-b38d-f6414c1725c7,0,spell,7910,79707116,1,Paralyzing Chain,3,1,Cadena Paralizante,1,1,Lähmende Kette,1,1,Chaîne de Paralysie,1,1,,0,0,pt,pt,missing_name|missing_printing
4b6a88a0-6d54-4104-a00c-1180901d6cce,0,spell,7909,33302407,1,Poison Chain,3,1,Cadena Venenosa,1,1,Giftkette,1,1,Chaîne de Poison,1,1,,0,0,pt,pt,missing_name|missing_printing
7b3c90ef-dd67-4bf6-8ffa-e01a68e28922,0,trap,7466,39980304,1,Chain Material,3,1,Cadena de Material,1,1,Kettenmaterial,1,1,Chaîne de Materia,1,1,,0,0,pt,pt,missing_name|missing_printing
f515e3c0-e663-4360-a7ee-b4306c0a592d,0,monster,4140,63515678,1,Mystical Capture Chain,0,0,Cadena de captación esotérica,0,0,Mystical Capture Chain | Mystische Fangkette,0,0,Chaîne de Capture Mystique | Mystical Capture Chain,0,0,,0,0,pt,en|es|de|fr|pt,missing_name|missing_printing
6178e021-77d6-5e4c-9a7c-be008e16846b,0,,22994,,0,Chaos Mystic Box,1,1,Caja Mística del Caos,1,1,Mystische Chaosbox,1,1,Boîte Mystique du Chaos,1,1,Caixa Mágica do Caos,1,1,,,missing_passcode|missing_art
4688a49e-bf6c-4987-9220-b9f41f39b9cc,0,spell,9124,59156966,1,Golden Gearbox,2,1,Caja de Cambios Dorada,1,1,Goldenes Getriebe,1,1,Appareil à Engrenages d'Or,1,1,,0,0,pt,pt,missing_name|missing_printing
c617ca45-85f9-5c17-94e5-1f67c97ad26a,0,,22955,,0,"Calamity of the Sacred Beasts - Hamon, Lord of Striking Thunder",2,1,"Calamidad de las Bestias Sagradas - Hamon, Señor del Trueno Golpeador",2,1,"Katastrophe der heiligen Ungeheuer - Hamon, Herr des tosenden Donners",2,1,"Calamité des Bêtes Sacrées - Hamon, Seigneur du Tonnerre Fracassant",2,1,"Calamidade das Bestas Sagradas - Hamon, o Senhor do Trovão Impactante",2,1,,,missing_passcode|missing_art
ba4f6b91-f983-4b8d-a40e-651d659784b7,0,monster,6802,25920413,1,Alien Skull,3,1,Calavera Alienígena,1,1,Außerirdischer Schädel,1,1,Crâne Alien,1,1,,0,0,pt,pt,missing_name|missing_printing
9e0c5364-373e-428d-b140-c86308de4145,0,monster,8270,26293219,1,Burning Skull Head,3,1,Calavera Ardiente,1,1,Brennender Totenkopf,1,1,Crâne Ardent,1,1,,0,0,pt,pt,missing_name|missing_printing
bf2d5e65-f9f6-4a94-9d92-cfcbbfe93775,0,spell,9930,78933589,1,Primordial Soup,3,1,Caldo Primordial,1,1,Ursuppe,1,1,Soupe Primitive,1,1,,0,0,pt,pt,missing_name|missing_printing
0c81f4ab-b6ff-4fbc-9c0f-824ab1cd4449,0,spell,7632,74741494,1,Level Tuning,3,1,Calibración del Nivel,1,1,Stufeneinstellung,1,1,Réglage de Niveau,1,1,,0,0,pt,pt,missing_name|missing_printing
db94db7e-3b66-4300-a9f7-30e675af9b8a,0,trap,4859,78637313,1,Call of Darkness,2,1,Call of Darkness | Llamada de Oscuridad,0,0,Ruf der Finsternis,1,1,Appel des Ténèbres,1,1,,0,0,pt,es|pt,missing_name|missing_printing
7933b989-a109-420d-8067-ae2887d8723b,0,spell,6524,90374791,1,Armed Changer,8,3,Cambiador Armado,3,2,Bewaffnete Arme,4,2,Changeur de Bras,3,2,,0,0,pt,pt,missing_name|missing_printing
ee3509fb-e03a-453d-9f4c-9e4f5d402cd2,0,monster,7900,45379225,1,Psychic Lifetrancer,3,1,Cambiavida Psíquico,1,1,Psi-Lebenstrancer,1,1,Vitalisatrice Psychique,1,1,,0,0,pt,pt,missing_name|missing_printing
d75e61ff-09d7-4a26-a0f0-dcdec2c0541b,0,trap,8994,34149830,1,Desperate Tag,5,2,Cambio Desesperado,2,2,Verzweifelte Auswechslung,3,2,Changement Désespéré,3,2,,0,0,pt,pt,missing_name|missing_printing
25c48527-ad1f-5b25-823d-7589aacd62e4,0,,23303,,0,Imposter Shift,1,1,Cambio Impostor,1,1,Hochstaplerverschiebung,1,1,Imposteur-Morphe,1,1,Troca do Impostor,1,1,,,missing_passcode|missing_art
f3c9b9a2-9398-4bd5-a892-82ca64aff975,0,trap,7005,74095602,1,Change of Hero - Reflector Ray,5,2,Cambio de Héroe - Rayo Reflector,1,1,Wandel des Helden - Reflektorstrahl,2,2,Changement de Héros - Rayon Réflecteur,1,1,,0,0,pt,pt,missing_name|missing_printing
b3b05551-b6ab-4ef3-a502-ea7e8d2036aa,0,spell,8147,36737092,1,Synchro Change,3,1,Cambio de Sincro,1,1,Synchroverwandlung,1,1,Permutation Synchro,1,1,,0,0,pt,pt,missing_name|missing_printing
8e9e8a7f-45d6-47e2-bd68-ff8ccda24bc6,0,skill,-16,,1,Switcheroo,1,1,Cambios,1,1,Vertauschen,1,1,Volte-Face,1,1,Virada Supresa,1,1,,,missing_passcode
313f78dc-b719-48bc-a7e7-5b5bc21284ce,0,monster,9504,23408872,1,Tradetoad,3,1,Cambiosapo,1,1,Tauschkröte,1,1,Crapaud Angémon,1,1,,0,0,pt,pt,missing_name|missing_printing
7c1ccf11-c359-428b-811c-66bb8f0f72a5,0,spell,9667,69042950,1,Crashbug Road,3,1,Camino Crashbug,1,1,Straße der Computerbugs,1,1,Route du Bogue,1,1,,0,0,pt,pt,missing_name|missing_printing
e86110a1-e1b5-409c-b2ea-a7868e5dcb68,0,spell,8210,25401880,1,Psychic Path,3,1,Camino Psíquico | Sendero Psíquico,1,1,Psipfad,1,1,Espace Psychique,1,1,,0,0,pt,pt,missing_name|missing_printing
3b5a1c77-2c50-4b2d-a05d-ca096893f2ce,0,trap,8067,77229910,1,Morphtronic Forcefield,3,1,Campo de Fuerza Morfotrónico,1,1,Morphtronisches Kraftfeld,1,1,Champ de Force Morphtronique,1,1,,0,0,pt,pt,missing_name|missing_printing
3e23780d-e131-4667-8e12-a3250331bcaf,0,trap,7646,34351849,1,Froggy Forcefield,3,1,Campo de Fuerza Ranil,1,1,Froschiges Kraftfeld,1,1,Barrière de Force Grenouille,1,1,,0,0,pt,pt,missing_name|missing_printing
bf075ecd-39de-418b-b20e-1a4efeb06dd2,0,spell,8211,62896588,1,Natural Tune,3,1,Cantante Nato,1,1,Natürliche Abstimmung,1,1,Modification Naturelle,1,1,,0,0,pt,pt,missing_name|missing_printing
090e6072-6fae-478c-a95c-3d95c487fbc9,0,monster,8280,50621530,1,Powered Tuner,3,1,Cantante Retroalimentado,1,1,Verstärkter Empfänger,1,1,Dragon Syntoniseur de Puissance,1,1,,0,0,pt,pt,missing_name|missing_printing
61d80b26-adaf-5a4e-bcff-14ca1b546d1e,0,,22950,,0,Black Chaos,2,1,Caos Negro,2,1,Schwarzes Chaos,2,1,Chaos Sombre,2,1,Caos das Trevas,2,1,,,missing_passcode|missing_art
805f1ef6-17a3-4120-b58f-52ff7ce53493,0,spell,4315,02370081,1,Steel Shell,2,2,Caparazón de Acero,1,1,Stahlhülle,1,1,Carapace d'Acier,1,1,,0,0,pt,pt,missing_name|missing_printing
46baef6f-f666-4fbd-ae5d-28d1713cb651,0,trap,9941,39765115,1,Splash Capture,3,1,Captura Salpicada,1,1,Schwall-Gefangennahme,1,1,Capture Splash,1,1,,0,0,pt,pt,missing_name|missing_printing
76cfbe40-c4d2-40f5-8491-f207e70543e2,0,trap,8217,50951359,1,Tuner Capture,3,1,Captura del Cantante,1,1,Ergreifung des Empfängers,1,1,Attrape-Syntoniseurs,1,1,,0,0,pt,pt,missing_name|missing_printing
2152ee5e-6a2a-48f3-91b8-efa4d9bf1241,0,skill,-19,,1,Cocoon of Ultra Evolution,2,2,Capullo Ultra Evolutivo,2,2,Kokon der Ultra-Evolution,2,2,Cocon de l'Ultra Évolution,2,2,Casulo de Ultra Evolução,2,2,,,missing_passcode
a51e0051-53b1-45ff-bf54-06ba19d03a60,0,spell,6865,25090294,1,Rose Bud,3,2,Capullo de Rosa,0,0,Rosenknospe,1,1,Bouton de Rose,0,0,Botão de Rosa,0,0,,es|fr|pt,missing_printing
2cea6d5b-1ff4-498f-ae0a-c4930d1d844e,0,monster,7719,58453942,1,Psychic Snail,3,1,Caracol Psíquico,1,1,Psi-Schnecke,1,1,Helix Psychique,1,1,,0,0,pt,pt,missing_name|missing_printing
95d4c4da-c59c-4a1f-9591-639157ddc1b6,0,monster,4147,98075147,1,Spiked Snail,0,0,Caracol clavado,0,0,Spiked Snail | Stachelschnecke,0,0,Escargot avec des Pointes | Spiked Snail,0,0,,0,0,pt,en|es|de|fr|pt,missing_name|missing_printing
0bb4755e-955a-47c6-8b24-80bfa21e4244,0,monster,9634,58475908,1,Wind-Up Snail,3,1,Caracol de Cuerda,1,1,Aufzieh-Schnecke,2,1,Escargot Automate,2,1,,0,0,pt,pt,missing_name|missing_printing
67995139-997e-4aa1-a1ce-f08b19a0b208,0,monster,4466,12146024,1,Bolt Escargot,0,0,Caracol del Rayo,0,0,Bolzenschnecke,0,0,Escargot mobile,0,0,Escargot Relâmpago,0,0,,en|es|de|fr|pt,missing_printing
155734c5-68c6-4f24-ac55-a3207b8478d6,0,trap,6539,22479888,1,Clay Charge,5,2,Carga de Arcilla,1,1,Clay Sturmangriff,2,2,Charge d'Argile,1,1,,0,0,pt,pt,missing_name|missing_printing
72787739-e65f-4c45-adae-f7a862ce2e41,0,trap,7768,58873391,1,Fish Depth Charge,8,3,Carga de Profundidad del Pez,5,2,Fisch-Torpedo,7,3,Attaque des Profondeurs,6,3,Torpedo Ictíico,0,0,,pt,missing_printing
b4d396d4-6cf2-45bb-92e1-cfad2fc4ce3f,0,spell,7628,49479374,1,Quick Charger,3,1,Cargador Rápido,1,1,Schnelllader,1,1,Chargeur Rapide,1,1,,0,0,pt,pt,missing_name|missing_printing
52cbb222-4d3a-43a7-89a2-4e3f91c8fe37,0,monster,8909,13220032,1,Vylon Charger,5,2,Cargador Vylon,1,1,Vylon-Lader,1,1,Chargeur Vylon,1,1,,0,0,pt,pt,missing_name|missing_printing
155b10e5-71c5-48db-b838-cd1203fb6387,0,monster,7056,46848859,1,Carrierroid,1,1,Carrierroid,0,0,Frachtroid,0,0,Transportroid,0,0,,0,0,pt,es|de|fr|pt,missing_name|missing_printing
ae39fcac-5572-5352-bc2f-e21226f68e94,0,,23027,,0,Lane Restriction,1,1,Carril Restringido,1,1,Spurbeschränkung,1,1,Voie Restreinte,1,1,Restrição de Faixa,1,1,,,missing_passcode|missing_art
01b9d106-56b7-4606-ac2b-3373b17d74e6,0,trap,9240,88513608,1,Card of Sacrifice,2,1,Carta del Sacrificio,1,1,Karte der Opferung,2,1,Carte du Sacrifice,1,1,,0,0,pt,pt,missing_name|missing_printing
874bcfba-0e42-49df-a856-026c9ab09d6e,0,trap,5297,,2,Card of Last Will,1,1,Carta del Último Deseo,1,1,Karte des letzten Willens,1,1,Carte de la Dernière Volonté,1,1,Cartão de Última Vontade,1,1,,,missing_passcode
7f62b285-0e0c-4b8e-8603-d37335759602,0,spell,7631,48356796,1,Mystical Cards of Light,3,1,Cartas Místicas de la Luz,1,1,Mystische Karten des Lichts,1,1,Cartes Mystiques de Lumière,1,1,,0,0,pt,pt,missing_name|missing_printing
90c35fbb-cf79-4169-a862-eac15b43a322,0,trap,9148,33184236,1,Karakuri Trick House,1,1,Casa Karakuri con Trampas,1,1,Karakuri-Wunderkabinett,1,1,Manoir Karakuri,1,1,,0,0,pt,pt,missing_name|missing_printing
c91fd5d1-8450-4e0c-93f5-30e246bb090c,0,monster,9900,56240989,1,Evoltile Casinerio,3,1,Casinerio Evolutil,1,1,Evoltil Casinerio,1,1,Évoltile Casinerio,1,1,,0,0,pt,pt,missing_name|missing_printing
31151d7e-9d0f-48cb-9102-679a29c2d99e,0,monster,6890,45023678,1,Lightning Punisher,5,1,Castigador del Relámpago,0,0,Blitzrächer,2,1,Punisseur Foudroyant,2,1,,0,0,pt,es|pt,missing_name|missing_printing
717c30a7-72b2-485c-80db-6420e60f36de,0,trap,5265,33737664,1,Graverobber's Retribution,6,4,Castigo del Ladrón de Tumbas,1,1,Grabräubers Strafe,2,2,Récompense du Profanateur de Tombes,2,2,,0,0,pt,pt,missing_name|missing_printing
6f581344-607c-4bdf-b695-953d5ecef856,0,spell,9123,22751868,1,Karakuri Showdown Castle,2,1,Castillo del Enfrentamiento de los Karakuris,1,1,Schloss der Karakuri-Machtprobe,1,1,Château de Confrontation Karakuri,1,1,,0,0,pt,pt,missing_name|missing_printing
e194c7ca-4166-4c1c-9bd0-3ea624a90756,0,monster,8449,54360049,1,Catoblepas and the Witch of Fate,3,1,Catoblepas y la Bruja del Destino,1,1,Catoblepas und die Hexe des Schicksals,2,1,Catoblepas et la Sorcière du Destin,2,1,,0,0,pt,pt,missing_name|missing_printing
4b7f5cd8-935d-4a01-86ab-65f4c2861411,0,monster,9177,84488827,1,Steelswarm Caucastag,5,2,Caucagtag Horda de Acero,1,1,Stahlschar-Caucastag,1,1,Caucastag Colonie de Chrome,1,1,,0,0,pt,pt,missing_name|missing_printing
6704c316-a064-4574-86ce-264b86328181,0,monster,6803,62315111,1,Alien Hunter,3,1,Cazador Alienígena,1,1,Außerirdischer Jäger,1,1,Chasseur Alien,1,1,,0,0,pt,pt,missing_name|missing_printing
e725942f-4ae4-4d74-be1e-c439f4fa2e93,0,monster,8191,04130270,1,G.B. Hunter,3,1,Cazador G.B. | Cazadora G.B.,1,1,G.B. Jäger,1,1,Chasseresse B.G.,1,1,,0,0,pt,pt,missing_name|missing_printing
8d254fca-8112-41ca-8a61-99e566d36f7d,0,monster,7727,19357125,1,Dark Hunter,5,1,Cazador Oscuro,2,1,Finsterer Jäger,2,1,Assassin des Ténèbres,3,1,,0,0,pt,pt,missing_name|missing_printing
485890d6-bbb0-4ff9-8327-9681e93b58e9,0,monster,8953,55624610,1,Scrap Hunter,3,1,Cazador de Chatarra,1,1,Schrottjäger,2,1,Chasseur de Ferraille,2,1,,0,0,pt,pt,missing_name|missing_printing
fa54ae81-0c6c-472a-b127-3f72a8a35b8e,0,monster,9742,16923472,1,Wind-Up Hunter,3,1,Cazador de Cuerda,1,1,Aufzieh-Jäger,1,1,Chasseur Automate,1,1,,0,0,pt,pt,missing_name|missing_printing
95ce436e-8e44-488f-b901-90d4f12576d1,0,monster,4506,28563545,1,Dragon Seeker,3,3,Cazador de Dragones,1,1,Drachensucher,1,1,Chercheur de Dragon,1,1,,0,0,pt,pt,missing_name|missing_printing
786c9522-b83e-4c8d-bad3-68a0f3f22bf5,0,monster,8316,20470500,1,Armed Sea Hunter,4,2,Cazador de Mar Armado,2,2,Bewaffneter Meeresjäger,2,2,Chasseur des Mers,2,2,,0,0,pt,pt,missing_name|missing_printing
92f0db1b-8b21-4b3f-a548-d3dfdb165c8f,0,monster,8814,73018302,1,Hunter of Black Feathers,3,1,Cazador de Plumas Negras,1,1,Schwarzfederjäger,1,1,Chasseur Plumes Noires,1,1,,0,0,pt,pt,missing_name|missing_printing
28f28f86-4b6c-4c76-9012-656b99cdb607,0,trap,6624,33248692,1,Option Hunter,6,2,Cazador de opciones,2,1,Jäger der Möglichkeiten,4,1,Chasseur d'Opportunité,2,1,,0,0,pt,pt,missing_name|missing_printing
c6850a4f-a215-4e30-86f9-7dae4683ae85,0,spell,6642,28120197,1,Canyon,3,1,Cañón,0,0,Canyon,1,1,Canyon,1,1,,0,0,pt,es|pt,missing_name|missing_printing
8b86c9ea-6dce-44c4-93b8-efde6e61a8e4,0,spell,6903,64238008,1,Linear Accelerator Cannon,3,1,Cañón Acelerador Lineal,0,0,Lineare Beschleunigungskanone,1,1,Canon à Accélérateur Linéaire,1,1,,0,0,pt,es|pt,missing_name|missing_printing
82b27fcc-41bc-4a2b-87b1-eea8d540b004,0,spell,8345,12174035,1,Hydro Pressure Cannon,3,1,Cañón Hidrante,1,1,Wasserdruckkanone,1,1,Canon à Pression Hydraulique,1,1,,0,0,pt,pt,missing_name|missing_printing
8cc8d574-7959-47f0-9be7-e52574226b85,0,monster,8331,13574687,1,Turbo Cannon,3,1,Cañón Turbo,1,1,Turbokanone,1,1,Canon Turbo,2,1,,0,0,pt,pt,missing_name|missing_printing
eb3b6bc2-ad59-4e02-9bb9-472077627a73,0,skill,,,1,Volcanic Cannon,1,1,Cañón Volcánico,1,1,Vulkanische Kanone,1,1,Canon Volcanique,1,1,,1,1,pt,,missing_passcode|missing_name
d58747bf-f254-4ba0-9f77-12d65915869a,0,monster,6587,80045583,1,Ancient Gear Cannon,6,3,Cañón de Mecanismo Antiguo,2,2,Antike Antriebskanone,2,2,Canon Rouages Ancients,3,2,,0,0,pt,pt,missing_name|missing_printing
b8a68e67-1036-4ddc-a0f2-1ea750d180f5,0,spell,8052,81524977,1,Seed Cannon,3,1,Cañón de Semillas,1,1,Samenkanone,1,1,Canon à Graines,1,1,,0,0,pt,pt,missing_name|missing_printing
d63f1244-9614-452e-be14-5c3aa1d8d830,0,monster,4114,27094595,1,Graveyard and the Hand of Invitation,0,0,Cementerio y la mano de la invitación,0,0,Friedhof und die Hand der Einladung | Graveyard and the Hand of Invitation,0,0,Cimetière et la Main de l’Invitation | Graveyard and the Hand of Invitation,0,0,,0,0,pt,en|es|de|fr|pt,missing_name|missing_printing
5ed27c5f-203e-4694-9cc0-664e08b95b09,0,monster,8180,43708640,1,Minoan Centaur,3,1,Centauro Minoico,1,1,Minoischer Zentaur,1,1,Centaure Minoen,1,1,,0,0,pt,pt,missing_name|missing_printing
f3340af6-a4a3-43e2-a478-84e0e9751254,0,monster,9385,99214782,1,Steelswarm Sentinel,4,2,Centinela Horda de Acero,1,1,Stahlschar-Wachposten,1,1,Patrouille Colonie de Chrome,1,1,,0,0,pt,pt,missing_name|missing_printing
8d1336f1-dd9a-4bde-891a-96b9424f1b6b,0,monster,10163,09791914,1,Silver Sentinel,5,1,Centinela Plateado,2,1,Silber-Wachposten,2,1,Sentinelle Argent,2,1,,0,0,pt,pt,missing_name|missing_printing
69790f6a-cc03-4bb1-a255-08d6693710ec,0,monster,4451,85448931,1,Sentinel of the Seas,2,1,Centinela del Mar | Sentinel of the Seas,0,0,Wachposten der Meere,1,1,Sentinelle des Mers,1,1,,0,0,pt,es|pt,missing_name|missing_printing
794c2ea4-1eac-4b6f-a4ac-44b6f89dd8ef,0,monster,9738,80651316,1,Evolsaur Cerato,5,1,Cerato Evolusaurio,2,1,Evolsaurier Cerato,2,1,Évolsaure Cerato,2,1,,0,0,pt,pt,missing_name|missing_printing
f13b7e2c-b34b-4c4f-b3d9-508e9ab5ba24,0,spell,15876,85590798,1,Starry Knight Ceremony,0,0,Ceremonia Cabalnoche de Estrellas,0,0,Zeremonie der Sternenritter,0,0,Cérémonie du Chevalier Étoilé,0,0,Cerimônia de Cavalestrela,0,0,,en|es|de|fr|pt,missing_printing
aab9937f-491d-40aa-8276-20c78b629dee,0,skill,-36,,1,Ritual Ceremony,3,3,Ceremonia de Ritual,3,3,Ritualzeremonie,3,3,Cérémonie Rituelle,3,3,,2,2,pt,,missing_passcode|missing_name
e95e6ca4-f7a7-40ff-918d-986ba239bc8e,0,trap,9954,52971944,1,Sealing Ceremony of Katon,3,1,Ceremonia de Sellado de Katon,1,1,Versiegelungszeremonie von Katon,1,1,Cérémonie de Sceau du Katon,1,1,,0,0,pt,pt,missing_name|missing_printing
c0ad5e93-6279-407a-829e-b91e1954145e,0,trap,9548,01802450,1,Sealing Ceremony of Mokuton,4,2,Ceremonia de Sellado de Mokuton,2,2,Versiegelungszeremonie von Mokuton,2,2,Cérémonie de Sceau du Mokuton,2,2,,0,0,pt,pt,missing_name|missing_printing
85a4c501-531b-4100-a770-513cd34f05f9,0,trap,10101,42425831,1,Sealing Ceremony of Raiton,3,1,Ceremonia de Sellado de Raiton,2,1,Versiegelungszeremonie von Raiton,1,1,Cérémonie de Sceau du Raiton,1,1,,0,0,pt,pt,missing_name|missing_printing
27dfa3dc-4f65-4308-b4e8-9d6e5c9648b5,0,token,,82340057,1,Ceremonial Token,0,0,Ceremonial Token,0,0,Ceremonial Token,0,0,Ceremonial Token,0,0,,0,0,pt,en|es|de|fr|pt,missing_name|missing_printing
161a67de-9fd2-4830-ac98-a06c17f14702,0,monster,9567,23168060,1,Key Man the Key Warrior,2,1,Cerrajero el Guerrero de la Llave,1,1,"Schlüsselmann, der Schlüsselkrieger",1,1,Guerrier de la Clé,1,1,,0,0,pt,pt,missing_name|missing_printing
716a49e5-3100-5b96-8d26-2fe080928c10,0,,23302,,0,"Cerynemesia, Mystical Beast of the Forest",1,1,"Cerynemesia, Bestia Mística del Bosque",1,1,"Cerynemesia, mystisches Ungeheuer des Waldes",1,1,"Cerynemesia, Bête Mystique de la Forêt",1,1,"Cerynemesia, Besta Mística da Floresta",1,1,,,missing_passcode|missing_art
8479fd1d-1209-4f66-8795-38c9c758c28f,0,monster,10225,62476197,1,Achacha Chanbara,3,1,Chanbara Achacha,1,1,Achacha-Chanbara,1,1,Achacha Chanbara,1,1,,0,0,pt,pt,missing_name|missing_printing
fe2053c6-e97d-4ca4-938e-3c8ca56b94d2,0,monster,22741,41424250,3,Chaos End Ruler - Ruler of the Beginning and the End,0,0,,0,0,,0,0,,0,0,,0,0,es|de|fr|pt,en|es|de|fr|pt,missing_name|missing_printing
9cf5beba-7d34-414d-9cf8-9872fb6dcb58,0,spell,,,2,Chaos Hats,0,0,,0,0,,0,0,,0,0,,0,0,es|de|fr|pt,en|es|de|fr|pt,missing_passcode|missing_name|missing_printing
018fdcdc-4f86-4d1b-b5f3-86f466c5d36d,0,token,,,1,Charisma Token,0,0,,0,0,,0,0,,0,0,Símbolo de Carisma,0,0,es|de|fr,en|es|de|fr|pt,missing_passcode|missing_name|missing_printing
43f396c3-45a4-4cb2-98bb-f02d9023b3d3,0,token,,07392746,1,Chewbone Jr. Token,0,0,Chewbone Jr. Token,0,0,Chewbone Jr. Token,0,0,Chewbone Jr. Token,0,0,,0,0,pt,en|es|de|fr|pt,missing_name|missing_printing
5a792cf3-6bd8-4a5a-bb5d-191e93cbd790,0,monster,7892,84824601,1,Botanical Girl,3,1,Chica Botánica,1,1,Botanisches Mädchen,1,1,Fille Botanique,1,1,,0,0,pt,pt,missing_name|missing_printing
bc2f61c6-f180-4262-b119-f01a6cd96416,0,monster,8580,16825874,1,Eccentric Boy,3,1,Chico Excéntrico,1,1,Sonderlicher Kerl,1,1,Garçon Excentrique,1,1,,0,0,pt,pt,missing_name|missing_printing
1c1f6109-0a61-430d-b22d-d63eae5c8fc1,0,monster,7374,,1,"Chimaera, the Master of Beasts",2,1,,0,0,,0,0,,0,0,,0,0,es|de|fr|pt,es|de|fr|pt,missing_passcode|missing_name|missing_printing
900eb66f-f451-4d0d-aac6-c2989075985f,0,trap,9150,05577649,1,Scrap Crash,2,1,Choque de Chatarra,1,1,Schrott-Zusammenstoß,1,1,Écrasement de Ferraille,1,1,,0,0,pt,pt,missing_name|missing_printing
74eb943e-f9d3-4ddb-bfa5-549c7d9bb532,0,monster,10153,75363626,1,Madolche Chouxvalier,3,1,Chouxvalier Magidulce,1,1,Magidolce Keksritter,1,1,Chouvalier Magidolce,1,1,,0,0,pt,pt,missing_name|missing_printing
a59a9dad-f5be-487a-8c4d-9b4ae35c5e0c,0,monster,6856,37057012,1,Cyber Ogre 2,4,1,Ciber Ogro 2,0,0,Cyber Oger 2,2,1,Cyber Ogre 2,2,1,,0,0,pt,es|pt,missing_name|missing_printing
ba66c8f7-a4ce-4b05-9a0d-cf674463c9f9,0,monster,7414,30042158,1,Cyber Ouroboros,3,1,Ciber Ouroboros,1,1,Cyberouroboros,1,1,Ouroboros Cyber,1,1,,0,0,pt,pt,missing_name|missing_printing
cec4a2a5-2c36-41fb-9425-f764055f4d33,0,trap,7467,65384019,1,Alchemy Cycle,3,1,Ciclo Alquímico,1,1,Alchemiezyklus,1,1,Cycle Alchimique,1,1,,0,0,pt,pt,missing_name|missing_printing
f43f78b3-2a90-41ad-97ef-940d90246ffe,0,monster,6984,59235795,1,Destruction Cyclone,3,1,Ciclón Destructivo,1,1,Zerstörungszyklon,1,1,Cyclone Destructeur,1,1,Ciclone Destruidor,0,0,,pt,missing_printing
e6783116-6411-4776-afa9-a2cd099f4a31,0,spell,9779,69176131,1,Space Cyclone,3,1,Ciclón del Espacio,1,1,Raumzyklon,1,1,Cyclone Spatial,1,1,,0,0,pt,pt,missing_name|missing_printing
a26faf5b-7492-4d12-9695-ff4c99d3d492,0,spell,15875,58406094,1,Starry Knight Sky,0,0,Cielo Cabalnoche de Estrellas,0,0,Himmel der Sternenritter,0,0,Ciel du Chevalier Étoilé,0,0,Céu de Cavalestrela,0,0,,en|es|de|fr|pt,missing_printing
3f78a344-59c8-4cbc-859e-228653431b44,0,monster,9109,23051413,1,Naturia Stag Beetle,2,1,Ciervo Volante Naturia,1,1,Naturia-Hirschkäfer,1,1,Lucane Naturia,1,1,,0,0,pt,pt,missing_name|missing_printing
70fb3ca6-f8c7-45d0-88bb-e942e5d9c6a2,0,spell,6908,36995273,1,Degenerate Circuit,5,1,Circuito Roto,0,0,Degenerierter Kreislauf,2,1,Circuit Dégénérescent,2,1,,0,0,pt,es|pt,missing_name|missing_printing
91d70d51-53d0-4fa5-8194-ca562ba2003c,0,monster,22729,54603525,3,Clear Wing Synchro Dragon of the Four Heavenly Dragons,0,0,,0,0,,0,0,,0,0,,0,0,es|de|fr|pt,en|es|de|fr|pt,missing_name|missing_printing
d405bc09-d5a8-4c5e-b1bf-7dfae0b34ced,0,monster,7880,91607976,1,Morphtronic Clocken,3,1,Clocken Morfotrónico,1,1,Morphtronische Uhr,1,1,Chronon Morphtronique,1,1,,0,0,pt,pt,missing_name|missing_printing
e7e21c32-9d65-4f80-a4a3-f2918ee061f6,0,token,,86871615,1,Clone Token,0,0,Clone Token,0,0,Clone Token,0,0,Clone Token,0,0,,0,0,pt,en|es|de|fr|pt,missing_name|missing_printing
09de9049-2e40-4090-b208-3396ec5788bf,0,monster,7268,83982270,1,Cloudian - Poison Cloud,7,2,Cloudian - Nube Tóxica,3,2,Wolkian - Toxische Wolke,3,2,Nuagien - Gaz Toxique,3,2,,0,0,pt,pt,missing_name|missing_printing
4edd3271-d4ab-493e-8da1-98b88cdd07b3,0,token,,56597273,1,Cloudian Token,0,0,Cloudian Token,0,0,Cloudian Token,0,0,Cloudian Token,0,0,,0,0,pt,en|es|de|fr|pt,missing_name|missing_printing
0c3dbe6c-04ec-4108-aa49-7911cd0fcbd0,0,skill,,,1,Cloudy Skies of Grey,1,1,,1,1,,1,1,Ciel Nuageux de Gris,1,1,,1,1,es|de|pt,,missing_passcode|missing_name
4d8a19c7-4bba-4718-a27c-cd000b838f09,0,trap,,,1,"Clown Clan ""Finale""",0,0,,0,0,,0,0,,0,0,,0,0,es|de|fr|pt,en|es|de|fr|pt,missing_passcode|missing_name|missing_printing
073e06f1-4a34-4339-b462-995e699efda4,0,monster,,,1,Clown Clan Drish,0,0,,0,0,,0,0,,0,0,,0,0,es|de|fr|pt,en|es|de|fr|pt,missing_passcode|missing_name|missing_printing
3789d582-a6e8-446a-893c-0079a4f96848,0,monster,,,2,Clown Clan Hat,0,0,,0,0,,0,0,,0,0,,0,0,es|de|fr|pt,en|es|de|fr|pt,missing_passcode|missing_name|missing_printing
8142527b-123a-4c53-aa82-ad4a8ad7867e,0,monster,9586,45439263,1,Laval Coatl,4,2,Coatl Laval,1,1,Laval-Coatl,1,1,Serpent Laval,1,1,,0,0,pt,pt,missing_name|missing_printing
5d3da0fd-367a-4b72-99d8-22c76d654b6c,0,trap,9545,02924048,1,Karakuri Cash Shed,3,1,Cobertizo de Efectivo de los Karakuri,1,1,Karakuri-Geldlager,1,1,Dépôt Karakuri,1,1,,0,0,pt,pt,missing_name|missing_printing
03032eb2-b856-4977-91f0-646f51d2b081,0,monster,7194,22499463,1,Venom Cobra,3,1,Cobra Venenosa,1,1,Giftkobra,1,1,Cobra Venin,2,1,,0,0,pt,pt,missing_name|missing_printing
cc83c6e4-e28e-451d-89b8-91f947e19344,0,monster,5429,75109441,1,Cobraman Sakuzy,2,1,Cobraman Sakuzy | Sakuzi el Hombre Cobra,0,0,"Sakuzi, der Kobramann",0,0,"Cobraman Sakuzy | Sakuzi, l'Homme Cobra",0,0,,0,0,pt,es|de|fr|pt,missing_name|missing_printing
c5191358-e181-4c15-be6b-4e837ec9c9a8,0,monster,9079,45358284,1,Mirror Ladybug,2,1,Coccinellidae Espejada,1,1,Spiegelnder Marienkäfer,1,1,Coccinelle Miroir,1,1,,0,0,pt,pt,missing_name|missing_printing
f3681231-ce3b-4b22-96b4-c10f18472fcf,0,monster,8643,65496056,1,Codarus,4,2,Codarus,2,2,Codarus,2,2,Codarus,3,2,,0,0,pt,pt,missing_name|missing_printing
e0afdc71-24f5-40f8-bb5f-a36947b5205e,0,monster,8306,06142213,1,Turbo Rocket,3,1,Cohete Turbo,1,1,Turborakete,1,1,Roquette Turbo,1,1,,0,0,pt,pt,missing_name|missing_printing
d3e6d4f4-0032-4497-ac97-282de826fca9,0,monster,7669,82994509,1,Horseytail,3,1,Cola de Caballito,1,1,Schachtelhalm,1,1,Prêle des Champs,1,1,,0,0,pt,pt,missing_name|missing_printing
7b557dbe-4d06-4fb1-aa24-80e9f37c39ac,0,monster,15852,65953423,1,Fairy Tail - Rochka,0,0,Colacuento - Rochka,0,0,Märchenschweif - Rochka,0,0,Animal Féérique - Rochka,0,0,Cauda de Fadas - Rochka,0,0,,en|es|de|fr|pt,missing_printing
224cfb2b-e584-4921-8bfa-7cbf75f998a4,0,skill,,,1,Cold-Blooded Tactician,1,1,,1,1,,1,1,Tacticien de Sang-Froid,1,1,,1,1,es|de|pt,,missing_passcode|missing_name
af2f533c-5bac-41d1-bbd4-c1fad591c368,0,skill,,,1,Rainbow Crystal Collection,1,1,Colección Cristal de Arco Iris,1,1,Regenbogen-Kristallsammlung,1,1,Collection d'Arc-en-Ciel de Cristal,1,1,,1,1,pt,,missing_passcode|missing_name
c0e41472-ac06-4c63-bd59-6d131d50d128,0,monster,7155,17363041,1,Chrysalis Chicky,3,1,Colibrí Crisálida,1,1,Verpupptes Küken,1,1,Oisillon Chrysalide,1,1,,0,0,pt,pt,missing_name|missing_printing
698036fd-5a07-47a4-a013-4f71667c7d03,0,spell,7307,52518793,1,Colosseum - Cage of the Gladiator Beasts,3,1,Coliseo - Jaula de las Bestias Gladiador,1,1,Kolosseum - Käfig der Gladiatorungeheuer,1,1,Colisée - Cage des Bêtes Gladiateurs,1,1,,0,0,pt,pt,missing_name|missing_printing
6b9d071a-2267-4ca6-bdb9-aceb81509c25,0,skill,-65,,1,Millennium Necklace,1,1,Collar del Milenio,1,1,Millenniumskette,1,1,Collier du Millenium,1,1,Colar do Milênio,1,1,,,missing_passcode
bbb2e784-e324-437a-9960-4720262379f4,0,skill,,,1,Collector,1,1,,0,0,Sammler,1,1,Collecteur,1,1,,0,0,es|pt,es|pt,missing_passcode|missing_name|missing_printing
1f01ec83-8c3f-45ee-a172-57d7c916bc75,0,trap,7226,77972406,1,Ambush Fangs,3,1,Colmillos de Emboscada,1,1,Reißzähne des Hinterhalts,1,1,Riposte des Crocs Venimeux,1,1,,0,0,pt,pt,missing_name|missing_printing
f86d72cc-ef5f-470e-bee2-a0e9036e0994,0,monster,7338,17706537,1,Fossil Tusker,4,2,Colmilludo Fósil,1,1,Fossilkeiler,1,1,Fossile d'Orang-Mammouth,1,1,,0,0,pt,pt,missing_name|missing_printing
a5803043-eeae-48ed-9c49-377ca796fd58,0,monster,6698,93730409,1,Whirlwind Weasel,3,2,Comadreja Remolino,1,1,Wirbelwind-Wiesel,1,1,Belette Tournoyante,1,1,Doninha do Remoinho de Vento,0,0,,pt,missing_printing
114a9176-96f3-41de-a81e-8605a53efe55,0,monster,7539,53388413,1,"Commander Gottoms, Swordmaster",4,2,"Comandante Gottoms, Maestro de la Espada",1,1,"Kommandant Gottoms, Schwertmeister",1,1,"Commandant Gottoms, Maître de l'Épée",1,1,,0,0,pt,pt,missing_name|missing_printing
92ce326e-46cd-4b18-9e58-a8c29a931acf,0,monster,7718,21454943,1,Psychic Commander,4,2,Comandante Psíquico,2,2,Psi-Befehlshaber,2,2,Commandant Psychique,2,2,,0,0,pt,pt,missing_name|missing_printing
f8bde144-ce98-4a61-8322-4440f2629856,0,trap,10091,12197543,1,Commander of Swords,3,1,Comandante de Espadas,2,1,Kommandant der Schwerter,1,1,Commandant des Épées,1,1,,0,0,pt,pt,missing_name|missing_printing
1caf9e60-ffb8-4118-bc82-576b5f5b0d8e,0,monster,7106,17393207,1,Gravekeeper's Commandant,9,4,Comandante del Cuidador de Tumbas,4,3,Grabwächters Kommandant,5,3,Commandant des Protecteurs du Tombeau,4,3,,0,0,pt,pt,missing_name|missing_printing
10065ade-8424-4274-8de8-1238ac700b6c,0,skill,-5,,1,Union Combination,2,2,Combinación de la Unión,2,2,Union-Kombination,2,2,Combinaison de l'Union,2,2,,1,1,pt,,missing_passcode|missing_name
1ce4fc36-f6e3-446a-a86a-175a5b23e86d,0,spell,9677,90470931,1,Oni-Gami Combo,3,1,Combo Oni-Gami,1,1,Oni-Gami-Combo,1,1,Combo de l'Oni-Gami,1,1,,0,0,pt,pt,missing_name|missing_printing
50e5d92e-71cd-4063-bfec-54c18ab3a4c0,0,monster,4478,08353769,1,Air Eater,0,0,Comeaire,0,0,Luftfresser,0,0,Mangeur d'air,0,0,Comedor de ar,0,0,,en|es|de|fr|pt,missing_printing
7ac893b7-b434-4d2b-85e2-0377bbe28f57,0,monster,5036,31242786,1,Souleater,2,1,Comealma | Souleater,0,0,Seelenfresser,0,0,Mangeur d’Âme | Souleater,0,0,Devorador de Almas,0,0,,es|de|fr|pt,missing_printing
dbe7083f-df92-483d-b368-6c2eebb983de,0,monster,8935,60741115,1,Damage Eater,5,2,Comedor de Daño,2,2,Schadensfresser,3,2,Dévoreur de Dommages,3,2,,0,0,pt,pt,missing_name|missing_printing
2ad54782-0b6f-466a-bed5-5f1c08b8b368,0,monster,,,2,Comic Cat,0,0,,0,0,,0,0,,0,0,,0,0,es|de|fr|pt,en|es|de|fr|pt,missing_passcode|missing_name|missing_printing
7d624689-f107-4bdc-a169-acf21fcb1b8a,0,monster,4399,86100785,1,Zone Eater,2,1,Comilón de Zona | Zone Eater,0,0,Zone Eater | Zonenfresser,0,0,Mangeur de Zone,1,1,Comedor de Zona,0,0,,es|de|pt,missing_printing
2fee56d4-672c-4452-a8d3-b71e084c3d3f,0,token,,27450401,1,Compass Token,0,0,Compass Token,0,0,Compass Token,0,0,Compass Token,0,0,,0,0,pt,en|es|de|fr|pt,missing_name|missing_printing
671692b0-1df9-458e-b07b-4d9d52efa17c,0,spell,9396,55046718,1,Vylon Component,4,2,Componente Vylon,1,1,Vylon-Komponente,1,1,Composant Vylon,1,1,,0,0,pt,pt,missing_name|missing_printing
7dac9d46-7612-4c34-ac58-40d731165dc0,0,spell,8342,13997673,1,Core Compression,3,1,Compresión del Núcleo,1,1,Kernverdichtung,1,1,Compression de Noyau,1,1,,0,0,pt,pt,missing_name|missing_printing
7bd19449-f6cd-44bf-ac0a-acd481257109,0,skill,-43,,1,Grit,1,1,Con Valor,1,1,Mut,1,1,Cran,1,1,Garra,1,1,,,missing_passcode
67e1fc1e-0ca2-568e-b4c2-8139a6535c3e,0,,22970,,0,Melffy Rabbys,1,1,Conejis Melffy,1,1,Melffy-Kanis,1,1,Lappys Melffy,1,1,Melffy Rabbys,1,1,,,missing_passcode|missing_art
092d3c3e-d588-4460-a896-e2330fa5798d,0,monster,5374,77084837,1,Inaba White Rabbit,4,3,Conejo Blanco Inaba,1,1,Weißes Kaninchen Inaba,1,1,Inaba le Lapin Blanc,1,1,,0,0,pt,pt,missing_name|missing_printing
79b3ec56-be1c-4de0-9938-ea932c755566,0,monster,9866,42874792,1,Wind-Up Rabbit,6,3,Conejo de Cuerda,3,2,Aufzieh-Kaninchen,4,3,Lapin Automate,3,2,,0,0,pt,pt,missing_name|missing_printing
dde08cc9-4e59-43ec-98e6-66ddd60b35a7,0,monster,9754,49144107,1,Creepy Coney,3,1,Conejín Espeluznante,1,1,Wildes Langohr,1,1,Sinistre Lièvre,1,1,,0,0,pt,pt,missing_name|missing_printing
210af3fb-8ce6-4171-bba8-d54243de41a4,0,spell,8198,38680149,1,Mind Trust,3,1,Confianza Mental,1,1,Seelenvertrauen,2,1,Confiance Spirituelle,2,1,,0,0,pt,pt,missing_name|missing_printing
a92b6b11-c368-41e6-9cf4-be80dd9a1d60,0,skill,-54,,1,Inner Conflict,2,2,Conflicto Interno,2,2,Innerer Konflikt,2,2,Conflit Intérieur,2,2,Conflito Interno,2,2,,,missing_passcode
94b1745c-8fd8-49f8-8b24-897a589dbe1a,0,skill,,,1,Believe in Your Bro,1,1,Confía en Tu Bro,1,1,Glaub an deinen Bruder,1,1,Crois en ton Ami,1,1,,1,1,pt,,missing_passcode|missing_name
97c9b47f-841e-479c-befa-c206006bce18,0,spell,6997,72446038,1,Synthesis Spell,3,1,Conjuro de Síntesis,1,1,Synthesezauber,1,1,Magie de Synthèse,1,1,,0,0,pt,pt,missing_name|missing_printing
1c95811d-f9b2-47d1-94a3-1522a688df41,0,monster,7865,05519829,1,Counselor Lily,3,1,Consejera Lirio,1,1,Beraterin Lily,1,1,Lily la Conseillère Télépathique,2,1,,0,0,pt,pt,missing_name|missing_printing
e17c210f-76fe-4f50-8e4f-47e2239afe82,0,skill,,,1,Consumed By Darkness,1,1,Consumido por la Oscuridad,1,1,Von Finsternis verzehrt,1,1,Consumé par les Ténèbres,1,1,,1,1,pt,,missing_passcode|missing_name
2fa0c7f4-ecd8-4dae-96ca-86d9b68a4d15,0,spell,6774,16616620,1,Contact,5,2,Contacto,2,2,Kontakt,2,2,Contact,2,2,,0,0,pt,pt,missing_name|missing_printing
677b2efc-1b33-4fc2-92da-8e530bffccce,0,spell,7255,69270537,1,Contact Out,3,1,Contacto Fuera,1,1,Kontakt nach draußen,1,1,Hors Contact,1,1,,0,0,pt,pt,missing_name|missing_printing
114e3b23-16b7-4b8c-9c92-d3a2d93b5f3f,0,spell,9183,83544697,1,Contact with Gusto,5,2,Contacto con Gusto,1,1,Kontakt mit Gusto,1,1,Contact Gusto,1,1,,0,0,pt,pt,missing_name|missing_printing
23081014-9005-418e-a6ef-2764905dad30,0,token,,,1,Counter,0,0,Contador,0,0,Zählmarke,0,0,Compteur,0,0,Marcador,0,0,,en|es|de|fr|pt,missing_passcode|missing_printing
8e56705a-968f-4627-958e-8932e7d47758,0,trap,8510,81601517,1,Gemini Counter,3,1,Contador Géminis,1,1,Zwillingskonter,1,1,Compteur Gémeau,1,1,,0,0,pt,pt,missing_name|missing_printing
70253f83-8dda-4046-8519-dac332de6fa4,0,token,,,1,Spell Counter (card),0,0,Contador Mágico,0,0,Zauberzählmarke,0,0,Compteur Magie,0,0,Marcador de Magia,0,0,,en|es|de|fr|pt,missing_passcode|missing_printing
c06e09ac-c3d4-428a-9c9d-1244342e43d3,0,token,,,1,Wedge Counter (card),0,0,Contador de Cuña,0,0,Keilzählmarke,0,0,Compteur Cuirasse,0,0,Marcador de Cunha,0,0,,en|es|de|fr|pt,missing_passcode|missing_printing
263ea7bd-d943-42cf-8ce5-5ec20be3225b,0,token,14008,,1,Black Feather Counter (card),1,1,Contador de Pluma Negra,1,1,Schwarzfeder-Zählmarke,1,1,Compteur Plumes Noires,1,1,Marcador de Pena Negra,1,1,,,missing_passcode
0b9eb02d-da0a-4d82-bd64-16f5667d7b2d,0,token,,,1,Predator Counter (card),0,0,Contador de Predador,0,0,Raubtier-Zählmarke,0,0,Compteur Prédateur,0,0,Marcador de Predador,0,0,,en|es|de|fr|pt,missing_passcode|missing_printing
34631087-01fe-4cdf-bb8b-e1ef0dc77417,0,spell,10286,69257165,1,Mind Pollutant,3,1,Contaminante Mental,1,1,Gedankenverschmutzung,1,1,Esprit Polluant,2,1,,0,0,pt,pt,missing_name|missing_printing
c2f39283-97a0-41e8-ac72-b5c204ab6540,0,trap,9938,30488793,1,Counterforce,3,1,Contrafuerza,1,1,Gegenkraft,1,1,Contreforce,1,1,,0,0,pt,pt,missing_name|missing_printing
67fa6641-5d89-4e80-899e-ae8ba5a36628,0,spell,4814,48642904,1,Mesmeric Control,6,3,Control Mesmérico,3,3,Hypnotische Kontrolle,3,3,Côntrole Hypnotique,3,3,,0,0,pt,pt,missing_name|missing_printing
d8eb03b5-9e9d-4f74-8a66-e9eef35954c6,0,spell,8673,88289295,1,Synchro Control,3,1,Control de Sincronía,1,1,Synchrokontrolle,1,1,Contrôle Synchronique,1,1,,0,0,pt,pt,missing_name|missing_printing
7457df85-d7ec-45af-9780-86f648b7fc34,0,trap,10096,74854609,1,Zekt Conversion,5,1,Conversión Zekt,2,1,Sekto-Konvertierung,2,1,Transformation Zekt,2,1,,0,0,pt,pt,missing_name|missing_printing
77374110-2b76-4d92-b9d4-75d70e5ae46a,0,spell,5392,62966332,1,Convulsion of Nature,4,3,Convulsión de la Naturaleza,1,1,Erschütterung der Natur,1,1,Convulsion de la Nature,1,1,,0,0,pt,pt,missing_name|missing_printing
492d77f6-a679-422c-bd10-0887a0d41ef9,0,spell,5386,64801562,1,Heart of Clear Water,4,3,Corazón de Agua Clara,1,1,Herz des klaren Wassers,1,1,Cœur de L'Eau Claire,1,1,,0,0,pt,pt,missing_name|missing_printing
41c85d1a-8f61-43d7-8651-bbdb88b618a5,0,spell,6571,67951831,1,Hero Heart,6,3,Corazón de Héroe,1,1,Heldenherz,3,2,Cœur de Héros,1,1,,0,0,pt,pt,missing_name|missing_printing
ff902aea-ba7d-4038-9dd1-efdc4353a5b6,0,spell,7000,12324546,1,Legendary Ebon Steed,3,1,Corcel de Ébano Legendario,1,1,Legendäres Ebenholzross,2,1,Coursier d'Ébène Légendaire,1,1,,0,0,pt,pt,missing_name|missing_printing
11615a21-e21f-4035-9824-bb5ad6567c0f,0,trap,9785,67232306,1,Mirror Mail,3,1,Correo Espejo,1,1,Spiegelrüstung,1,1,Cotte de Maille Miroir,1,1,,0,0,pt,pt,missing_name|missing_printing
6dfe9bfc-37c7-4271-ab30-424dc46ce850,0,spell,10076,26099457,1,Falling Current,3,1,Corriente Fallida,1,1,Überlaufender See,1,1,Courant en Chute,1,1,,0,0,pt,pt,missing_name|missing_printing
253802bc-ecd2-4031-aedd-b8695a6ebf71,0,trap,9972,43813459,1,Photon Current,2,1,Corriente Fotónica,1,1,Photonenstrom,1,1,Charge Photon,1,1,,0,0,pt,pt,missing_name|missing_printing
6f72106a-9bfe-49ba-98b3-5dfb567a515e,0,monster,7039,87350908,1,Masked Chopper,2,1,Cortador Enmascarado,1,1,Maskierter Chopper,1,1,Hacheur Masqué,1,1,,0,0,pt,pt,missing_name|missing_printing
c23a367d-522e-4b42-9a76-b7168243cc97,0,spell,9129,11813722,1,Barkion's Bark,2,1,Corteza de Dragonteza,1,1,Barkions Rinde,1,1,Écorce de Barkion,1,1,,0,0,pt,pt,missing_name|missing_printing
0afec5cf-f538-491a-8998-c78808f33c4f,0,spell,7629,75967082,1,Short Circuit,3,1,Cortocircuito,1,1,Kurzschluss,1,1,Court-Circuit,1,1,,0,0,pt,pt,missing_name|missing_printing
8cc51afa-b942-42ac-863d-3067f8176c58,0,spell,9664,20264508,1,Thunder Short,3,1,Cortocircuito de Relámpago,1,1,Donner-Kurzschluss,1,1,Court-Circuit de Tonnerre,1,1,,0,0,pt,pt,missing_name|missing_printing
4ee63d45-5717-424e-92dd-e4b2dd3efba9,0,monster,6465,66973070,1,Dreadscythe Harvester,6,3,Cosechador de la Guadaña del Terror,3,2,Schreckenssensen-Ernter,3,2,Insecte Assassin à la Faux,3,2,,0,0,pt,pt,missing_name|missing_printing
766b46c2-a488-4a6b-a36e-acd7b6c20839,0,monster,,,1,Crack Blitzclique,0,0,,0,0,,0,0,,0,0,,0,0,es|de|fr|pt,en|es|de|fr|pt,missing_passcode|missing_name|missing_printing
3040f141-9c83-4731-b60e-73da24388855,0,monster,9626,87526784,1,Crashbug X,3,1,Crashbug X,1,1,Computerbug X,1,1,Bogue X,1,1,,0,0,pt,pt,missing_name|missing_printing
54a38260-f64a-491a-80e6-f01bb3cdb6c4,0,monster,9627,23915499,1,Crashbug Y,3,1,Crashbug Y,2,1,Computerbug Y,1,1,Bogue Y,1,1,,0,0,pt,pt,missing_name|missing_printing
0287317a-e777-4aa4-b411-e25064238bd7,0,monster,9628,50319138,1,Crashbug Z,3,1,Crashbug Z,1,1,Computerbug Z,1,1,Bogue Z,1,1,,0,0,pt,pt,missing_name|missing_printing
9b5f6e64-2305-4a44-a7d0-9215bc4b76de,0,monster,10251,15893860,1,Snowman Creator,3,1,Creador de Hombres de Nieve,1,1,Schneemann-Maschine,1,1,Créateur de Bonhommes de Neige,1,1,,0,0,pt,pt,missing_name|missing_printing
8efbdced-16b3-45f5-9a2b-983d158767f4,0,monster,10685,,2,Creator of Hope,0,0,,0,0,,0,0,,0,0,,0,0,es|de|fr|pt,en|es|de|fr|pt,missing_passcode|missing_name|missing_printing
17d1a709-75ac-4d73-a6db-2c3647a8fa61,0,monster,11124,60087721,1,Creator of Miracles,0,0,,0,0,,0,0,,0,0,,0,0,es|de|fr|pt,en|es|de|fr|pt,missing_name|missing_printing
c0208e7a-422b-4b21-8945-f3730dc1b95a,0,monster,5045,75285069,1,Moisture Creature,4,3,Criatura de la Humedad,2,2,Feuchtigkeitskreatur,2,2,Créature de la Buée,2,2,,0,0,pt,pt,missing_name|missing_printing
4c2d3e7f-4dde-4f24-a964-1fdf698fa69c,0,monster,22722,29053656,3,Crimson Dragon Quetzacoatl,0,0,,0,0,,0,0,,0,0,,0,0,es|de|fr|pt,en|es|de|fr|pt,missing_name|missing_printing
b7a3fe62-b74c-47f7-92a5-157f2360c102,0,monster,5196,28358902,1,Crimson Sentry,5,3,Crimson Sentry,0,0,Blutroter Wachposten,1,1,La Sentinelle Pourpre,1,1,,0,0,pt,es|pt,missing_name|missing_printing
637152b2-834c-53c2-ab6f-80c75169f771,0,,23432,,0,Crocodile,1,1,,0,0,,0,0,,0,0,,0,0,es|de|fr|pt,es|de|fr|pt,missing_passcode|missing_name|missing_printing|missing_art
ac38d939-ffbf-4ed6-b714-a2607835919c,0,monster,10172,93730230,1,Chronomaly Crystal Chrononaut,3,1,Crononauta de Cristal Cronómalo,1,1,Chronomaler Kristallchrononaut,1,1,Chrononaute de Cristal Chronomal,1,1,,0,0,pt,pt,missing_name|missing_printing
384da1ae-928a-49e8-b0c3-33033e5fba37,0,monster,4583,77998771,1,Crow Goblin,0,0,Crow Goblin,0,0,Crow Goblin,0,0,Crow Goblin,0,0,,0,0,pt,en|es|de|fr|pt,missing_name|missing_printing
4c998af5-f034-47c0-88bc-e5e85a0487fe,0,monster,8319,20358953,1,Shark Cruiser,3,1,Crucero Tiburón,1,1,Haikreuzer,1,1,Croiseur Requin,1,1,,0,0,pt,pt,missing_name|missing_printing
73e425fb-a798-5b10-a406-2966d1451f2d,0,,22961,,0,Crackle Blitzclique,2,1,Crujido Blitzclique,2,1,Knister Blitzclique,2,1,Crackle Blitzclique,2,1,Trepidação Blitzclique,2,1,,,missing_passcode|missing_art
c025eab4-0cf8-4a32-bf0e-a7402499e6ea,0,spell,20580,06798031,1,Ryzeal Cross,5,3,Cruza Ryzeal,3,2,Ryzeal-Kreuzung,3,2,Croisement Ryzéal,3,2,Cruzamento Ryzeal,3,2,,,shared_passcode
ca0c8055-cd13-4427-bfc3-735c8559f459,0,monster,8310,32314730,1,Koa'ki Meiru Crusader,3,1,Cruzado Koa'ki Meiru,1,1,Kreuzritter von Koa'ki Meiru,1,1,Paladin Koa'ki Meiru,1,1,,0,0,pt,pt,missing_name|missing_printing
d6fe1343-306c-44f7-abe1-1bcc90cae957,0,monster,10143,51435705,1,Chronomaly Crystal Skull,3,1,Cráneo de Cristal Cronómalo,1,1,Chronomaler Kristallschädel,1,1,Crâne de Cristal Chronomal,1,1,,0,0,pt,pt,missing_name|missing_printing
5feb76c1-9d9d-4285-9343-dfae1c881b8c,0,monster,9753,12755462,1,Goblin Pothole Squad,3,1,Cuadrilla Arreglabaches Goblin,1,1,Goblin-Straßenbautrupp,1,1,Unité Gobeline Nid-de-Poule,1,1,,0,0,pt,pt,missing_name|missing_printing
511309ff-8144-47d2-bd78-4e5b5bc479ad,0,monster,8907,41431329,1,Vylon Cube,5,2,Cubo Vylon,1,1,Vylon-Würfel,1,1,Cube Vylon,1,1,,0,0,pt,pt,missing_name|missing_printing
f96caf97-b7dc-4a04-b9a6-972c48e1bc6c,0,spell,15853,91957038,1,Fairy Tail Tales | Fairy Tale Tails,0,0,Cuentos Colacuento | Cuentos con Cola,0,0,Märchen-Schweife | Märchenschweif-Geschichten,0,0,Conte de Fées des Animaux | Contes Animal Féérique,0,0,Conto de Fadas de Caudas | Contos da Cauda de Fadas,0,0,,en|es|de|fr|pt,missing_printing
a0e1377d-b12e-4b5c-8654-10c97d2096a4,0,spell,7907,70423794,1,Morphtronic Cord,3,1,Cuerda Morfotrónica,1,1,Morphtronisches Kabel,1,1,Câble Morphtronique,1,1,,0,0,pt,pt,missing_name|missing_printing
163a7670-a03b-4577-98aa-2ab8c4bc6fef,0,trap,9849,93396832,1,Smashing Horn,3,1,Cuerno de Aplastar,2,1,Schmetterhorn,1,1,Corne de Destruction,1,1,,0,0,pt,pt,missing_name|missing_printing
288791c5-ac4a-4da0-bf85-9842e3b572bc,0,monster,9387,62007535,1,Steelswarm Longhorn,4,2,Cuernolargo Horda de Acero,1,1,Stahlschar-Langhorn,1,1,Longicorne Colonie de Chrome,1,1,,0,0,pt,pt,missing_name|missing_printing
0024319a-f20d-4ba3-8909-a53d1cf0b255,0,spell,6546,47529357,1,Mist Body,4,3,Cuerpo de Niebla,2,2,Nebelkörper,2,2,Corps Brumeux,3,3,,0,0,pt,pt,missing_name|missing_printing
6a3bfc6b-eefb-418f-bc74-f586a42f1d61,0,skill,-41,,1,Gravekeeper's Lot,1,1,Cuidador de Tumbas y Cía,1,1,Posten des Grabwächters,1,1,Sort des Protecteurs du Tombeau,1,1,Lote do Coveiro,1,1,,,missing_passcode
1d7475c4-5128-421a-bcf1-e0ec8378d56d,0,monster,7333,45045866,1,Ocean's Keeper,3,1,Cuidador del Océano,1,1,Behüter des Ozeans,1,1,Protecteur des Océans,1,1,,0,0,pt,pt,missing_name|missing_printing
ecf8fa75-efae-44ad-a83e-a3750c3e65a2,0,monster,7182,36278828,1,Venom Serpent,3,1,Culebra Venenosa,1,1,Giftseeschlange,1,1,Serpent Venin,1,1,,0,0,pt,pt,missing_name|missing_printing
e5d34993-db08-49cc-b8cd-a42aac77ba6b,0,trap,7353,03701074,1,Dark Cure,2,1,Cura Oscura,1,1,Finstere Heilung,1,1,Guérison Obscure,1,1,,0,0,pt,pt,missing_name|missing_printing
77674be2-9011-4854-8477-d893b0f6912c,0,trap,6914,25050038,1,Chain Healing,3,1,Curación en Cadena,0,0,Kettenheilung,1,1,Soins en Chaîne,1,1,Cura em Cadeia,0,0,,es|pt,missing_printing
26eaeb26-7d30-4c18-b0b4-d47a43024f6f,0,monster,7291,30525991,1,Witch Doctor of Sparta,3,1,Curandero de Esparta,1,1,Hexendoktor von Sparta,1,1,Sorcier Spartiate,1,1,,0,0,pt,pt,missing_name|missing_printing
c8422c84-fd72-4984-bfd9-451e6db350ae,0,monster,4427,06400512,1,Cyber Commander,0,0,Cyber Commander,0,0,Cyber Commander,0,0,Cyber Commander,0,0,,0,0,pt,en|es|de|fr|pt,missing_name|missing_printing
d07bf87a-7e8f-4782-9895-a167964e29f3,0,monster,22719,30275298,3,Cyber End Dragon the Decisive Strike Dragon,0,0,,0,0,,0,0,,0,0,,0,0,es|de|fr|pt,en|es|de|fr|pt,missing_name|missing_printing
27bbf63f-d1b8-4d3f-ab97-72235334ae82,0,monster,4419,44865098,1,Cyber Soldier,0,0,Cyber Soldier,0,0,Cyber Soldier,0,0,Cyber Soldier,0,0,,0,0,pt,en|es|de|fr|pt,missing_name|missing_printing
afbf3c3f-4fe1-407f-af17-34f2610006c5,0,skill,,,1,Cyberdark Scheme,1,1,,0,0,,0,0,,0,0,,0,0,es|de|fr|pt,es|de|fr|pt,missing_passcode|missing_name|missing_printing
84da3cb9-ddea-4fcd-af2b-ee77e66d2c28,0,spell,8991,35262428,1,Wiseman's Chalice,3,1,Cáliz del Sabio,1,1,Kelch des Weisen,1,1,Calice de la Sagesse,1,1,,0,0,pt,pt,missing_name|missing_printing
39823eda-bc0a-4e04-9a15-30a3bc8c0584,0,monster,7878,28124263,1,Morphtronic Cameran,3,1,Cámeran Morfotrónico,1,1,Morphtronische Kamera,1,1,Caméran Morphtronique | Caméran Morphtronique (Actualisé de : Photon Morphtronique),1,1,,0,0,pt,pt,missing_name|missing_printing
97c0f563-e008-41f5-bb35-c0bb269eb852,0,skill,-50,,1,Hieratic Chant,1,1,Cántico Hierático,1,1,Priesterlicher Ruf,1,1,Chant Hiératique,1,1,,0,0,pt,pt,missing_passcode|missing_name|missing_printing
79739177-082f-43a5-a697-2e9b045c3ffa,0,spell,6706,54289683,1,Power Capsule,4,2,Cápsula de Poder,1,1,Energiekapsel,1,1,Capsule de Puissance,1,1,,0,0,pt,pt,missing_name|missing_printing
a2d73fe7-c8cd-4e89-b529-ed1a22d389b9,0,monster,9170,54338958,1,Steelswarm Cell,5,2,Célula Horda de Acero,1,1,Stahlschar-Zelle,1,1,Cellule Colonie de Chrome,1,1,,0,0,pt,pt,missing_name|missing_printing
ea2839a0-19f5-479e-952f-7a82a20510da,0,spell,6898,02561846,1,"Corruption Cell ""A""",3,1,"Célula de Corrupción ""A""",0,0,Korruptionszelle „A“,1,1,"Cellule de Corruption ""A""",1,1,,0,0,pt,es|pt,missing_name|missing_printing
630d956f-7e43-494d-b195-66ec5d884733,0,monster,8811,74730899,1,Batteryman Fuel Cell,3,1,Célula de Energía de Hombre Pila,1,1,Batteriemann Brennstoffzelle,1,1,Homme-Batterie à Combustible,2,1,,0,0,pt,pt,missing_name|missing_printing
c83691ea-b37e-43db-8885-1a0ff8b50a5d,0,spell,7867,68392533,1,Telekinetic Charging Cell,3,1,Célula de Recarga Telekinética,1,1,Telekinetische Aufladungszelle,1,1,Rechargeur Télékinésique,1,1,,0,0,pt,pt,missing_name|missing_printing
3d9651f5-d0df-42e9-8159-7d9054ba6580,0,monster,10134,13492423,1,Photon Caesar,3,1,César Fotónico,1,1,Photonencaesar,1,1,César Photon,1,1,,0,0,pt,pt,missing_name|missing_printing
62c96904-224c-4a40-bbb3-b8edeb5a0f16,0,monster,6662,76986005,1,Cyber Kirin,6,3,Cíber Kirin,2,2,Cyber Kirin,2,2,Cyber Kirin,2,2,,0,0,pt,pt,missing_name|missing_printing
0c63e15c-ce49-440d-8f9b-e0706ed2750a,0,monster,6854,64268668,1,Cyber Ogre,3,1,Cíber Ogro,0,0,Cyber Oger,1,1,Cyber Ogre,1,1,,0,0,pt,es|pt,missing_name|missing_printing
72860025-b06c-4e41-a407-cc7564e9a8b3,0,monster,4303,75559356,1,Cyber Soldier of Darkworld,2,2,Cíber Soldado de lo Oscuro | Cíber Soldado de lo Oscuro (Actualizado de: Ciber Soldado del Mundo Oscuro),1,1,Cybersoldat der Finsternis,1,1,Cybersoldat des Ténèbres,1,1,,0,0,pt,pt,missing_name|missing_printing
98a81f12-c627-4b46-ba49-dbd20ffb0079,0,monster,6855,91663373,1,Cyber Esper,4,1,Cíber Telépata,0,0,Cyber Esper,2,1,Cyber Esper,2,1,,0,0,pt,es|pt,missing_name|missing_printing
f7439f38-5cbf-424a-b2a8-1ddb22082dd7,0,trap,7326,20985997,1,"Detonator Circle ""A""",3,1,"Círculo Detonador ""A""",1,1,Detonatorkreis „A“,1,1,"Cercle de Détonation ""A""",1,1,,0,0,pt,pt,missing_name|missing_printing
8702d0a0-e72e-4dc8-94ca-347f59b3980d,0,monster,9885,64145892,1,Photon Circle,3,1,Círculo Fotónico,1,1,Photonenkreis,1,1,Cercle Photon,1,1,,0,0,pt,pt,missing_name|missing_printing
b6ea5ec4-c3ef-4f9c-97c8-c30e46be1b21,0,trap,6808,24082387,1,Crop Circles,3,1,Círculos en las Cosechas,1,1,Kornkreise,1,1,Cercles Étranges,1,1,,0,0,pt,pt,missing_name|missing_printing
91b76f7d-8560-4d6d-a7cb-c7e7fa700ae8,0,monster,9645,09897998,1,Gusto Codor,3,1,Cóndor Gusto,1,1,Gusto-Kondor,1,1,Gusto Codor,1,1,,0,0,pt,pt,missing_name|missing_printing
0afb2114-5b49-401d-b6e0-2059ffcf30f5,0,monster,6992,10789972,1,Cú Chulainn the Awakened,3,1,Cúchulainn el Despierto,1,1,Cú Chulainn der Erwachte,1,1,"Cú Chulainn, l'Émergent",1,1,,0,0,pt,pt,missing_name|missing_printing
e5c462bf-d153-4087-a979-773513e43394,0,trap,7639,09201964,1,D - Fortune,5,2,D - Fortuna,1,1,D - Geschick,2,2,Fortune D,1,1,,0,0,pt,pt,missing_name|missing_printing
d1e6c15c-6f77-4b31-a7ae-100ac77d5f9e,0,trap,6680,62868900,1,D - Shield,8,4,D- Escudo,2,2,D - Schild,3,3,Bouclier D,2,2,,0,0,pt,pt,missing_name|missing_printing
6fde19a0-1786-44a9-b4f0-058cc6fa065e,0,spell,7621,74329404,1,D - Formation,5,2,D- Formación,1,1,D - Formation,2,2,Formation D,1,1,,0,0,pt,pt,missing_name|missing_printing
43f39417-3843-4e6d-ab43-913752de777f,0,monster,8942,95291684,1,D.D. Unicorn Knight,3,1,D.D. Caballero Unicornio,1,1,D.D. Einhornritter,1,1,Chevalier Unicorne D.D.,2,1,,0,0,pt,pt,missing_name|missing_printing
2c92a297-dec6-4a31-aff2-66d8143fe87a,0,monster,9745,51701885,1,D.D. Telepon,3,1,D.D. Telepon,1,1,D.D. Telepon,1,1,Télépon D.D.,1,1,,0,0,pt,pt,missing_name|missing_printing
aadfa111-33cc-40bc-8a64-18b2675db4af,0,token,,29491335,1,DOG Fighter Token,0,0,DOG Fighter Token,0,0,DOG Fighter Token,0,0,DOG Fighter Token,0,0,,0,0,pt,en|es|de|fr|pt,missing_name|missing_printing
3949d357-5c07-4976-805b-c964631e685a,0,monster,9181,10755984,1,Daigusto Eguls,5,2,Daigusto Eguls,1,1,Daigusto Eguls,1,1,Daigusto Eguls,1,1,,0,0,pt,pt,missing_name|missing_printing
e4eef853-e981-43c9-aeb6-14dd2c587d08,0,monster,9600,34109611,1,Daigusto Falcos,4,2,Daigusto Falcos,1,1,Daigusto Falkos,1,1,Daigusto Falcos,1,1,,0,0,pt,pt,missing_name|missing_printing
e3e13083-b38a-4f97-a382-d09de5f1b6e1,0,monster,9180,84766279,1,Daigusto Gulldos,5,2,Daigusto Gulldos,1,1,Daigusto Gulldos,1,1,Daigusto Gulldos,1,1,,0,0,pt,pt,missing_name|missing_printing
208737ec-4ba8-49c2-ae48-ed05eeae8288,0,monster,9605,02766877,1,Daigusto Phoenix,4,2,Daigusto Phoenix,1,1,Daigusto Phönix,1,1,Daigusto Phénix,1,1,,0,0,pt,pt,missing_name|missing_printing
c5235f15-0775-4fd0-b8fe-b02f2a4e39db,0,monster,9585,08041569,1,Laval Lakeside Lady,4,2,Dama Laval de la Ribera del Lago,1,1,Laval-Seeufer-Dame,1,1,Dame Lacustre Laval,1,1,,0,0,pt,pt,missing_name|missing_printing
d15988fc-bc41-4e6b-b174-12f3524a084f,0,monster,5193,38480590,1,Lady Panther,4,3,Dama Pantera,0,0,Lady Panther,1,1,Dame Panthère,1,1,,0,0,pt,es|pt,missing_name|missing_printing
e66a91ba-90d6-4dc7-8baf-5b70ee58969b,0,monster,5026,17214465,1,Maiden of the Aqua,4,3,Dama de Aqua,1,1,Jungfer des Wassers,2,2,Servante de l'Aqua,2,2,Dama da Água,0,0,,pt,missing_printing
82248f64-49da-46ef-92ed-3a86bb2d94d1,0,monster,4401,59983499,1,Dancing Elf,1,1,Dancing Elf,0,0,Dancing Elf | Tanzender Elf,0,0,Dancing Elf | Elfe Dansante,0,0,,0,0,pt,es|de|fr|pt,missing_name|missing_printing
1750b16a-c0ec-5623-93c2-27289de8623b,0,,22935,,0,Evolved Daneen,1,1,Daneen Evolucionado,1,1,Entwickelter Daneen,1,1,Daneen Évolué,1,1,"Daneen, o Evoluído",1,1,,,missing_passcode|missing_art
ea162f13-8164-40df-8367-014cafb7b540,0,skill,,,1,Dark Creation,1,1,,1,1,,1,1,Création des Ténèbres,1,1,,1,1,es|de|pt,,missing_passcode|missing_name
aabb504d-21ee-4352-a016-efd4c9704fcc,0,monster,22735,52768390,3,Dark Creator,0,0,,0,0,,0,0,,0,0,,0,0,es|de|fr|pt,en|es|de|fr|pt,missing_name|missing_printing
8f4edd18-574a-4715-9596-75432d041bb7,0,monster,4129,13193642,1,Dark Plant,0,0,Dark Plant,0,0,Dark Plant,0,0,Dark Plant,0,0,,0,0,pt,en|es|de|fr|pt,missing_name|missing_printing
3a234369-6dfe-44a5-b596-977097cae3c2,0,monster,22730,90091224,2,Dark Rebellion Xyz Dragon of the Four Heavenly Dragons,0,0,,0,0,,0,0,,0,0,,0,0,es|de|fr|pt,en|es|de|fr|pt,missing_name|missing_printing
459fd9e3-8688-43b0-a982-2232302e320d,0,monster,4187,40196604,1,Dark Shade,0,0,Dark Shade,0,0,Dark Shade,0,0,Dark Shade,0,0,,0,0,pt,en|es|de|fr|pt,missing_name|missing_printing
1f18b4ab-736a-4ee9-879f-a27cf2c2d7ee,0,monster,22737,15141103,3,Dark Tuner Catastrogue,0,0,,0,0,,0,0,,0,0,,0,0,es|de|fr|pt,en|es|de|fr|pt,missing_name|missing_printing
3808d483-5ac5-4837-abc1-6a31e1bf60fc,0,monster,22738,51546708,3,Dark Tuner Nightmare Hand,0,0,,0,0,,0,0,,0,0,,0,0,es|de|fr|pt,en|es|de|fr|pt,missing_name|missing_printing
131e19dc-22f8-46ee-ac36-eea945e89682,0,skill,,,1,Dark Unity,1,1,,1,1,,1,1,Unité des Ténèbres,1,1,,1,1,es|de|pt,,missing_passcode|missing_name
e94d1c26-bb1b-46a0-ba47-b665e4f93d74,0,monster,,,1,Darkness/Monster A,0,0,,0,0,,0,0,,0,0,,0,0,es|de|fr|pt,en|es|de|fr|pt,missing_passcode|missing_name|missing_printing
2a4ed548-265d-4f84-8310-7f53f6dabd2b,0,monster,,,1,Darkness/Monster B,0,0,,0,0,,0,0,,0,0,,0,0,es|de|fr|pt,en|es|de|fr|pt,missing_passcode|missing_name|missing_printing
729d29bd-8239-46d5-b05f-7265c71fb1da,0,spell,,,1,Darkness/Spell A,0,0,,0,0,,0,0,,0,0,,0,0,es|de|fr|pt,en|es|de|fr|pt,missing_passcode|missing_name|missing_printing
6c9e4e0a-c2b6-4e35-801c-c8ac29461469,0,trap,,,1,Darkness/Trap A,0,0,,0,0,,0,0,,0,0,,0,0,es|de|fr|pt,en|es|de|fr|pt,missing_passcode|missing_name|missing_printing
992c8fd2-9b25-4508-b241-2bc91ffa6630,0,trap,,,1,Darkness/Trap B,0,0,,0,0,,0,0,,0,0,,0,0,es|de|fr|pt,en|es|de|fr|pt,missing_passcode|missing_name|missing_printing
07a3385d-3db7-4203-8393-495b7f817b00,0,trap,,,1,Darkness/Trap C,0,0,,0,0,,0,0,,0,0,,0,0,es|de|fr|pt,en|es|de|fr|pt,missing_passcode|missing_name|missing_printing
7c8ea7ef-2371-411d-9ef6-aef868c3503b,0,trap,,,1,Darkness/Trap D,0,0,,0,0,,0,0,,0,0,,0,0,es|de|fr|pt,en|es|de|fr|pt,missing_passcode|missing_name|missing_printing
0ee38d7d-5cb6-4183-a660-4484a1911fe0,0,trap,,,1,Darkness/Trap E,0,0,,0,0,,0,0,,0,0,,0,0,es|de|fr|pt,en|es|de|fr|pt,missing_passcode|missing_name|missing_printing
f47cb94e-3a81-46b7-981e-ab2728bbadb8,0,monster,10050,39672388,1,Evolsaur Darwino,3,1,Darwino Evolusaurio,2,1,Evolsaurier Darwino,1,1,Évolsaure Darwino,1,1,,0,0,pt,pt,missing_name|missing_printing
4b65a71c-2891-4a3f-ab25-fcb0f41a8313,0,token,,84816245,1,Data Acorn Token,0,0,Data Acorn Token,0,0,Data Acorn Token,0,0,Data Acorn Token,0,0,,0,0,pt,en|es|de|fr|pt,missing_name|missing_printing
a75858d4-4032-4eb3-9659-bd8ec2ca3f68,0,token,,23331401,1,Data Token,0,0,Data Token,0,0,Data Token,0,0,Data Token,0,0,,0,0,pt,en|es|de|fr|pt,missing_name|missing_printing
2f85bd68-7172-44f2-8d31-559db647f6ee,0,monster,7876,66331855,1,Morphtronic Datatron,3,1,Datatron Morfotrónico,1,1,Morphtronischer Datatron,1,1,Datatron Morphtronique,1,1,,0,0,pt,pt,missing_name|missing_printing
cd106cb9-12a8-444d-9759-7091f4349c93,0,trap,7167,44584775,1,Damage = Reptile,1,1,Daño = Reptil,0,0,Schaden = Reptil,0,0,Dommages = Reptile,0,0,Dano = Réptil,0,0,,es|de|fr|pt,missing_printing
305bdc31-3c35-4693-978e-41af3a1ad7ee,0,trap,7015,08323633,1,Cloak and Dagger,6,2,De Capa y Espada,3,2,Umhang und Dolch,3,2,Espionnage,3,2,,0,0,pt,pt,missing_name|missing_printing
eaed0121-c2b7-4c98-bb03-f2f96fbea3c9,0,spell,9532,79718768,1,Out of the Blue,3,1,De Repente,1,1,Aus heiterem Himmel,1,1,Sans Avertissement,1,1,,0,0,pt,pt,missing_name|missing_printing
b81b5a83-e298-4ca1-aeee-8bcb1208b525,0,trap,5266,69122763,1,Deal of Phantom,5,3,Deal of Phantom,0,0,Phantomabkommen,1,1,Le Pacte des Fantômes,1,1,,0,0,pt,es|pt,missing_name|missing_printing
ff2f0569-e7a1-4025-ad3d-ca36917294f2,0,monster,,20240828,1,Decoy,0,0,,0,0,,0,0,,0,0,,0,0,es|de|fr|pt,en|es|de|fr|pt,missing_name|missing_printing
3260e0ca-a76b-4a8c-bc4f-be928835b490,0,monster,6742,25034083,1,Decoyroid,3,1,Decoyroid,1,1,Decoyroid,1,1,Leurroid,1,1,,0,0,pt,pt,missing_name|missing_printing
a173afb3-e465-40aa-a1ec-6b8ad36f8b48,0,monster,4193,49258578,1,Gate Deeg,0,0,Deeg de recaudición,0,0,Tordeeg,0,0,Portail ventral,0,0,,0,0,pt,en|es|de|fr|pt,missing_name|missing_printing
dad443c6-c515-438e-a98d-f8da479af262,0,monster,22717,67886895,3,"Deep-Eyes White Dragon, the Blue Abyss",0,0,,0,0,,0,0,,0,0,,0,0,es|de|fr|pt,en|es|de|fr|pt,missing_name|missing_printing
eee780ae-d517-4639-af27-977a72fe8b0b,0,spell,9923,44883600,1,Double Defender,3,1,Defensor Doble,1,1,Doppelverteidiger,1,1,Double Défenseur,1,1,,0,0,pt,pt,missing_name|missing_printing
05f892b7-3fe0-45f0-856f-d03651d2ffdd,0,monster,9475,77700347,1,Necro Defender,2,1,Defensor Necro,1,1,Todesverteidiger,1,1,Défenseur Nécro,1,1,,0,0,pt,pt,missing_name|missing_printing
2455069c-8aff-41b2-bf9d-f1ba01ace63c,0,monster,7709,24025620,1,Twin-Shield Defender,3,1,Defensor de Escudos Gemelos,1,1,Zwillingsschild-Verteidiger,1,1,Défenseur à Double Boucliers,1,1,,0,0,pt,pt,missing_name|missing_printing
ac8b05fd-0ae5-4c6a-9a8d-4f2334a63a4a,0,trap,7758,24545464,1,Synchro Deflector,3,1,Deflector de Sincronía,1,1,Synchro-Ablenker,1,1,Réfraction Synchronique,1,1,,0,0,pt,pt,missing_name|missing_printing
f6cc1531-aa6b-44cc-ade2-5d2306285dfe,0,trap,9947,37421075,1,Degen-Force,3,1,Degen-Fuerza,1,1,Degenkraft,1,1,Force-Dégen,1,1,,0,0,pt,pt,missing_name|missing_printing
ac8fee2a-bdf4-4bf8-9044-ccf44b97a69b,0,monster,6764,42682609,1,Chrysalis Dolphin,5,2,Delfín Crisálida,2,2,Verpuppter Delfin,2,2,Dauphin Chrysalide,2,2,,0,0,pt,pt,missing_name|missing_printing
a8baabfd-695e-49ec-93a1-e8caba36e0d7,0,monster,7174,78734254,1,Neo-Spacian Marine Dolphin,3,1,Delfín Marino Neo Espacial,1,1,Neo-Weltraum Marine Dolphin,1,1,Dauphin Marin Néo-Spacien,1,1,,0,0,pt,pt,missing_name|missing_printing
69b62d61-c981-4e7a-932c-d267f2e73443,0,skill,,,1,Delicious Morsel!,1,1,,1,1,,1,1,Délicieuse Bouchée !,1,1,,1,1,es|de|pt,,missing_passcode|missing_name
bd2e48e6-3e70-4959-8382-a751145a8708,0,monster,8806,12079734,1,Delta Tri,4,2,Delta Tri,2,2,Delta Tri,2,2,Delta Tri,2,2,,0,0,pt,pt,missing_name|missing_printing
6a83315f-8216-4fdb-bb85-bd895ead3b94,0,monster,22734,26364381,3,Demiurge Ema,0,0,,0,0,,0,0,,0,0,,0,0,es|de|fr|pt,en|es|de|fr|pt,missing_name|missing_printing
877bd698-c7f8-40f9-bab4-5f7e365c5b4f,0,trap,5314,76297408,1,Soul Demolition,5,4,Demolición de Almas | Demolición del Alma,2,2,Seelenzerstörung,2,2,Démolition de l'Âme,2,2,,0,0,pt,pt,missing_name|missing_printing
514ec024-c0c5-43bc-adde-09451cfbb387,0,trap,7320,26834022,1,Disarm,3,1,Desarmar,1,1,Entwaffnen,1,1,Désarmer,1,1,,0,0,pt,pt,missing_name|missing_printing
b188770e-51c7-4602-84b8-a48977738e6a,0,trap,7272,18158397,1,Natural Disaster,3,1,Desastre Natural,1,1,Naturkatastrophe,1,1,Désastre Naturel,1,1,,0,0,pt,pt,missing_name|missing_printing
438846aa-33d1-4c66-b11a-f3cdf9cf9711,0,trap,10288,22047978,1,Battle Break,3,1,Descanso en la Batalla,1,1,Kampfpause,1,1,Arrêt de Combat,1,1,,0,0,pt,pt,missing_name|missing_printing
b352f6e0-baa1-4da2-af17-9d12ba5b8981,0,spell,8208,63018036,1,Iron Core Immediate Disposal,3,1,Descarte Inmediato del Núcleo de Hierro,1,1,Eilige Entsorgung des Eisenkerns,1,1,Élimination Immédiate du Noyau d'Énergie,1,1,,0,0,pt,pt,missing_name|missing_printing
53c43b88-2f41-4403-a6e0-65ae6c5d077b,0,monster,8639,30213599,1,Gravekeeper's Descendant,8,4,Descendiente del Cuidador de Tumbas,3,3,Grabwächters Abkömmling,3,3,Héritier des Protecteurs du Tombeau,3,3,,0,0,pt,pt,missing_name|missing_printing
4b237919-72e2-4430-a996-986aa4debf88,0,skill,-56,,1,Into the Darkness Below,1,1,Descenso a la Oscuridad,1,1,Hinab in die Finsternis,1,1,Dans l'Obscurité d'en Bas,1,1,Na Escuridão Profunda,1,1,,,missing_passcode
eca461ef-1ceb-4652-9625-a2c40abaa6ae,0,monster,4569,17238333,1,Wretched Ghost of the Attic,2,1,Desdichado Fantasma del Desván,0,0,Elender Geist des Dachbodens,1,1,Misérable Fantôme du Grenier,1,1,Mísero Fantasma do Sotão,0,0,,es|pt,missing_printing
073f0431-41dd-4668-8830-1f5fffa49410,0,monster,9206,70187958,1,Dark Desertapir,3,1,Desertapir Oscuro,1,1,Finsterer Wüstentapir,1,1,Tapir Sauvage des Ténèbres,1,1,,0,0,pt,pt,missing_name|missing_printing
a89bc29c-57c5-473a-898e-797d1edd0eb2,0,skill,,,1,Deserts Peril,1,1,,0,0,,0,0,,0,0,,0,0,es|de|fr|pt,es|de|fr|pt,missing_passcode|missing_name|missing_printing
f2dca926-f695-4589-9bdb-c35dbfc4925e,0,trap,8359,72885174,1,Slip of Fortune,3,1,Desliz de la Fortuna,1,1,Wink des Schicksals,1,1,Faux Pas Heureux,1,1,,0,0,pt,pt,missing_name|missing_printing
3bcfff66-6d44-4bff-b511-ec242d5721e5,0,skill,,,1,Blaze Accelerator Deployment (Skill Card),1,1,Despliegue del Acelerador de Llama,1,1,Glutbeschleuniger-Einsatz,1,1,Déploiement d'Accélérateur de Flammes,1,1,,1,1,pt,,missing_passcode|missing_name
d1106ab6-d5bb-48bb-b33f-566d5413abc1,0,spell,5394,25345186,1,After the Struggle,3,3,Después de la Batalla,1,1,Nach der großen Schlacht,1,1,Après la Bataille,1,1,,0,0,pt,pt,missing_name|missing_printing
cddcf129-4cba-4628-98e2-9b55717f0e1f,0,trap,7009,09267769,1,Flashbang,3,1,Destello,1,1,Blitzknall,1,1,Flashbang,1,1,,0,0,pt,pt,missing_name|missing_printing
479c3dc9-b304-58b9-8614-20e213820b11,0,,23307,,0,Angelechy Destrier,1,1,Destrero Angelequia,1,1,Engelechy Destrier,1,1,Destrier Angetélité,1,1,Destrier de Anjoléquia,1,1,,,missing_passcode|missing_art
50ea2350-ecfc-4e1a-a11b-1bde94683ec4,0,skill,-23,,1,Dino Destruction,1,1,Destrucción Dinosáurica,1,1,Dinozerstörung,1,1,Le Dino Destructeur,1,1,Destruição do Dinossauro,1,1,,,missing_passcode
a62a7f0e-8dc4-4174-9e58-8aa05da11ce5,0,trap,6677,62980542,1,Destruction of Destiny,8,3,Destrucción del Destino,3,2,Zerstörung des Schicksals,3,2,Destruction de la Destinée,3,2,,0,0,pt,pt,missing_name|missing_printing
8a309def-d7f2-4b9b-8432-8ea590da76a6,0,trap,,,1,Destruction Chant of the Sacred Beast,0,0,,0,0,,0,0,,0,0,,0,0,es|de|fr|pt,en|es|de|fr|pt,missing_passcode|missing_name|missing_printing
d7142537-8781-481f-8794-2c937be56496,0,skill,,,1,Destructive Fate,1,1,,0,0,,0,0,,0,0,,0,0,es|de|fr|pt,es|de|fr|pt,missing_passcode|missing_name|missing_printing
02c37730-196b-4d87-bfc1-577b69d274c7,0,monster,7983,93709215,1,Darkness Destroyer,4,2,Destructor de la Oscuridad,1,1,Finsterniszerstörer,2,2,Destructeur des Ténèbres,1,1,Destruidor das Trevas,0,0,,pt,missing_printing
8ca1c61a-0686-4628-9558-533c0c8c67dc,0,trap,6915,51449743,1,Chain Detonation,3,1,Detonación de Cadena,0,0,Kettendetonation,1,1,Détonations en Chaîne,1,1,Detonação em Cadeia,0,0,,es|pt,missing_printing
46facc3e-67dd-43a1-984d-6d6782fadebb,0,token,,85771021,1,Deus Token,0,0,Deus Token,0,0,Deus Token,0,0,Deus Token,0,0,,0,0,pt,en|es|de|fr|pt,missing_name|missing_printing
3cfc350f-c307-405e-bf13-c685b6b41553,0,trap,10300,59957503,1,Cash Back,3,1,Devolución de Dinero,1,1,Rückzahlung,1,1,Retour d'Argent,1,1,,0,0,pt,pt,missing_name|missing_printing
d9ea697c-5e0c-40bc-a9e0-10fd2f04b191,0,monster,6976,98336111,1,Fusion Devourer,6,2,Devorador de Fusión,2,1,Fusionsverschlinger,2,1,Dévoreur de Fusion,2,1,,0,0,pt,pt,missing_name|missing_printing
df29d29d-74bf-4598-98d1-e2dbb7e82da4,0,monster,4550,96967123,1,Dharma Cannon,1,1,Dharma Cannon,0,0,Dharma Cannon | Dharma Kanone | Kanonen-Dharma,0,0,Canon Dharma | Dharma Cannon,0,0,,0,0,pt,es|de|fr|pt,missing_name|missing_printing
f4cec32d-a7f9-4987-8fbe-48e42c668fec,0,monster,4031,69669405,1,Horn Imp,0,0,Diablillo de Cuerno,0,0,Hornkobold,0,0,Lutin à Corne,0,0,Demônio de Chifre,0,0,,en|es|de|fr|pt,missing_printing
0ab1ba34-1801-478e-b256-9ab125048a0e,0,monster,6004,67688478,1,Gemini Imps,2,2,Diablillos Géminis,1,1,Zwillingsunholde,1,1,Démons Jumeaux,1,1,,0,0,pt,pt,missing_name|missing_printing
515bea2b-947a-467e-b930-9ac8b369040f,0,trap,9369,76721030,1,Tyrant's Tirade,2,1,Diatriba del Tirano,1,1,Tirade des Tyrannen,1,1,Tirade du Tyran,1,1,Ofensas do Tirano,0,0,,pt,missing_printing
22b50bc4-0da5-4373-a46a-fc51d2e54fb2,0,monster,4429,69893315,1,Dice Armadillo,0,0,Dice Armadillo,0,0,Dice Armadillo,0,0,Dice Armadillo,0,0,,0,0,pt,en|es|de|fr|pt,missing_name|missing_printing
aa6d8c77-5ae6-475f-a2d1-748f0c724d5b,0,trap,9783,95448692,1,Damage Diet,3,1,Dieta de Daño,1,1,Schadensdiät,1,1,Régime Détériorant,1,1,,0,0,pt,pt,missing_name|missing_printing
5329118f-aee6-465e-bcbf-7ef6dd21bc1d,0,skill,,,1,Dig Site Inspection,1,1,,0,0,,0,0,,0,0,,0,0,es|de|fr|pt,es|de|fr|pt,missing_passcode|missing_name|missing_printing
d299a586-60ab-4e8a-b71a-2a9b74c11633,0,skill,,,1,Dino Brain Immunity,1,1,,0,0,,0,0,,0,0,,0,0,es|de|fr|pt,es|de|fr|pt,missing_passcode|missing_name|missing_printing
81c2dc22-50f6-4cba-8756-c96f6db73af4,0,monster,4435,67959180,1,Goddess of Whim,4,3,Diosa del Capricho,2,2,Launische Göttin,2,2,Déesse des Caprices,2,2,,0,0,pt,pt,missing_name|missing_printing
9988b5a5-ccaa-4d7f-8231-6201055117b5,0,monster,9739,17045014,1,Evolsaur Diplo,3,1,Diplo Evolusaurio,1,1,Evolsaurier Diplo,1,1,Évolsaure Diplo,1,1,,0,0,pt,pt,missing_name|missing_printing
cde3cc01-0fb9-4107-a30d-74c67ae910e6,0,skill,-18,,1,Straight to the Grave,1,1,Directo a la Tumba,1,1,Direkt ins Grab,1,1,Direct dans la Tombe,1,1,Destino: Cemitério,1,1,,,missing_passcode
433bd13c-8a7c-456b-b501-1f924e5696c2,0,trap,8358,46480475,1,Discord,4,2,Discordia,1,1,Missklang,1,1,Dissonance,1,1,,0,0,pt,pt,missing_name|missing_printing
d52ed0a6-9ab6-42bf-8586-f7d53f9743ec,0,monster,6594,15595052,1,Disciple of the Forbidden Spell,4,2,Discípulo del Conjuro Prohibido,1,1,Schüler des verbotenen Zaubers,1,1,Disciple de la Magie Interdite,1,1,,0,0,pt,pt,missing_name|missing_printing
77cbb9ce-db8b-4e18-b67c-402f7d6f6a69,0,monster,9603,39987164,1,Vylon Disigma,4,2,Disigma Vylon,1,1,Vylon Disigma,1,1,Disigma Vylon,1,1,,0,0,pt,pt,missing_name|missing_printing
26b2b0d3-1bb5-4e9d-a594-d5cda0e25f98,0,trap,7928,55673611,1,Psychic Trigger,3,1,Disparador Psíquico,1,1,Psi-Trigger,1,1,Détonateur Psychique,1,1,,0,0,pt,pt,missing_name|missing_printing
c42c743d-e4ab-4257-a8b7-8cb560b3a96c,0,monster,7887,26157485,1,Iron Chain Blaster,3,1,Disparador de Cadenas de Hierro,1,1,Eisenketten-Sprenger,1,1,Bombardier Chaîne de Fer,1,1,,0,0,pt,pt,missing_name|missing_printing
73c24612-65a3-457a-91fa-fbc47715d480,0,spell,10276,35220244,1,Gravity Blaster,3,1,Disparador de Gravedad,1,1,Gravitationskanone,1,1,Projection Gravitationnelle,1,1,,0,0,pt,pt,missing_name|missing_printing
175abb93-7fd0-4b4a-8e6a-c58cd509815d,0,monster,7812,30276969,1,Reese the Ice Mistress,4,3,Disparador de Hielo Reese,2,2,Reese die Eisherrin,2,2,"Reese, Maîtresse de la Glace",2,2,,0,0,pt,pt,missing_name|missing_printing
39db58ac-9a3e-484f-bdb1-87b627256177,0,trap,7753,62878208,1,Equip Shot,4,2,Disparo de Equipo,2,2,Ausrüstungsschuss,2,2,Tir d'Équipement,2,2,,0,0,pt,pt,missing_name|missing_printing
49b54b5d-47b8-4f12-81e6-0a6a337f4388,0,spell,5329,69296555,1,Array of Revealing Light,4,3,Dispositivo de Luz Reveladora,1,1,Kampfstellung des Enthüllenden Lichts,1,1,Tableau de Lumière Révélatrice,1,1,,0,0,pt,pt,missing_name|missing_printing
aca70c5d-9b08-470d-bbae-02554b922dbb,0,trap,7327,57384901,1,Interdimensional Warp,3,1,Distorsión Interdimensional,1,1,Interdimensionale Verzerrung,1,1,Trou Interdimensionnel,1,1,,0,0,pt,pt,missing_name|missing_printing
8ddeed98-e665-4397-af2b-db43a9f84ebc,0,trap,,,1,Divine Abyss of the Sacred Beast,0,0,,0,0,,0,0,,0,0,,0,0,es|de|fr|pt,en|es|de|fr|pt,missing_passcode|missing_name|missing_printing
967beddf-9993-4b3d-abdb-df7df3217652,0,token,13488,89907228,1,Divine Dragon Token,0,0,Divine Dragon Token | Ficha Dragón Divino,0,0,Divine Dragon Token | Himmlischer-Drache-Spielmarke,0,0,Divine Dragon Token | Jeton Dragon Divin,0,0,Ficha de Dragão Divino,0,0,,en|es|de|fr|pt,missing_printing
b21adf49-0f19-466b-afa4-5eec9ad73caa,0,monster,4150,97843505,1,Djinn the Watcher of the Wind,0,0,Djinn the Watcher of the Wind,0,0,Djinn the Watcher of the Wind,0,0,Djinn the Watcher of the Wind,0,0,,0,0,pt,en|es|de|fr|pt,missing_name|missing_printing
476426db-b7b8-4ffe-924f-43ca2bcac415,0,monster,9643,46404281,1,Laval Magma Cannoneer,3,1,Doble Cañón Magma Laval,1,1,Laval-Magmakanonier,2,1,Artilleur Magma Laval,1,1,,0,0,pt,pt,missing_name|missing_printing
5192cebb-1d3f-4bf9-b2a3-ee0a9957884e,0,skill,-27,,1,Double Evolution Pill,1,1,Doble Píldora de Evolución,1,1,Doppelte Evolutionspille,1,1,Pilule d'Évolution Double,1,1,,1,1,pt,,missing_passcode|missing_name
64efab49-0c85-40a5-bd61-aad8e07866a1,0,monster,8323,51020079,1,Cyborg Doctor,3,1,Doctor Ciborg,1,1,Cyborg-Doktor,1,1,Docteur Cyborg,1,1,,0,0,pt,pt,missing_name|missing_printing
49d5cdd6-6410-47dd-82c3-0617c4d008ad,0,monster,7715,22171591,1,Doctor Cranium,3,1,Doctor Cráneo,1,1,Doktor Schädel,1,1,Docteur Cranium,1,1,,0,0,pt,pt,missing_name|missing_printing
3b52d197-702a-4baf-be78-fd1cab2aa00a,0,monster,7952,89211486,1,Genex Doctor,4,2,Doctor Genex,1,1,Genex-Doktor,1,1,Docteur Genex,1,1,,0,0,pt,pt,missing_name|missing_printing
acf87a01-6a11-48ff-9d3b-b0d6bf2b7055,0,monster,4159,25882881,1,Dokuroizo the Grim Reaper,0,0,Dokuroizo the Grim Reaper,0,0,"Dokuroizo, Sensenmann",0,0,"Dokuroizo the Grim Reaper | Dokuroizo, le Sinistre Faucheur",0,0,Dokuroizo o estripador impiedoso,0,0,,en|es|de|fr|pt,missing_printing
4990221e-5d04-41ad-80a6-ae4ff77058a5,0,monster,4725,99721536,1,Dokurorider,2,2,Dokurorider,1,1,Dokuro-Reiter,1,1,Dokurorider,1,1,,0,0,pt,pt,missing_name|missing_printing
5cf733ab-a958-4c8f-96b8-05bbc8b4a7aa,0,spell,9705,09780364,1,Gladiator Taming,3,1,Domando al Gladiador,1,1,Gladiatorenzähmung,1,1,Dressage de Gladiateur,1,1,,0,0,pt,pt,missing_name|missing_printing
a4d82127-1db0-42d1-92ac-e1c9448923a8,0,spell,9050,99659159,1,Dragon Mastery,3,1,Dominio del Dragón,1,1,Herrschaft über den Drachen,1,1,Maîtrise des Dragons,1,1,,0,0,pt,pt,missing_name|missing_printing
6a6849e1-7ce7-4732-9e28-55be7e55fbd4,0,monster,,,1,Don Thousand/Monster A,0,0,,0,0,,0,0,,0,0,,0,0,es|de|fr|pt,en|es|de|fr|pt,missing_passcode|missing_name|missing_printing
d4f32d51-35e8-467b-850b-718d49c8162b,0,monster,,,1,Don Thousand/Monster B,0,0,,0,0,,0,0,,0,0,,0,0,es|de|fr|pt,en|es|de|fr|pt,missing_passcode|missing_name|missing_printing
5f34739a-7679-47f1-87b8-0ccb6dc67793,0,monster,,,1,Don Thousand/Monster C,0,0,,0,0,,0,0,,0,0,,0,0,es|de|fr|pt,en|es|de|fr|pt,missing_passcode|missing_name|missing_printing
3c82eb3e-4b95-48b5-a73f-2ed26eddf72f,0,spell,,,1,Don Thousand/Spell A,0,0,,0,0,,0,0,,0,0,,0,0,es|de|fr|pt,en|es|de|fr|pt,missing_passcode|missing_name|missing_printing
0765fa46-1207-4c58-9a09-4fe945775077,0,spell,,,1,Don Thousand/Spell B,0,0,,0,0,,0,0,,0,0,,0,0,es|de|fr|pt,en|es|de|fr|pt,missing_passcode|missing_name|missing_printing
729d50af-4c56-42a2-9af8-8f32046b9835,0,spell,,,1,Don Thousand/Spell C,0,0,,0,0,,0,0,,0,0,,0,0,es|de|fr|pt,en|es|de|fr|pt,missing_passcode|missing_name|missing_printing
32e46737-515d-4a2d-b300-2befb96fb9ee,0,trap,,,1,Don Thousand/Trap A,0,0,,0,0,,0,0,,0,0,,0,0,es|de|fr|pt,en|es|de|fr|pt,missing_passcode|missing_name|missing_printing
0af40a12-f886-4eee-bb8a-9b499940c418,0,trap,,,1,Don Thousand/Trap B,0,0,,0,0,,0,0,,0,0,,0,0,es|de|fr|pt,en|es|de|fr|pt,missing_passcode|missing_name|missing_printing
c6f1a771-4930-449d-a8c2-27568c3d28e1,0,monster,4305,38942059,1,Sonic Maid,1,1,Doncella Sónica,0,0,Klingende Jungfrau,0,0,La Demoiselle Sonique | Vierge Sonique,0,0,,0,0,pt,es|de|fr|pt,missing_name|missing_printing
bff03cce-83e2-44cb-bb7e-f3e3dfa0eb44,0,monster,7660,84055227,1,Maiden of Macabre,4,2,Doncella de lo Macabro,1,1,Makabere Jungfrau,2,2,Vierge Macabre,2,2,Dama do Macabro,0,0,,pt,missing_printing
ad4a1093-87b9-47bd-ae15-e3815c8d0a97,0,token,3940,46173680,2,Doomsday Token,0,0,Doomsday Token | Ficha Día del Juicio,0,0,Doomsday Token | Jüngstes Gericht Spielmarke,0,0,Doomsday Token | Jeton Feu Noir,0,0,Ficha de Juízo Final,0,0,,en|es|de|fr|pt,missing_printing
dbf0dbd5-aa0d-44d3-95da-7566a2bf3242,0,monster,4222,84916669,1,Doriado,0,0,Doriado,0,0,Doriado,0,0,Doriado,0,0,,0,0,pt,en|es|de|fr|pt,missing_name|missing_printing
23c37476-146b-41e7-bfe9-6131927f93e7,0,trap,9680,99657399,1,Asleep at the Switch,3,1,Dormido durante la Guardia,1,1,Gefährliches Nickerchen,1,1,Négligence est Notre Pire Ennemie,1,1,,0,0,pt,pt,missing_name|missing_printing
28cf0df3-931e-4454-934c-5c59923cacb2,0,monster,4201,00756652,1,Doron,0,0,Doron,0,0,Doron,0,0,Doron,0,0,,0,0,pt,en|es|de|fr|pt,missing_name|missing_printing
006b2e1d-0059-4baa-905b-264c5ac689f8,0,monster,4211,24194033,1,Dorover,0,0,Dorover,0,0,Dorover,0,0,Dorover,0,0,Dorover,0,0,,en|es|de|fr|pt,missing_printing
7ea5764f-f585-4568-9635-2daca9007e58,0,token,3929,28355719,1,Double Dude Token,0,0,Double Dude Token | Ficha Double Dude,0,0,Double Dude Token | Double Dude-Spielmarke,0,0,Double Dude Token | Jeton Double Je,0,0,,0,0,pt,en|es|de|fr|pt,missing_name|missing_printing
b743625c-987b-4e46-a341-dbdc23bc8ffb,0,monster,9116,58601383,1,"Gaia Drake, the Universal Force",3,1,"Draco Gaia, la Fuerza Universal",2,1,"Gaia-Drachling, die Universalkraft",2,1,"Gaïa Drakonien, Chevalier Universel",2,1,,0,0,pt,pt,missing_name|missing_printing
842d986a-fe43-4ddb-911b-089bc5b7e814,0,spell,10121,90887783,1,Draconnection,5,1,Draconexión,2,1,Drachenverbindung,2,1,Draconnexion,2,1,,0,0,pt,pt,missing_name|missing_printing
720400ff-65b8-4e6c-910a-b0b848a1c050,0,monster,6545,11125718,1,Lancer Dragonute,4,2,Draconiano de la Lanza,1,1,Lanzen-Drachonaut,1,1,Dragonute Lancier,1,1,,0,0,pt,pt,missing_name|missing_printing
d7f366a5-ce17-4e01-afc3-36b50253486b,0,monster,15586,53184342,1,Dragunity Arma Gram,0,0,Dracounidad Arma Gram,0,0,Dracheneinheit Waffe Gram,0,0,Arsenal Dragunité - Gram,0,0,Arma Gram Dragunidade,0,0,,en|es|de|fr|pt,missing_printing
7f93e214-e855-4470-8b5f-56b3b109136d,0,monster,15587,89172051,1,Dragunity Legatus,0,0,Dracounidad Legatus,0,0,Dracheneinheit Legatus,0,0,Legatus Dragunité,0,0,Legatus Dragunidade,0,0,,en|es|de|fr|pt,missing_printing
ad16ff7b-1584-455c-b0a6-9657c210b14f,0,monster,15588,26577155,1,Dragunity Remus,0,0,Dracounidad Remus,0,0,Dracheneinheit Remus,0,0,Remus Dragunité,0,0,Remus Dragunidade,0,0,,en|es|de|fr|pt,missing_printing
ba244774-9d66-443a-8a17-ca0c0210261f,0,skill,,,1,Dragon Force,1,1,,1,1,,1,1,Force du Dragon,1,1,,1,1,es|de|pt,,missing_passcode|missing_name
43187801-282c-467a-b7fc-e872ace17689,0,monster,8914,75991898,1,Lavalval Dragon,5,2,Dragon Lavalval | Dragón Lavalval,1,1,Lavalval-Drache,1,1,Dragon Lavalval,1,1,Dragão Lavalval,0,0,,pt,missing_printing
ae4cdf9d-ac72-4e54-a26b-d251da26f696,0,monster,4144,09197735,1,Dragon Statue,0,0,Dragon Statue,0,0,Dragon Statue,0,0,Dragon Statue,0,0,,0,0,pt,en|es|de|fr|pt,missing_name|missing_printing
aec18e49-7874-41da-b89c-0a6b164cd493,0,monster,20700,,1,"Dragon of Illumination, Sanctuary's Shield",6,2,,0,0,,0,0,,0,0,,0,0,es|de|fr|pt,es|de|fr|pt,missing_passcode|missing_name|missing_printing
ee0f33ca-9c65-474e-83d1-3ee203846f25,0,token,13297,28053764,1,Dragonoid Token,0,0,Dragonoid Token | Ficha Dragonoide,0,0,Drachonoid-Spielmarke | Dragonoid Token,0,0,Dragonoid Token | Jeton Dragonoïd,0,0,Ficha Dragonoide,0,0,,en|es|de|fr|pt,missing_printing
53626d8b-ada4-4531-808f-cb37b032f3d7,0,monster,4558,57405307,1,"Winged Dragon, Guardian of the Fortress #2",2,2,"Dragón Alado, Guardián de la Fortaleza #2",1,1,"Geflügelter Drache, Festungswächter #2",1,1,"Dragon Ailé, Gardien de la Forteresse N°2",1,1,,0,0,pt,pt,missing_name|missing_printing
10623cff-3d78-4eb9-ba90-7d8369161d85,0,monster,8317,67964209,1,Divine Dragon Aquabizarre,3,1,Dragón Aquabizarro Divino,1,1,Göttlicher Drache Aquabizarr,1,1,Dragon Divin Aquasar,1,1,,0,0,pt,pt,missing_name|missing_printing
0b2f0df0-f2a8-4764-8a3e-10e30e17d921,0,monster,6568,68774379,1,Cyber Barrier Dragon,7,3,Dragón Ciber Barrera | Dragón Ciber Barrera (Actualizado de: Ciber Dragón Barrera),3,2,Cyber Barrier Drache,3,2,Dragon Cyber Barrière | Dragon Cyber Barrière (Actualisé de : Cyber Dragon Barrière),3,2,,0,0,pt,pt,missing_name|missing_printing
c6970651-fee4-414b-8891-3b20238e811a,0,monster,6569,04162088,1,Cyber Laser Dragon,8,3,Dragón Ciber Láser | Dragón Ciber Láser (Actualizado de: Ciber Dragón Láser),3,2,Cyber Laser Drache,3,2,Dragon Cyber Laser | Dragon Cyber Laser (Actualisé de : Cyber Dragon Laser),4,2,,0,0,pt,pt,missing_name|missing_printing
bb5db36b-dd57-46d5-ac88-ef06841e6663,0,monster,13641,44373896,1,Destruction Dragon,2,2,Dragón Destructor,0,0,Zerstörungsdrache,0,0,Dragon Destruction,0,0,Dragão da Destruição,0,0,,es|de|fr|pt,missing_printing
c992b3fa-6ad7-4677-85f4-a43705b0a3e9,0,monster,6611,10032958,1,Divine Dragon - Excelion,6,2,Dragón Divino - Excelion,2,1,Göttlicher Drache - Excelion,2,1,Excelion - Dragon Divin,2,1,,0,0,pt,pt,missing_name|missing_printing
d19c3c19-085a-4c13-bec1-8fbd16e424e2,0,monster,7196,95888876,1,Chthonian Emperor Dragon,5,1,Dragón Emperador Infernal,2,1,Chthonian Imperatordrache,2,1,Empereur Dragon Chthonien,2,1,,0,0,pt,pt,missing_name|missing_printing
414625fc-a89c-4cf0-bb9f-457e3d2b8874,0,monster,8420,09666558,1,Golem Dragon,4,2,Dragón Golem,1,1,Golemdrache,1,1,Dragon Golem,1,1,,0,0,pt,pt,missing_name|missing_printing
9e9ecbd7-3469-4236-8d68-8c2f8865de67,0,monster,7121,09391354,1,Gravi-Crush Dragon,6,3,Dragón Gravi-Crush,2,2,Gravistoß-Drache,2,2,Dragon Gravibroyeur,2,2,,0,0,pt,pt,missing_name|missing_printing
50e77eee-9340-4267-931c-c15f8145eedf,0,monster,5061,73216412,1,Worm Drake,7,5,Dragón Gusano,1,1,Drachenwurm,3,3,Ver - Drakonien | Ver Drakonien,2,2,Dragonete-Lombriga,0,0,,pt,missing_printing
0e512319-2e82-458e-87e1-18cd7bb082c8,0,monster,5062,05600127,1,Humanoid Worm Drake,6,5,Dragón Gusano Humanoide,1,1,Menschlicher Drachenwurm,3,3,Ver Drakonien Humanoïde,2,2,Dragonete-Lombriga Humanoide,0,0,,pt,missing_printing
d64dcd13-9a3a-403b-abc3-c63123a4980d,0,monster,4609,20315854,1,Fairy Dragon,2,1,Dragón Hada,0,0,Feendrache,1,1,Dragon Féérique,1,1,Dragão Fada,0,0,,es|pt,missing_printing
a2c55d12-a518-4da2-9e7f-518a6f26a3a6,0,monster,10047,30794966,1,Hieratic Dragon of Asar,3,1,Dragón Hierático de Asar,2,1,Priesterlicher Drache von Asar,1,1,Dragon Hiératique d'Asar,1,1,,0,0,pt,pt,missing_name|missing_printing
782979ff-465e-41f3-9512-6f4d2a1dc6a8,0,monster,10043,04022819,1,Hieratic Dragon of Eset,3,1,Dragón Hierático de Eset,2,1,Priesterlicher Drache von Eset,1,1,Dragon Hiératique d'Eset,1,1,Dragão Hierático de Eset,0,0,,pt,missing_printing
9cb169e1-f9ee-424d-9432-ca011429a782,0,monster,10048,66789970,1,Hieratic Dragon of Sutekh,5,1,Dragón Hierático de Sutekh,2,1,Priesterlicher Drache von Sutekh,2,1,Dragon Hiératique de Sutekh,2,1,,0,0,pt,pt,missing_name|missing_printing
351b81e1-6f94-4294-b97b-2eed8588090f,0,monster,10321,,1,Legendary Dragon of White,3,2,Dragón Legendario de Blanco,1,1,Legendärer Drache des Weißen,1,1,Dragon Légendaire Blanc,1,1,Lendário Dragão de Branco,1,1,,,missing_passcode
c8ea7716-03c2-4fbb-a380-c54b48857c6b,0,monster,7120,72903645,1,Magna-Slash Dragon,5,2,Dragón Magna-Slash,2,2,Magnahieb-Drache,2,2,Dragon Tranche Magma,2,2,,0,0,pt,pt,missing_name|missing_printing
904cf00e-c53e-4e96-a643-7d22e4929b9f,0,monster,6685,20529766,1,Super-Electromagnetic Voltech Dragon,7,3,Dragón Voltech Súper-Electromagnético,2,1,Super-Elektromagnetischer Voltech-Drache,3,2,Dragon Voltaïque Super-Électromagnétique,3,2,,0,0,pt,pt,missing_name|missing_printing
e022e264-0c13-4706-b096-98e791ef5d16,0,monster,15854,28346136,1,Galaxy-Eyes Cipher X Dragon,0,0,Dragón X Cifrado de Ojos Galácticos,0,0,Galaxieaugen-Cipher-X-Drache,0,0,Dragon X Cipher aux Yeux Galactiques,0,0,Dragão X Críptico de Olhos das Galáxias,0,0,,en|es|de|fr|pt,missing_printing
6a325223-c05d-4861-b2bf-e0cd22b918a4,0,monster,5377,76862289,1,Yamata Dragon,6,5,Dragón Yamata,3,3,Yamata-Drache,3,3,Dragon Yamata,3,3,,1,1,pt,,missing_name
81cfb615-0e50-438d-8697-96bfe86fce3d,0,monster,7899,19974580,1,Iron Chain Dragon,3,1,Dragón de Cadena de Hierro,1,1,Eisenketten-Drache,1,1,Dragon Chaîne de Fer,1,1,Dragão da Corrente de Ferro,0,0,,pt,missing_printing
50138c5f-d8ea-42c6-baee-4e6aea4bed53,0,monster,9334,92361635,1,Atomic Scrap Dragon,5,1,Dragón de Chatarra Atómica,2,1,Atomarer Schrottdrache,2,1,Dragon de Ferraille Atomique,2,1,,0,0,pt,pt,missing_name|missing_printing
6828e39d-a3c2-4bff-8b47-4e22f93051ed,0,monster,6550,73891874,1,White-Horned Dragon,8,5,Dragón de Cuerno Blanco,2,2,Weißhorn-Drache,2,2,Dragon aux Cornes Blanches,3,3,,0,0,pt,pt,missing_name|missing_printing
9dc4d478-6fa6-4173-94c3-70a7f850790f,0,monster,7711,97904474,1,Handcuffs Dragon,5,3,Dragón de Esposas,1,1,Handschellendrache,1,1,Dragon Menottes,1,1,,0,0,pt,pt,missing_name|missing_printing
5a309875-27f9-59e3-8d5b-2dbda89bdaf4,0,,23419,,0,Odd-Eyes Override Dragon,3,1,Dragón de Invalidación de Ojos Anómalos,3,1,Buntäugiger Überschreibdrache,3,1,Dragon Forçage aux Yeux Impairs,3,1,Dragão de Substituição de Olhos Anômalos,3,1,,,missing_passcode|missing_art
4a559944-b8ad-4761-b0c0-833b3521faf0,0,monster,8189,41741922,1,Lava Dragon,3,1,Dragón de Lava,1,1,Lavadrache,1,1,Dragon de Lave,1,1,,0,0,pt,pt,missing_name|missing_printing
91cf5d4b-3400-4582-9bed-1b643747f6e3,0,monster,10109,03070049,1,Snow Dragon,3,1,Dragón de Nieve,1,1,Schneedrache,1,1,Dragon de Neige,1,1,,0,0,pt,pt,missing_name|missing_printing
9492c1c2-d12f-4a2d-9a98-6211907e635c,0,monster,4432,68171737,1,Stone Dragon,2,1,Dragón de Piedra | Stone Dragon,0,0,Steindrache | Stone Dragon,0,0,Dragon de Pierre,1,1,,0,0,pt,es|de|pt,missing_name|missing_printing
0399873f-8f8a-4ef9-b1d6-2ec7c6ce6da5,0,monster,10108,67675300,1,Snowdust Dragon,3,1,Dragón de Polvo de Nieve,1,1,Schneestaubdrache,1,1,Dragon Poussière de Neige,1,1,,0,0,pt,pt,missing_name|missing_printing
7394b599-4f4e-47b5-9816-2e4bf4fafcdd,0,monster,8784,51925772,1,Dread Dragon,3,1,Dragón de Rastas,1,1,Dreadlock-Drache,1,1,Dragon Rasta,1,1,,0,0,pt,pt,missing_name|missing_printing
da5ac262-b864-4438-b64e-387b7766512f,0,monster,14956,63180841,1,Shooting Star Dragon T.G. EX,0,0,Dragón de la Estrella Fugaz T.G. EX,0,0,Sternschnuppen-Drache T.G. EX,0,0,Dragon Étoile Filante EX T.G.,0,0,Dragão da Explosão Estelar T.G. EX,0,0,,en|es|de|fr|pt,missing_printing
c3fc3ca2-3ddf-4eee-950c-698bc45cbd18,0,monster,9800,54936498,1,Influence Dragon,3,1,Dragón de la Influencia,2,1,Einflussdrache,1,1,Dragon Influence,1,1,,0,0,pt,pt,missing_name|missing_printing
b1bf59ca-c4fc-4abd-abb4-57507044e7a8,0,monster,5868,44910027,1,Victory Dragon,3,2,Dragón de la Victoria,1,1,Siegesdrache,1,1,Dragon de la Victoire,1,1,,0,0,pt,pt,missing_name|missing_printing
daa4f9af-2dac-48ea-9c62-1575c12dc3c4,0,monster,7372,25132288,1,Light End Dragon,7,3,Dragón del Fin de la Luz,2,2,Licht End-Drache,3,3,Dragon Ultime de Lumière,2,2,,0,0,pt,pt,missing_name|missing_printing
77a19713-f88d-4abd-b395-de060c386ac1,0,monster,7978,31038159,1,Genesis Dragon,4,2,Dragón del Génesis,1,1,Schöpfungsdrache,1,1,Dragon de la Genèse,1,1,,0,0,pt,pt,missing_name|missing_printing
64a980d5-6629-47ea-8d3b-12cee1c27fd0,0,spell,21620,83838727,1,Drawbread,0,0,,0,0,,0,0,,0,0,,0,0,es|de|fr|pt,en|es|de|fr|pt,missing_name|missing_printing|shared_passcode
c23b6f39-643c-4779-bc55-e2b7d7430447,0,monster,5258,08687195,1,Dreamsprite,4,3,Dreamsprite,0,0,Traumkobold,1,1,Lutin Onirique,1,1,,0,0,pt,es|pt,missing_name|missing_printing
f8c4c486-f6c7-544c-8225-ad1776545dc7,0,,22991,,0,Clown Crew Dristy,1,1,Dristy de la Compañía de Payasos,1,1,Clowntrupp Dristy,1,1,Dristy de la Troupe des Clowns,1,1,Companhia de Palhaços Dristy,1,1,,,missing_passcode|missing_art
37737533-ea49-4d8b-86fe-968721a7f4d3,0,monster,4213,97973387,1,Droll Bird,3,2,Droll Bird,0,0,Droll Bird,0,0,Droll Bird,0,0,,0,0,pt,es|de|fr|pt,missing_name|missing_printing
bfddbe60-d25e-4b00-bd3c-defd4d74fd5d,0,monster,5032,06979239,1,Woodland Sprite,4,3,Duende del Bosque,1,1,Waldgeist,1,1,Fée des Bois,1,1,,0,0,pt,pt,missing_name|missing_printing
c98ff316-4ef8-49da-a139-6fe83121ef46,0,monster,8293,73837870,1,Sunny Pixie,3,1,Duendecilla Brillante,1,1,Strahlende Pixie,2,2,Pixie Enchantée,1,1,,0,0,pt,pt,missing_name|missing_printing
de2ae9b8-0b2c-4404-96dd-0ef0483d53f8,0,monster,8903,15169262,1,Laval Forest Sprite,5,2,Duendecilla del Bosque Laval,1,1,Laval-Waldfee,1,1,Esprit de la Forêt Laval,2,1,,0,0,pt,pt,missing_name|missing_printing
1e306301-1c77-4fc3-8da6-9ee730718838,0,spell,21620,83838727,1,Sandwich Day,1,1,Día de Sándwich,1,1,Sandwich-Tag,1,1,Journée du Sandwich,1,1,Dia do Sanduíche,1,1,,,shared_passcode
4284e584-85c9-48fd-afb6-7962f87a3316,0,monster,5219,32541773,1,The Portrait's Secret,5,4,EL Secreto del Retrato | El Secreto del Retrato,1,1,Geheimnis des Porträts,2,2,Le Secret du Portrait,1,1,,0,0,pt,pt,missing_name|missing_printing
0d230529-e1a5-4dbe-a898-d29f27b0ab62,0,token,17073,,1,Ecclesia the Exiled,1,1,Ecclesia la Exiliada,1,1,Ecclesia die Verbannte,1,1,Ecclésia l'Exillée,1,1,"Ecclesia, a Exilada",1,1,,,missing_passcode
845002fc-98da-46a1-8c77-1d09599ae25d,0,spell,7740,32663969,1,Domino Effect,4,2,Efecto Dominó,2,2,Dominoeffekt,2,2,Effet de Domino,2,2,,0,0,pt,pt,missing_name|missing_printing
316b659c-f9c4-4328-b13b-8720262a5b95,0,monster,7213,54766667,1,Light Effigy,3,1,Efigie de Luz,1,1,Bildnis des Lichts,1,1,Symbole Céleste,1,1,,0,0,pt,pt,missing_name|missing_printing
a219a16b-cd6d-478f-a4f0-12c1618a0dcf,0,monster,7214,81755371,1,Dark Effigy,3,1,Efigie de Oscuridad,1,1,Bildnis der Finsternis,1,1,Symbole des Ténèbres,1,1,,0,0,pt,pt,missing_name|missing_printing
acf347d0-8139-48f8-b676-ea42ab23778e,0,monster,7367,53461122,1,Earth Effigy,3,1,Efigie de la Tierra,1,1,Erdbildnis,1,1,Symbole de la Terre,2,1,,0,0,pt,pt,missing_name|missing_printing
622d138b-a2db-4a32-8568-0bf677f709b8,0,monster,7368,99865167,1,Wind Effigy,3,1,Efigie del Viento,1,1,Windbildnis,1,1,Symbole du Vent,1,1,,0,0,pt,pt,missing_name|missing_printing
6f8a4ac8-fe0b-4171-ac3f-f8939746aa0b,0,token,,40844553,1,Einherjar Token,0,0,Einherjar Token,0,0,Einherjar Token,0,0,Einherjar Token,0,0,,0,0,pt,en|es|de|fr|pt,missing_name|missing_printing
20a8d6fd-1716-49d1-86c2-9902bec94491,0,monster,8106,93211836,1,Genex Army,4,2,Ejército Genex,1,1,Genex-Armee,1,1,Armée Genex,1,1,,0,0,pt,pt,missing_name|missing_printing
af8c6d33-1260-4645-a71b-b5ea40ee558e,0,spell,5277,69954399,1,Ekibyo Drakmord,6,5,Ekibyo Drakmord,2,2,Ekibyo Drakmord,3,3,Ekibyo Drakomord,3,3,,0,0,pt,pt,missing_name|missing_printing
384b1a43-7bbb-4a3b-b91c-645f333cb6ef,0,skill,-38,,1,Rise of the Fallen,1,1,El Alzamiento de los Caídos,1,1,Auferstehung der Gefallenen,1,1,Ascension des Déchus,1,1,,0,0,pt,pt,missing_passcode|missing_name|missing_printing
b6e63860-c66e-4775-b42c-7d156a9138da,0,monster,10149,49191560,1,Charioteer of Prophecy,3,1,El Auriga de la Profecía,1,1,Der Wagen der Prophezeiung | Der Wagenlenker der Prophezeiung,1,1,Cocher de la Prophétie,1,1,,0,0,pt,pt,missing_name|missing_printing
3f3b6bef-1cc0-4c37-848d-7e6f081e5306,0,monster,5019,83764996,1,The Illusory Gentleman,3,2,El Caballero Ilusorio,0,0,Illusionärer Herr,0,0,Le Gentleman de l'Illusion,0,0,,0,0,pt,es|de|fr|pt,missing_name|missing_printing
a705c126-1ca9-4270-b06f-5092e9945aef,0,spell,7003,11102908,1,Shien's Castle of Mist,4,2,El Castillo de Niebla de Shien,2,2,Shiens Schloss des Nebels,2,2,Château de Brume de Shien,2,2,,0,0,pt,pt,missing_name|missing_printing
09736db4-d48f-4f94-bf91-e0ed49375254,0,monster,5324,01525329,1,The Hunter with 7 Weapons,3,2,El Cazador con 7 Armas,0,0,Der Jäger mit 7 Waffen | The Hunter with 7 Weapons,0,0,Le Chasseur avec 7 Armes | The Hunter with 7 Weapons,0,0,O Caçador com Sete Armas,0,0,,es|de|fr|pt,missing_printing
46bdf035-7be3-4cd1-961f-4d1829ba3d4f,0,spell,10287,95642274,1,The Humble Sentry,3,1,El Centinela Humilde,1,1,Der demütige Wachposten,1,1,La Sentinelle Humble,1,1,,0,0,pt,pt,missing_name|missing_printing
efcc9f6a-7f2a-4efd-af00-0c01fd211647,0,monster,7419,92719314,1,The Dark Creator,6,3,El Creador Oscuro,3,3,Der finstere Schöpfer,4,3,Le Créateur des Ténèbres,3,3,,0,0,pt,pt,missing_name|missing_printing
b2251d9d-2bb4-4e63-9968-b40e3f240b5e,0,monster,10312,56174248,1,Prophecy Destroyer,7,2,El Destructor de la Profecía,4,2,Prophezeiungszerstörer,4,2,Destructeur de la Prophétie,4,2,,0,0,pt,pt,missing_name|missing_printing
3de51dd0-cc7d-4a48-8712-6825597a7fc7,0,trap,7925,66395299,1,Doppelganger,3,1,El Doble,1,1,Doppelgänger,1,1,Double,1,1,,0,0,pt,pt,missing_name|missing_printing
23eabd53-a338-4160-a4c3-f2a8e31ff3b7,0,trap,9694,48357738,1,Tyrant's Tummyache,3,1,El Dolor de Estómago del Tirano,1,1,Bauchweh des Tyrannen,1,1,Gloutonnerie du Tyran,1,1,Indigestão do Tirano,0,0,,pt,missing_printing
22a2256f-0eae-4a27-921c-5cc4a16dde88,0,trap,7235,05915629,1,The Gift of Greed,3,1,El Don de la Codicia,1,1,Das Geschenk der Gier,1,1,Cadeau de Cupidité,1,1,,0,0,pt,pt,missing_name|missing_printing
0cb67fa7-2e55-454a-be1b-c00b715691ce,0,monster,,,1,The Winged Dragon of Ra (original),5,3,El Dragón Alado de Ra,3,2,Geflügelter Drache des Ra,4,2,Le Dragon Ailé de Râ,3,2,O Dragão Alado de Rá,3,2,,,missing_passcode
fb99c904-96fc-480d-a985-bfe88ae20b11,0,monster,8758,04404099,1,The Dragon Dwelling in the Deep,3,1,El Dragón que Vive en lo Profundo,1,1,Der in der Tiefe hausende Drache,1,1,Dragon des Profondeurs,1,1,,0,0,pt,pt,missing_name|missing_printing
dcc12c23-cd81-499e-a085-910786726ae0,0,skill,-40,,1,The Psychic Duelist,1,1,El Duelista Psíquico,1,1,Der hellsehende Duellant,1,1,Le Duelliste Psychique,1,1,,0,0,pt,pt,missing_passcode|missing_name|missing_printing
1055323c-052f-4db5-a10b-5c820258f17b,0,monster,10246,53136004,1,Emperor of Prophecy,3,1,El Emperador de la Profecía | Emperador de la Profecía,1,1,Der Kaiser der Prophezeiung,1,1,Empereur de la Prophétie,1,1,,0,0,pt,pt,missing_name|missing_printing
f2040981-6880-46ce-861d-f440738644e9,0,monster,10146,40213117,1,Amores of Prophecy,3,1,El Enamorado de la Profecía,1,1,Die Liebenden der Prophezeiung,1,1,Amores de la Prophétie,1,1,,0,0,pt,pt,missing_name|missing_printing
597ccb4f-b940-4d68-ae28-9e3959160cfd,0,monster,7251,34004470,1,The Big Saturn,3,1,El Gran Saturno,1,1,Der große Saturn,1,1,Saturne le Puissant,1,1,,0,0,pt,pt,missing_name|missing_printing
5331ec09-e1e8-45b1-8d22-cf270e257361,0,monster,10175,92918648,1,Hierophant of Prophecy,5,1,El Hierofante de la Profecía,3,1,Der Hierophant der Prophezeiung,2,1,Hiérophante de la Prophétie,2,1,,0,0,pt,pt,missing_name|missing_printing
f1a594d1-fc07-4e45-bd89-313f0ec07f66,0,skill,,,1,The Right Hero for the Job,1,1,El Héroe Adecuado para el Trabajo,1,1,Der richtige Held für den Job,1,1,Le Héros de la Situation,1,1,,1,1,pt,,missing_passcode|missing_name
452b6191-a844-4a92-8f1c-0ab5865f98af,0,monster,4151,24348204,1,The Bewitching Phantom Thief,0,0,El Ladrón Fantasma Encantador,0,0,Verhexender Phantomdieb,0,0,Le Voleur enchanteur,0,0,O fantasma ladrão enfeitiçador,0,0,,en|es|de|fr|pt,missing_printing
5b07b035-1b2b-45cc-9c99-7d9882e02c9a,0,trap,9156,04638410,1,Tyrant's Temper,2,1,El Mal Humor del Tirano,1,1,Laune des Tyrannen,1,1,Intimidation du Tyran,1,1,,0,0,pt,pt,missing_name|missing_printing
e3206330-e72d-4574-9954-c852516b0d11,0,monster,9296,53623827,1,Top Runner,3,1,El Mejor Corredor,1,1,Schneller Läufer,1,1,Sprinteur Top,1,1,,0,0,pt,pt,missing_name|missing_printing
260eb57c-2e45-47e2-93a8-011522502fa7,0,skill,-3,,1,The World's Greatest Fisherman,1,1,El Mejor Pescador del Mundo,1,1,Weltbester Fischer,1,1,Le Meilleur Pêcheur du Monde,1,1,O Maior Pescador do Mundo,1,1,,,missing_passcode
3c53f285-6e66-4340-9a9f-d740b211a321,0,spell,8281,86016245,1,Pride of the Weak,2,1,El Orgullo de los Débiles,1,1,Stolz der Schwachen,1,1,L'Orgueil des Faibles,1,1,,0,0,pt,pt,missing_name|missing_printing
60fd2358-f369-4019-a315-cc2231ac118b,0,trap,9366,77847678,1,Shien's Scheme,4,2,El Plan de Shien,2,2,Shiens Komplott,2,2,Stratégie de Shien,2,2,,0,0,pt,pt,missing_name|missing_printing
1d4b43f1-e69b-45df-9de1-3b213d113f52,0,skill,-45,,1,Power of Friendship,1,1,El Poder de la Amistad,1,1,Kraft der Freundschaft,1,1,Pouvoir de l'Amitié,1,1,,0,0,pt,pt,missing_passcode|missing_name|missing_printing
8621a464-9e14-4683-b210-f5f3faa5db0c,0,spell,9184,19932396,1,First Step Towards Infestation,5,2,El Primer Paso a la Infestación,1,1,Erste Schritte zum Befall,1,1,Début de l'Infestation,1,1,,0,0,pt,pt,missing_name|missing_printing
25bb386f-b9a1-4005-aaad-b9c0d1c6ab59,0,spell,21482,97227123,1,Return of the Duelist | Return of the Duelist (card),2,1,El Regreso del Duelista,2,1,Rückkehr des Duellanten,2,1,Retour du Duelliste,2,1,Retorno do Duelista,2,1,,,shared_passcode
f3b3ccd2-fda1-44ac-9f58-e6190d533cc4,0,spell,5393,99351431,1,The Secret of the Bandit,4,3,El Secreto del Bandido,1,1,Das Geheimnis des Banditen,1,1,Le Secret du Bandit,1,1,,0,0,pt,pt,missing_name|missing_printing
7b167ea6-6e06-4e85-9994-7169e316d646,0,monster,9451,98162021,1,Shien's Daredevil,4,2,El Temerario de Shien,2,2,Shiens Draufgänger,2,2,Légionnaire de Shien,2,2,,0,0,pt,pt,missing_name|missing_printing
ac4296fd-07bb-438d-bbe5-80b2cafc271e,0,monster,8733,88071625,1,The Tyrant Neptune,5,2,El Tirano Neptuno,2,1,Der Tyrann Neptun,2,1,"Neptune, le Tyran",2,1,,0,0,pt,pt,missing_name|missing_printing
64087f2f-24e6-4ebb-9939-8a0285ca1d0f,0,trap,6620,07076131,1,Next to be Lost,4,2,El próximo que se perderá,1,1,Fast verloren sein,1,1,Prochain à Disparaître,1,1,,0,0,pt,pt,missing_name|missing_printing
e4cc35a3-b445-4a5c-875b-89fa885ca378,0,spell,4868,90330453,2,Last Day of Witch,4,2,El último día de la bruja,0,0,Letzter Tag der Hexe,1,1,Le Dernier Jour de la Sorcière,1,1,Último Dia da Bruxa,0,0,,es|pt,missing_printing
8b84ae72-991e-4f31-abfa-dee7ed104ee3,0,monster,4536,06367785,1,Eldeen,0,0,Eldeen,0,0,Eldeen,0,0,Eldeen,0,0,,0,0,pt,en|es|de|fr|pt,missing_name|missing_printing
84100711-3c68-4304-b40c-cc370de4c0e2,0,monster,4249,03732747,1,Water Element,0,0,Elemento Agua,0,0,Wasserelementar,0,0,Elémentaire de l'Eau,0,0,,0,0,pt,en|es|de|fr|pt,missing_name|missing_printing
01653bff-ba21-4373-b5e1-8d785a99fb88,0,spell,9397,92035412,1,Vylon Element,4,2,Elemento Vylon,1,1,Vylon-Element,1,1,Élément Vylon,1,1,,0,0,pt,pt,missing_name|missing_printing
22eda8b2-71f6-45b9-adb2-cdfecc2b9d74,0,skill,,,1,Energizing Elements,1,1,Elementos Energizantes,1,1,Schwungvolle Elemente,1,1,Éléments Énergisants,1,1,,1,1,pt,,missing_passcode|missing_name
4fee3057-041b-43be-8d5d-216f3a1b3851,0,skill,,,1,"Elements of Thunder, Water, and Wind",1,1,"Elementos de Trueno, Agua y Viento",1,1,"Elemente von Donner, Wasser und Wind",1,1,"Éléments du Tonnerre, de l'Eau et du Vent",1,1,,1,1,pt,,missing_passcode|missing_name
4a175197-7545-4973-bd4f-70eff717b9d8,0,monster,8965,88845345,1,Elephun,3,1,Elephun,1,1,Elefun,1,1,Éléphanimbus,2,1,,0,0,pt,pt,missing_name|missing_printing
a716193c-4856-4db8-853c-488c9b6d11f5,0,monster,6627,32126000,2,Learning Elf,0,0,Elfa Estudiosa,0,0,Lernende Elfe,0,0,Elfe Étudiante,0,0,Elfa Estudiosa,0,0,,en|es|de|fr|pt,missing_printing
61cac5b3-2aab-5830-9d42-18efcc462a23,0,,22984,,0,Elfnote June Pride,2,1,Elfnota Orgullosa de Junio,2,1,Elfnote Junistolz,2,1,Fierté de Juin des Notes Elfiques,2,1,Orgulho de Junho de Elfnota,2,1,,,missing_passcode|missing_art
1d7b7e44-e421-4f3c-bfb8-ed361f976d3c,0,trap,22174,50590801,1,Elfnotes: Aristeia of Trust,1,0,Elfnotas: Aristía de la Verdad,1,1,Elfnoten: Aristie des Vertrauens,1,1,Notes Elfiques : Aristie de Confiance,1,1,Elfnotas: Aristeia da Confiança,1,1,,,shared_passcode
c4c48204-4427-50ef-98fd-a418032ca3b4,0,,23021,,0,Elfnotes: Quatrain of Succession,1,1,Elfnotas: Cuarteto de Sucesión,1,1,Elfnoten: Vierzeiler der Abfolge,1,1,Notes Elfiques : Quatrain de Succession,1,1,Elfnotas: Quarteto de Sucessão,1,1,,,missing_passcode|missing_art
737dfa1e-91d2-48b2-b523-99662809d4a1,0,monster,22523,56651978,1,Elfnote Regina,0,0,,0,0,,0,0,,0,0,,0,0,es|de|fr|pt,en|es|de|fr|pt,missing_name|missing_printing|shared_passcode
9d1aae32-70db-40a8-91ae-c663fdf9dbc1,0,monster,22523,56651978,2,Elfnote Regina,0,0,,0,0,,0,0,,0,0,,0,0,es|de|fr|pt,en|es|de|fr|pt,missing_name|missing_printing|shared_passcode
5010914a-b638-44ee-a704-b40d70e08787,0,monster,10118,91903221,1,Evoltile Elginero,3,1,Elginero Evolutil,2,1,Evoltil Elginero,1,1,Évoltile Elginero,1,1,,0,0,pt,pt,missing_name|missing_printing
b64b561b-3b07-4955-8f33-e87635bf601e,0,monster,9901,23234094,1,Evolsaur Elias,3,1,Elias Evolusaurio,1,1,Evolsaurier Elias,1,1,Évolsaure Elias,1,1,,0,0,pt,pt,missing_name|missing_printing
475d8594-befa-4060-b583-9bc240280d0c,0,trap,6519,28604635,1,Weed Out,3,2,Eliminar,1,1,Verstoßen,1,1,Expulsion,1,1,,0,0,pt,pt,missing_name|missing_printing
b46226d1-485f-4894-9e03-537574c36e09,0,monster,20701,,1,"Elttaes, the MASTER of DUELS",7,2,,0,0,,0,0,,0,0,,0,0,es|de|fr|pt,es|de|fr|pt,missing_passcode|missing_name|missing_printing
02a38f7d-0c2c-417b-9935-6c179c19e49b,0,trap,22174,50590801,1,Elvennotes ~Oracle Aristeia~,0,0,,0,0,,0,0,,0,0,,0,0,es|de|fr|pt,en|es|de|fr|pt,missing_name|missing_printing|shared_passcode
bbe65a9d-9589-5143-9191-e23949040fe2,0,,22992,,0,Zenna's Deceiving Doll Maidens,2,1,Embaucadoras Doncellas Marioneta de Zenna,2,1,Zennas trügerische Puppenmädchen,2,1,Demoiselles Poupées Trompeuses de Zenna,2,1,Donzelas-Bonecas Enganadoras de Zenna,2,1,,,missing_passcode|missing_art
df003b74-5e52-4689-832a-3352a64312b1,0,spell,6998,09845733,1,Emblem of the Awakening,3,1,Emblema del Despertar,1,1,Wahrzeichen des Erwachens,1,1,Emblème de l'Émergence,1,1,Emblema do Despertar,0,0,,pt,missing_printing
37ad9f61-412f-463b-89db-239552711a78,0,monster,4260,64154377,1,Embryonic Beast,0,0,Embryonic Beast,0,0,Embryonic Beast,0,0,Embryonic Beast,0,0,,0,0,pt,en|es|de|fr|pt,missing_name|missing_printing
b1ee216f-2a07-4f4a-aa69-54acd33b0e09,0,monster,5931,43580269,1,Emes the Infinity,2,1,Emes la Infinidad,1,1,Emes der Unendliche,1,1,"Émès, L'Infini",1,1,,0,0,pt,pt,missing_name|missing_printing
7a70bf9d-c44b-582c-8618-6a404ed6a293,0,,22963,,0,Emi Blitzclique,1,1,Emi Blitzclique,1,1,Ems Blitzclique,1,1,Émi Blitzclique,1,1,Emi Blitzclique,1,1,,,missing_passcode|missing_art
f0dd75c1-80b3-43b6-8f45-7288c632cd3a,0,monster,,,1,Emi Blitzclique,0,0,,0,0,,0,0,,0,0,,0,0,es|de|fr|pt,en|es|de|fr|pt,missing_passcode|missing_name|missing_printing
555c0196-0f9b-4ef6-a0f3-f08b1766681d,0,monster,9592,73551138,1,Gishki Emilia,4,2,Emilia Gishki,1,1,Gishki Emilia,1,1,Émilia Gishki,1,1,,0,0,pt,pt,missing_name|missing_printing
6c0e1b9d-36dd-4581-a183-b72c4eb5eba3,0,monster,8183,42685062,1,Emissary from Pandemonium,3,1,Emisario del Pandemonio,1,1,Gesandter des Pandämoniums,1,1,Émissaire du Pandémonium,1,1,,0,0,pt,pt,missing_name|missing_printing
13314cd5-7dde-4265-b71a-ac433e0219b1,0,token,3922,44330099,1,Emissary of Darkness Token,0,0,Emissary of Darkness Token | Ficha de Emisario de la Oscuridad,0,0,Emissary of Darkness Token | Gesandter der Finsternis-Spielmarke,0,0,Emissary of Darkness Token | Jeton Émissaire des Ténèbres,0,0,Ficha de Emissário da Escuridão,0,0,,en|es|de|fr|pt,missing_printing
f59cfa78-7d06-4b3c-8705-fc2ecd3a829e,0,monster,8525,77600660,1,Psychic Emperor,3,1,Emperador Psíquico,1,1,Psi-Imperator,1,1,Empereur Psychique,1,1,,0,0,pt,pt,missing_name|missing_printing
54af8bff-eb7a-4c27-a650-9c24d228263a,0,monster,7658,21672573,1,Emperor Sem,5,2,Emperador Sem,1,1,Imperator Sem,1,1,Empereur Sem | Empereur Stym,1,1,,0,0,pt,pt,missing_name|missing_printing
2c01e0be-97ff-4005-baa2-07d3f82cb0a9,0,monster,7375,,1,Emperor of Lightning,2,1,,0,0,,0,0,,0,0,,0,0,es|de|fr|pt,es|de|fr|pt,missing_passcode|missing_name|missing_printing
428c42fe-0610-4da1-aec0-5015d9a23c19,0,monster,4406,11250655,1,Emperor of the Land and Sea,0,0,Emperor of the Land and Sea,0,0,Emperor of the Land and Sea,0,0,Emperor of the Land and Sea,0,0,,0,0,pt,en|es|de|fr|pt,missing_name|missing_printing
de9f3c07-8f9a-42e0-a29f-9af6c7921da0,0,token,,,1,Emperor's Key (card),0,0,,0,0,,0,0,,0,0,,0,0,es|de|fr|pt,en|es|de|fr|pt,missing_passcode|missing_name|missing_printing
418a897b-affc-4416-a97d-adb873be0fab,0,monster,8433,32271987,1,Featherizer,2,1,Emplumador,1,1,Federer,1,1,Illusioniste du Vent Ardent,1,1,,0,0,pt,pt,missing_name|missing_printing
2b9fdd07-656a-4d75-9f86-15d1b9760dbe,0,monster,6928,24661486,1,Cold Enchanter,5,2,Encantador del Frío,1,1,Kalte Zauberin,2,2,Enchanteur de Glace,1,1,,0,0,pt,pt,missing_name|missing_printing
0f2edb41-a86e-4946-b309-a203b4cc2b77,0,trap,7141,57753602,1,Gem Flash Energy,3,1,Energía Cegadora de la Joya,1,1,Schmuckstein-Blitzenergie,1,1,Énergie Flash de la Gemme,1,1,,0,0,pt,pt,missing_name|missing_printing
a010e92a-ef48-40f7-9ae7-13c10807da1c,0,spell,9572,85839825,1,Xyz Energy,3,2,Energía Xyz,2,2,Xyz-Energie,2,2,Énergie Xyz,2,2,,0,0,pt,pt,missing_name|missing_printing
acd0b35a-e09c-4b56-9475-3825d0bae7c5,0,spell,5437,76754619,1,Pyramid Energy,3,2,Energía de Pirámide,1,1,Energie der Pyramide,1,1,Énergie de la Pyramide,1,1,,0,0,pt,pt,missing_name|missing_printing
948a89b2-e0e6-463e-bb08-da39c3aea114,0,trap,8380,56535497,1,Berserking,3,1,Enfureciéndose,1,1,Zum Berserker werden,1,1,Roi de la Furie,1,1,,0,0,pt,pt,missing_name|missing_printing
7ce133e0-68ee-430c-88cb-92b110f1fce9,0,token,,82556059,1,Engine Token,0,0,Engine Token,0,0,Engine Token,0,0,Engine Token,0,0,,0,0,pt,en|es|de|fr|pt,missing_name|missing_printing
ce2bca10-7408-41ad-82fa-91ad54b1b0d3,0,spell,5315,03682106,1,Double Snare,5,4,Enredo Doble,1,1,Doppelfalle,1,1,Double Piège,1,1,,0,0,pt,pt,missing_name|missing_printing
158e027c-3e37-4731-b58f-44a343b0b0a1,0,spell,10122,26285788,1,Trial and Tribulation,3,1,Ensayo y Tribulación,2,1,Mit Tricks zum Triumph,1,1,Essai et Châtiment,1,1,,0,0,pt,pt,missing_name|missing_printing
4376c524-2c5a-4220-9977-45e02ac913d7,0,spell,9208,33970665,1,Guts of Steel,3,1,Entrañas de Acero,1,1,Nerven aus Stahl,1,1,Courage d'Acier,1,1,,0,0,pt,pt,missing_name|missing_printing
3a71b572-adc4-4a94-83cb-cb419930d602,0,trap,7475,67223587,1,Double Tag Team,3,1,Equipo de Lucha Doble,1,1,Doppel-Tag-Team,1,1,Double Équipe Tag,1,1,,0,0,pt,pt,missing_name|missing_printing
dbd0f954-4934-4e3d-87f1-81f9db8ff425,0,trap,9682,52140003,1,Explosive Urchin,3,1,Erizo Explosivo,1,1,Explosiver Stacheligel,1,1,Oursin Explosif,1,1,,0,0,pt,pt,missing_name|missing_printing
35f02eda-03b5-497a-bd15-cf06e4176c66,0,monster,10244,90743290,1,Hermit of Prophecy,3,1,Ermitaño de la Profecía,1,1,Der Einsiedler der Prophezeiung,1,1,Ermite de la Prophétie,1,1,,0,0,pt,pt,missing_name|missing_printing
1916fdbb-8ac7-456e-b0b3-204bf8013da3,0,skill,-30,,1,Royal Flush,1,1,Escalera Real,1,1,Royal Flush,1,1,Quinte Flush Royale,1,1,Royal Flush,1,1,,,missing_passcode
c7fe9f86-fe75-4439-8633-ec00631720e5,0,spell,8484,95784434,1,Molting Escape,3,1,Escape Cambiando la Piel,1,1,Aus der Haut fahren,1,1,Mue d'Évasion,1,1,,0,0,pt,pt,missing_name|missing_printing
a4187776-818c-4fb6-93f6-5da07db81e03,0,monster,7172,16241441,1,Chrysalis Larva,3,1,Escarabajo Crisálida,1,1,Verpuppte Larve,1,1,Larve Chrysalide,1,1,,0,0,pt,pt,missing_name|missing_printing
42067753-89c2-4fa7-9bed-6037a87d0ce5,0,monster,6601,49645921,1,Saber Beetle,5,3,Escarabajo Sable,2,2,Säbelkäfer,2,2,Scarabée Sabre,2,2,Besouro Sabre,0,0,,pt,missing_printing
922444f8-ac81-40b7-809e-1d96768e031b,0,monster,8457,16909657,1,Reptilianne Scylla,3,1,Escila Reptílica,1,1,Reptilianische Scylla,1,1,Scylla Reptilia,2,1,,0,0,pt,pt,missing_name|missing_printing
32e280c9-4d52-42a8-8e5a-281cb258009c,0,monster,8598,91798373,1,Gemini Scorpion,3,1,Escorpión Géminis,1,1,Zwillingsskorpion,1,1,Scorpion Gémeau,1,1,,0,0,pt,pt,missing_name|missing_printing
acacdd47-589c-4f97-86e2-15c22e14de91,0,monster,5421,14261867,1,8-Claws Scorpion,3,2,Escorpión de 8 Pinzas,1,1,Acht-Klauen-Skorpion,1,1,Scorpion aux 8 Pinces,1,1,,0,0,pt,pt,missing_name|missing_printing
eefcde3b-5a7b-4f09-b67f-f0ad6a90fa25,0,monster,4122,88643173,1,Nightmare Scorpion,0,0,Escorpión de Pesadilla,0,0,Alptraumskorpion | Nightmare Scorpion,0,0,Nightmare Scorpion | Scorpion de Cauchemar,0,0,,0,0,pt,en|es|de|fr|pt,missing_name|missing_printing
fdd10bcc-cb3d-4b61-bb06-a6fd84eec24c,0,monster,10170,34251483,1,Goblin Marauding Squad,3,1,Escuadrón Merodeador Goblin,1,1,Goblin Plündertrupp,1,1,Unité Gobeline de Pillage,1,1,,0,0,pt,pt,missing_name|missing_printing
86eeee29-0db5-4e5d-8e88-d2c7462c71e4,0,monster,7606,82324312,1,Goblin Recon Squad,3,1,Escuadrón de Reconocimiento Goblin,1,1,Goblinspäheinheit,1,1,Troupe de Reconnaissance Gobeline,1,1,,0,0,pt,pt,missing_name|missing_printing
5ef95a83-0914-4f58-b975-c991c1a0bd4e,0,monster,7842,18960169,1,Goblin Decoy Squad,3,1,Escuadrón de Señuelo Goblin,1,1,Goblinlockeinheit,1,1,Unité Gobeline de Diversion,1,1,,0,0,pt,pt,missing_name|missing_printing
47e75afe-ccf4-5ba2-988b-16dc18c0ee25,0,,22933,,0,GMX Suppression Squad,1,1,Escuadrón de Supresión de GMX,1,1,GMX-Kampftrupp,1,1,Escouade de Dissimulation GMX,1,1,Esquadrão de Supressão da GMX,1,1,,,missing_passcode|missing_art
7002be6b-1341-4b35-a6a1-7b6b0751ba1f,0,monster,9317,33883834,1,Shien's Squire,4,2,Escudero de Shien,2,2,Shiens Knappe,2,2,Écuyer de Shien,2,2,,0,0,pt,pt,missing_name|missing_printing
49a47724-ff9f-4e4b-902b-2da49e9b2b6f,0,trap,9140,71249758,1,D2 Shield,2,1,Escudo D2,1,1,D2-Schild,1,1,Bouclier D2,1,1,,0,0,pt,pt,missing_name|missing_printing
7ebd8f28-cbbe-4d36-8fc9-cebc666fb8f4,0,spell,8830,91107093,1,Electromagnetic Shield,3,1,Escudo Electromagnético,1,1,Elektromagnetischer Schild,1,1,Bouclier Électromagnétique,1,1,,0,0,pt,pt,missing_name|missing_printing
591312d3-1a99-4d5c-8fde-2e41c28ad13b,0,trap,8852,12216615,1,Koa'ki Meiru Shield,3,1,Escudo Koa'ki Meiru,1,1,Schild von Koa'ki Meiru,1,1,Bouclier Koa'ki Meiru,1,1,,0,0,pt,pt,missing_name|missing_printing
772ce76b-920d-4b43-ad87-2ad01c644536,0,monster,8027,75198893,1,Scanner,3,1,Escáner,1,1,Scanner,1,1,Scanner,1,1,,0,0,pt,pt,missing_name|missing_printing
3263c2ec-1342-4c4c-8074-0c7e9765257a,0,monster,8700,66094973,1,Transforming Sphere,4,2,Esfera Transformadora,1,1,Transformationssphäre,1,1,Sphère de Transformation,1,1,Esfera Transformadora,0,0,,pt,missing_printing
f83d50a5-280c-46a2-b8ca-70212587104b,0,monster,9375,75886890,1,Vylon Sphere,4,2,Esfera Vylon,1,1,Vylon-Kugel,1,1,Sphère Vylon,1,1,,0,0,pt,pt,missing_name|missing_printing
e7b55d3c-4e40-4dcc-9014-9d5e25fb4c1d,0,monster,7838,82693042,1,Sphere of Chaos,3,1,Esfera del Caos,1,1,Kugel des Chaos,1,1,Sphère du Chaos,1,1,,0,0,pt,pt,missing_name|missing_printing
ccab157b-0b8e-4954-b7d4-429120069178,0,trap,9573,11224934,1,Reinforced Space,2,1,Espacio Reforzado,1,1,Verstärkter Raum,1,1,Espace Renforcé,1,1,,0,0,pt,pt,missing_name|missing_printing
ee700625-c80d-489f-a231-9297db0c7cfb,0,skill,,,1,Room for Growth,1,1,Espacio para Crecer,1,1,Platz für Wachstum,1,1,Potentiel de Croissance,1,1,,1,1,pt,,missing_passcode|missing_name
ba0b019f-2c9f-504c-93ca-5977e6af1ce6,0,,23003,,0,Sacred Spirit Sword Aiwass,1,1,Espada Aiwass Espíritu Sagrado,1,1,Heiliges Geisterschwert Aiwass,1,1,Épée de l'Esprit Sacré Aiwass,1,1,Espada do Espírito Sagrado Aiwass,1,1,,,missing_passcode|missing_art
a13af004-d11a-438a-b51e-6525e8b3f058,0,monster,4722,90844184,1,Garma Sword,2,1,Espada Garma,0,0,Garma-Schwert,1,1,Épée Garma,1,1,,0,0,pt,es|pt,missing_name|missing_printing
becb50a7-a755-4e59-91a0-33aede33e981,0,spell,8349,48447192,1,Sword of Sparkles,3,1,Espada de Chispas,1,1,Funkelndes Schwert,1,1,Épée d' Étincelles,1,1,,0,0,pt,pt,missing_name|missing_printing
91d1c483-9219-42b5-8154-125e860856a7,0,spell,7680,48716139,1,Sword of Kusanagi,4,2,Espada de Kusanagi,1,1,Schwert von Kusanagi,1,1,Épée de Kusanagi,1,1,,0,0,pt,pt,missing_name|missing_printing
62e8da85-0412-401c-92ca-b3a065512aac,0,spell,7152,17589298,1,Sword of Dark Rites,4,2,Espada de Rituales Oscuros,2,2,Schwert der finsteren Riten,3,2,Épée des Rites Ténébreux,3,2,,0,0,pt,pt,missing_name|missing_printing
e015bb15-5587-4646-adf8-be317ef40c05,0,monster,9722,68167124,1,Stinging Swordsman,3,1,Espadachín Picador,1,1,Pieksende Schwertkämpferin,1,1,Spadassin Piquant,1,1,,0,0,pt,pt,missing_name|missing_printing
c2847483-d711-5796-8e5e-9c7529d3fe78,0,,23299,,0,Thundercrash Snarecrow,1,1,Espantrampájaros del Estallido de Trueno,1,1,Donnerschlag-Strickscheuche,1,1,Piègevantail du Tonnerre Fracassant,1,1,Trovão Estrondoso Esbustalho,1,1,,,missing_passcode|missing_art
99495a4d-e537-4240-a63a-77e74553351a,0,monster,4209,61201220,1,Phantom Ghost,0,0,Espectro Fantasma,0,0,Phantomerscheinung,0,0,Esprit Fantômatique,0,0,,0,0,pt,en|es|de|fr|pt,missing_name|missing_printing
bbdb02a4-7742-4548-a726-8e9f789049d5,0,trap,6763,15294090,1,Destiny Mirage,9,4,Espejismo del Destino,3,3,Schicksalswunder,4,4,Mirage de la Destinée,3,3,,0,0,pt,pt,missing_name|missing_printing
c2d7378f-f69b-4d83-9fa2-b2baba6ddfc8,0,monster,4267,15150371,1,Archfiend Mirror,0,0,Espejo Archidemonio,0,0,Erzunterweltler Spiegel,0,0,Miroir Archdémon,0,0,,0,0,pt,en|es|de|fr|pt,missing_name|missing_printing
3089bac0-8a45-4945-be26-d78dd6e0e00f,0,monster,4371,31890399,1,Fiend's Mirror,2,1,Espejo Demoníaco,1,1,Spiegel des Unterweltlers,1,1,Miroir du Démon,1,1,,0,0,pt,pt,missing_name|missing_printing
97409769-341a-4dfa-add9-45ac8c8348a7,0,trap,7170,43452193,1,Mirror Gate,9,3,Espejo Puerta,3,2,Spiegeltor,4,3,Porte du Tunnel Miroir Extra-Dimensionel | Porte du Tunnel Miroir Extra-Dimensionnel,4,2,,0,0,pt,pt,missing_name|missing_printing
5a281d75-3c0e-4da5-b95b-949d456b46fa,0,trap,8232,46656406,1,Mirror of Oaths,4,2,Espejo de Juramentos,2,2,Spiegel der Schwüre,2,2,Miroirs de la Malédiction,2,2,,0,0,pt,pt,missing_name|missing_printing
5a612998-b82d-4eef-86be-7407f2bf3bb4,0,monster,4109,55337339,1,Job-Change Mirror,0,0,Espejo de Trabajo - Cambiar,0,0,Wechselspiegel,0,0,Miroir changeant,0,0,Espelho de Mudança de Emprego,0,0,,en|es|de|fr|pt,missing_printing
b34a26a6-6db5-4a1a-998c-50b140296e16,0,spell,7682,01200843,1,Mirror of Yata,3,1,Espejo de Yata,1,1,Spiegel von Yata,1,1,Miroir de Yata,1,1,,0,0,pt,pt,missing_name|missing_printing
32413507-1749-459e-b43b-c21179ce9734,0,trap,4870,53119267,1,Magical Thorn,3,2,Espina Mágica,2,2,Magischer Dorn,2,2,Epine Magique,2,2,,0,0,pt,pt,missing_name|missing_printing
096a70c0-8ac7-4a62-820c-b955462ab9e0,0,trap,7643,35577420,1,Light Spiral,3,1,Espiral de Luz,1,1,Lichtspirale,1,1,Spirale de Lumière,1,1,,0,0,pt,pt,missing_name|missing_printing
02f628c0-c366-46bb-9fc3-b33169823102,0,spell,5246,15866454,1,Spiritualism,8,6,Espiritualismo,2,2,Spiritismus,3,3,Spiritisme,3,3,,0,0,pt,pt,missing_name|missing_printing
41d875f0-2c3f-455c-b1f7-7565293ca92b,0,token,,52900001,1,Esprit Bird Token,0,0,,0,0,,0,0,,0,0,,0,0,es|de|fr|pt,en|es|de|fr|pt,missing_name|missing_printing
00b916c1-be3a-44ae-b1c4-6a6c10987e23,0,trap,5227,93599951,1,Dark Spirit of the Silent,6,5,Espíritu Oscuro de los Silenciosos,2,2,Dunkler Geist der Stille,3,3,Esprit Noir du Silence,3,3,,0,0,pt,pt,missing_name|missing_printing
b0bfc62e-6a6f-4517-b3fc-39d31359a1c7,0,monster,6986,12624008,1,Radiant Spirit,2,1,Espíritu Radiante,1,1,Strahlender Geist,1,1,Esprit Radieux,1,1,Espírito Radiante,0,0,,pt,missing_printing
7bec2861-13a4-4809-983f-612474fd36ce,0,monster,7685,00487395,1,Water Spirit,3,1,Espíritu de Agua,1,1,Geist des Wassers,1,1,Gremlin des Eaux,2,1,,0,0,pt,pt,missing_name|missing_printing
150345de-2c28-49b5-8050-a1167fb08b3e,0,trap,6584,81167171,1,Hero Spirit,4,2,Espíritu de Héroe,1,1,Heldengeist,2,2,Esprit du Héros,1,1,,0,0,pt,pt,missing_name|missing_printing
ea0904d0-1d55-436b-a1cf-aa852ad94184,0,monster,5200,53530069,1,Spirit of the Breeze,5,4,Espíritu de la Brisa,1,1,Geist der Brise,2,2,L'Esprit de la Brise,1,1,,0,0,pt,pt,missing_name|missing_printing
79ba22c2-267d-4b15-9f7b-cb676bb7b631,0,monster,7298,65685470,1,Spirit of the Six Samurai,5,3,Espíritu de los Seis Samuráis,3,3,Geist der Sechs Samurai,3,3,Esprit des Six Samouraïs,3,3,,0,0,pt,pt,missing_name|missing_printing
b348bc85-806d-4a8d-89e9-4e408e39c70f,0,monster,4112,54615781,1,Spirit of the Winds,0,0,Espíritu de los vientos,0,0,Geist der Winde,0,0,Esprit des vents,0,0,,0,0,pt,en|es|de|fr|pt,missing_name|missing_printing
57d0ca2a-5ed8-4a56-92b7-085c1c8e3ffd,0,monster,4602,95265975,1,Ghoul with an Appetite,0,0,Espíritu maligno con un apetito,0,0,Unersättlicher Leichenfledderer,0,0,Goule à l'appétit vorace,0,0,,0,0,pt,en|es|de|fr|pt,missing_name|missing_printing
04383817-16aa-4248-9e26-4d2ea00a522c,0,trap,8848,87043568,1,Assault Spirits,3,1,Espíritus de Ataque,1,1,Geister des Sturmangriffs,1,1,Esprits Vengeurs,1,1,,0,0,pt,pt,missing_name|missing_printing
dc2d2af3-dbc5-53dd-8370-4a65c198f58f,0,,23012,,0,Superconductive Plasma Blast,1,1,Estallido de Plasma Superconductivo,1,1,Superleitender Plasmaknall,1,1,Choc Plasma Supraconducteur,1,1,Explosão de Plasma Supercondutor,1,1,,,missing_passcode|missing_art
b3ebacbf-9df3-47ab-acc2-949246260b74,0,monster,9392,20374351,1,Laval Stennon,4,2,Esteñón Laval,1,1,Laval-Stenone,1,1,Stennon Laval,1,1,,0,0,pt,pt,missing_name|missing_printing
f28543b4-68f1-4dc3-97ce-48992406a69a,0,monster,9590,10712320,1,Vylon Stigma,4,2,Estigma Vylon,1,1,Vylon Stigma,1,1,Stigmate Vylon,1,1,,0,0,pt,pt,missing_name|missing_printing
f66a504b-23cf-4944-b1e7-224588e34585,0,skill,,,1,Cyberdark Style (Skill Card),1,1,Estilo Ciberoscuro,1,1,Cyberfinsternis mit Stil,1,1,Style Cyberténébreux,1,1,,1,1,pt,,missing_passcode|missing_name
175ef6fc-6e45-4f1f-b36b-f5877b6f7f76,0,monster,10243,54359696,1,Stoic of Prophecy,3,1,Estoico de la Profecía,1,1,Der Stoiker der Prophezeiung,1,1,Stoïque de la Prophétie,1,1,,0,0,pt,pt,missing_name|missing_printing
f711cba3-0d25-46ed-9e22-17c69d60a6c3,0,monster,9098,66625883,1,"Karakuri Strategist mdl 248 ""Nishipachi""",2,1,"Estratega Karakuri mod 248 - ""Nishipachi""",1,1,Karakuri-Stratege Nr. 248 „Nishipachi“,1,1,"Karakuri 248 ""Nishipachi"" le Stratège",1,1,,0,0,pt,pt,missing_name|missing_printing
d75bd37a-2c38-4f56-83d9-f3d5e28de8d3,0,skill,-2,,1,Aroma Strategy,1,1,Estrategia de Aroma,1,1,Aromastrategie,1,1,Stratégie du Parfum,1,1,Estratégia do Aroma,1,1,,,missing_passcode
79176364-b5bb-487e-898b-4555ec0ea827,0,spell,8040,94303232,1,Prevention Star,5,2,Estrella de la Prevención,2,2,Verhinderungsstern,2,2,Étoile de Vigilance,2,2,,0,0,pt,pt,missing_name|missing_printing
f528c70c-2187-4045-980a-6a43021adddf,0,token,,64382840,1,Eva Token,0,0,Eva Token,0,0,Eva Token,0,0,Eva Token,0,0,,0,0,pt,en|es|de|fr|pt,missing_name|missing_printing
e91bf159-0ee6-46a7-b3a4-f52dcf695190,0,skill,,,1,Even the Odds,1,1,,0,0,,0,0,,0,0,,0,0,es|de|fr|pt,es|de|fr|pt,missing_passcode|missing_name|missing_printing
a68acd1c-90e9-455b-8950-76d769d31701,0,skill,,,1,Ever Faithful Companions,1,1,,0,0,,0,0,,0,0,,0,0,es|de|fr|pt,es|de|fr|pt,missing_passcode|missing_name|missing_printing
5f9bb5fb-5bc1-452c-a976-03cb4dfaedbf,0,monster,,,2,Evil Box,0,0,,0,0,,0,0,,0,0,,0,0,es|de|fr|pt,en|es|de|fr|pt,missing_passcode|missing_name|missing_printing
a3f168ca-0079-4178-93ec-9ddd4aac9b98,0,token,,75524093,1,Evil Token,0,0,Evil Token,0,0,Evil Token,0,0,Evil Token,0,0,,0,0,pt,en|es|de|fr|pt,missing_name|missing_printing
d1db93bd-a72a-4c96-b827-f59efb131e4c,0,trap,10022,24362891,1,Evo-Instant,2,1,Evo-Instante,1,1,Sofortevolution,1,1,Rapide-Évo,1,1,,0,0,pt,pt,missing_name|missing_printing
efd4371c-106b-4475-84f5-748c49f831c9,0,spell,9771,08632967,1,Evo-Karma,3,1,Evo-Karma,1,1,Evo-Karma,1,1,Évokarma,1,1,,0,0,pt,pt,missing_name|missing_printing
6f4a4087-250d-4a98-866c-198db73b76f8,0,spell,9772,34026662,1,Evo-Miracle,3,1,Evo-Milagro,1,1,Evo-Wunder,1,1,Évomiracle,1,1,,0,0,pt,pt,missing_name|missing_printing
364a266c-5510-4dfa-a356-6ea18b5185bb,0,spell,10082,14154221,1,Evo-Price,3,1,Evo-Precio,1,1,Evo-Preis,1,1,Prix-Évo,1,1,,0,0,pt,pt,missing_name|missing_printing
26383099-c2f2-441d-b6be-101d7c8e6898,0,trap,9948,64815084,1,Evo-Branch,3,1,Evo-Rama,1,1,Evo-Ast,1,1,Branche-Évo,1,1,,0,0,pt,pt,missing_name|missing_printing
aa4107fe-e581-4a33-b783-5492bb4307db,0,monster,7492,26701483,1,Card Ejector,8,4,Excluyecarta,2,2,Kartenauswerfer,4,3,Éjecte Carte,2,2,,0,0,pt,pt,missing_name|missing_printing
5b368b75-3181-41cd-bfc8-40da352429eb,0,skill,,,1,Executive Privilege,1,1,,0,0,,0,0,,0,0,,0,0,es|de|fr|pt,es|de|fr|pt,missing_passcode|missing_name|missing_printing
a7848d5d-6046-4732-a60e-3181bda3ff59,0,spell,22342,18795635,1,GMX Applied Experiment #55,1,0,Experimento Aplicado #55 de GMX,1,1,Angewandtes GMX-Experiment Nr. 55,1,1,Expérience Appliquée #55 GMX,1,1,Experimento Aplicado GMX nº 55,1,1,,,shared_passcode
4d657ced-dcb6-551e-9f63-bf72c9455120,0,,22938,,0,Anti-GMX Final Experiment,1,1,Experimento Final Anti-GMX,1,1,Letztes Anti-GMX-Experiment,1,1,Expérience Finale Anti-GMX,1,1,Experimento Final Anti-GMX,1,1,,,missing_passcode|missing_art
0850c9d2-3f4a-4c06-8170-5e2ba426aaaa,0,monster,9171,90727556,1,Steelswarm Scout,5,2,Explorador Horda de Acero,1,1,Stahlschar-Kundschafter,1,1,Scout Colonie de Chrome,1,1,,0,0,pt,pt,missing_name|missing_printing
14f26a7f-24fd-49de-9e09-030240e77287,0,spell,6843,04446672,1,Ancient Gear Explosive,3,1,Explosivo de Mecanismo Antiguo,1,1,Antiker Antriebssprengstoff,1,1,Explosif Rouages Ancients,1,1,,0,0,pt,pt,missing_name|missing_printing
eefc4a52-daf9-4e66-9745-09ea644a7866,0,spell,7450,01896112,1,Dimension Explosion,3,1,Explosión Dimensional,1,1,Dimensionsexplosion,1,1,Explosion Dimensionnelle,1,1,,0,0,pt,pt,missing_name|missing_printing
6bfeebd1-b418-45ff-817d-a57e8963b0ae,0,trap,8066,41234315,1,Fake Explosion,3,1,Explosión Falsa,1,1,Vorgetäuschte Explosion,1,1,Explosion Factice,1,1,,0,0,pt,pt,missing_name|missing_printing
2149ae57-509c-4279-b7d8-c17d259dfe0b,0,trap,7495,15684835,1,Evil Blast,3,1,Explosión Malvada,1,1,Bösartige Verstärkung,1,1,Explosion Maléfique,1,1,,0,0,pt,pt,missing_name|missing_printing
4cf8868f-94f1-480a-a95a-789e9b44b986,0,trap,6860,63323539,1,Trojan Blast,4,1,Explosión Troyana,0,0,Trojanische Explosion,2,1,Explosion Troyenne,2,1,,0,0,pt,es|pt,missing_name|missing_printing
3a272c2b-4251-46f4-87af-2bcfe32a7f84,0,spell,9927,79155167,1,Armor Blast,3,1,Explosión de Armadura,1,1,Rüstungsschlag,1,1,Explose-Armure,1,1,,0,0,pt,pt,missing_name|missing_printing
a61098bc-3708-4d9b-8890-d630dde78fe1,0,trap,9609,38049934,1,Dustflame Blast,4,2,Explosión de Polvollama,1,1,Staubexplosion,1,1,Explosion Poussière de Flammes,1,1,,0,0,pt,pt,missing_name|missing_printing
df338900-a5f2-4b3a-957a-3f4d1ac3f916,0,trap,8683,18517177,1,Core Blast,3,1,Explosión del Núcleo,1,1,Kernexplosion,1,1,Désintégration de Noyau,1,1,,0,0,pt,pt,missing_name|missing_printing
fb0c578d-463a-436f-86b0-63e32e6aff18,0,monster,6640,55737443,1,"Exxod, Master of The Guard",4,2,"Exxod, Amo de la Guardia",0,0,"Exxod, Meister der Wache",1,1,"Exxod, Maître de la Garde",1,1,,0,0,pt,es|pt,missing_name|missing_printing
1b5e6aa7-e1af-45c3-84f2-c647bdfeee04,0,monster,4191,64511793,1,Eyearmor,0,0,Eyearmor,0,0,Eyearmor,0,0,Eyearmor,0,0,,0,0,pt,en|es|de|fr|pt,missing_name|missing_printing
66a3ec30-5126-4eb5-984c-597ec02c98f9,0,monster,10846,,1,E☆HERO Pit Boss,2,1,,0,0,,0,0,,0,0,,0,0,es|de|fr|pt,es|de|fr|pt,missing_passcode|missing_name|missing_printing
ece34d73-6cf3-4c79-945b-5a51ee239f7b,0,spell,9136,46967601,1,Cursed Bill,2,1,Factura Maldita,1,1,Verfluchtes Gesetz,1,1,Écrit Maudit,1,1,,0,0,pt,pt,missing_name|missing_printing
4a4e5c2d-8295-4db6-ae05-53d6c6977cf2,0,monster,5202,22419772,1,Fairy Guardian,5,3,Fairy Guardian,0,0,Elfenwächter,1,1,Gardienne Fée,1,1,Guardiã das Fadas,0,0,,es|pt,missing_printing
d748d6e2-674b-454f-93cf-fa1ef3984776,0,monster,5024,45425051,1,Fairy King Truesdale,3,3,Fairy King Truesdale,0,0,Feenkönig Wahrtal,2,2,Roi des Fées Truesdale,2,2,Rei das Fadas Truesdale,0,0,,es|pt,missing_printing
29d8a69a-49ea-49ac-8740-b07b281da394,0,monster,4631,81563416,1,Fairy of the Fountain,0,0,Fairy of the Fountain,0,0,Fairy of the Fountain,0,0,Fairy of the Fountain,0,0,,0,0,pt,en|es|de|fr|pt,missing_name|missing_printing
94986798-fd63-4ed9-a796-1cb22bc46b6c,0,spell,,,1,Fallen Paradise of the Sacred Beasts,0,0,,0,0,,0,0,,0,0,,0,0,es|de|fr|pt,en|es|de|fr|pt,missing_passcode|missing_name|missing_printing
54c4fde2-d7d4-42ca-b924-e46f446014ff,0,monster,9907,21390858,1,Familiar-Possessed - Dharc,3,1,Familiar Poseído de Dharc,1,1,Dharc mit seinem Vertrauten,1,1,Dharc - Familier Possédé,1,1,,0,0,pt,pt,missing_name|missing_printing
07edf868-5831-4a6f-877b-60d1b3389288,0,monster,8940,22318971,1,Uni-Horned Familiar,3,1,Familiar de Un Cuerno,1,1,Einhörniger Vertrauter,1,1,Diablotin Unicorne,2,1,,0,0,pt,pt,missing_name|missing_printing
32b8597b-62c3-49f6-b455-7d39a3eaacca,0,monster,6609,41249545,1,Grass Phantom,4,2,Fantasma de Hierba,1,1,Grasphantom,1,1,Fantôme Herbeux,1,1,,0,0,pt,pt,missing_name|missing_printing
96f56edd-752c-4952-be85-ff0de2494a3f,0,monster,9294,80244114,1,Stardust Phantom,3,1,Fantasma de Polvo de Estrellas,1,1,Sternenstaubphantom,1,1,Fantôme Poussière d'Étoile,1,1,,0,0,pt,pt,missing_name|missing_printing
5ff00b48-3786-4ed8-814f-145abdb3ed64,0,trap,14237,27001740,1,Farm Delivery,0,0,Farm Delivery,0,0,Farm Delivery,0,0,Farm Delivery,0,0,,0,0,pt,en|es|de|fr|pt,missing_name|missing_printing
0da54241-fc2f-4ed6-b72f-406438008ba8,0,spell,8986,63595262,1,Unicorn Beacon,3,1,Faro del Unicornio,1,1,Einhorn-Locksignal,1,1,Puissance de la Licorne,1,1,Baliza de Unicórnio,0,0,,pt,missing_printing
4d535cea-8e73-5f1a-8ffa-30a08db8d0bf,0,,22924,,0,Fata Dragna,2,1,Fata Dragna,2,1,Fata Dragna,2,1,Fata Dragna,2,1,Fata Dragna,2,1,,,missing_passcode|missing_art
40cb1939-a2f8-4d68-8f50-42fd226f2d8b,0,monster,5035,05257687,1,Jowls of Dark Demise,4,3,Fauces de la Defunción Oscura,1,1,Maul des Dunklen Untergangs,1,1,Mâchoires de la Sombre Mort,1,1,,0,0,pt,pt,missing_name|missing_printing
47fbd6d5-7a58-4f2a-b878-d19a2d51c869,0,skill,,,1,Fear of the Dark,1,1,,0,0,,0,0,,0,0,,0,0,es|de|fr|pt,es|de|fr|pt,missing_passcode|missing_name|missing_printing
cd09ae43-1da6-44b1-97e9-7bc0ca3f570e,0,monster,9751,50866755,1,Fenghuang,3,1,Fenghuang,1,1,Fenghuang,1,1,Fenghuang,1,1,,0,0,pt,pt,missing_name|missing_printing
6e7420fe-1bef-42c9-b2a7-3c93d004b8ca,0,spell,5385,37406863,1,Fengsheng Mirror,3,2,Fengsheng Mirror,0,0,Fengsheng Mirror | Fengsheng-Spiegel,0,0,Fengsheng Mirror,0,0,,0,0,pt,es|de|fr|pt,missing_name|missing_printing
7e15fff1-a579-4a28-b5fe-153ba3d66aba,0,spell,8483,68786330,1,Attack Pheromones,3,1,Feromonas de Ataque,1,1,Angriffspheromone,1,1,Attaque des Phéromones,1,1,,0,0,pt,pt,missing_name|missing_printing
dd6d981e-d287-47f4-b55a-8ca6817fbcde,0,trap,8690,42167046,1,Widespread Dud,3,1,Fiasco Extendido,1,1,Ferngesteuerter Blindgänger,2,1,Claymore Factice | Faux Big-Bang,1,1,,0,0,pt,pt,missing_name|missing_printing
0616ad66-1b02-4d5f-8f63-11672f8e0a13,0,token,,,1,Token (card),39,37,Ficha,11,10,Spielmarke,11,10,Jeton,11,10,Ficha,7,7,,,missing_passcode
23eff96a-af61-4307-9dfc-1016d45f710e,0,token,3904,,1,Token,0,0,Ficha,0,0,Spielmarke,0,0,Jeton,0,0,Ficha,0,0,,en|es|de|fr|pt,missing_passcode|missing_printing
2e91c811-99aa-458e-81be-e24bc141f904,0,token,11783,,2,Token (Yami Yugi and Dark Magician),2,1,Ficha,1,1,Spielmarke,1,1,Jeton,1,1,Ficha,1,1,,,missing_passcode
4c64b3ed-f3c7-48d9-8c64-e59069e2d5e3,0,token,3902,,1,Token,0,0,Ficha,0,0,Spielmarke,0,0,Jeton,0,0,Ficha,0,0,,en|es|de|fr|pt,missing_passcode|missing_printing
575f5502-bd63-4ddb-bdcc-6401d0a24360,0,token,,,1,Token,0,0,Ficha,0,0,Spielmarke,0,0,Jeton,0,0,Ficha,0,0,,en|es|de|fr|pt,missing_passcode|missing_printing
5ff07c6d-3372-473e-ab20-64fb8d39872e,0,token,,,1,Token,0,0,Ficha,0,0,Spielmarke,0,0,Jeton,0,0,,0,0,pt,en|es|de|fr|pt,missing_passcode|missing_name|missing_printing
62f48fc1-cc4d-4cb5-9329-fd55c2106865,0,token,,,1,Token,0,0,Ficha,0,0,Spielmarke,0,0,Jeton,0,0,,0,0,pt,en|es|de|fr|pt,missing_passcode|missing_name|missing_printing
64132806-9899-4036-94a8-c2f205fa2f5a,0,token,,,1,Token,0,0,Ficha,0,0,Spielmarke,0,0,Jeton,0,0,Ficha,0,0,,en|es|de|fr|pt,missing_passcode|missing_printing
6fa142bd-767f-4368-b915-afe757dfcc9c,0,token,19940,,1,Token (side:Unity),1,1,Ficha,1,1,Spielmarke,1,1,Jeton,1,1,Ficha,1,1,,,missing_passcode
70df91cc-6853-4b4f-b1d7-5c77f701ed17,0,token,,,1,Token,0,0,Ficha,0,0,Spielmarke,0,0,Jeton,0,0,Ficha,0,0,,en|es|de|fr|pt,missing_passcode|missing_printing
7c3cf05e-c662-4850-ae2a-a36245f46297,0,token,3903,,1,Token,0,0,Ficha,0,0,Spielmarke,0,0,Jeton,0,0,Ficha,0,0,,en|es|de|fr|pt,missing_passcode|missing_printing
a08ce700-4fe8-42f0-a6c1-454a2d4d2732,0,token,,,1,Token,0,0,Ficha,0,0,Spielmarke,0,0,Jeton,0,0,Ficha,0,0,,en|es|de|fr|pt,missing_passcode|missing_printing
ad653d1e-2177-4753-861e-b848a4780396,0,token,11782,,1,Token (Kaiba and Blue-Eyes White Dragon),1,1,Ficha,1,1,Spielmarke,1,1,Jeton,1,1,Ficha,1,1,,,missing_passcode
c5249696-6cab-4f4e-aee4-d3ba000ae472,0,token,19941,,1,Token (side:Pride),1,1,Ficha,1,1,Spielmarke,1,1,Jeton,1,1,Ficha,1,1,,,missing_passcode
c8e972ae-f2d0-4fb3-a13d-36983b679ebf,0,token,,,1,Token,0,0,Ficha,0,0,Spielmarke,0,0,Jeton,0,0,Ficha,0,0,,en|es|de|fr|pt,missing_passcode|missing_printing
cad6df6f-3553-47bc-9a5f-5fc488d5cfbd,0,token,,,1,Token,0,0,Ficha,0,0,Spielmarke,0,0,Jeton,0,0,Ficha,0,0,,en|es|de|fr|pt,missing_passcode|missing_printing
e0e8ac69-5518-4386-b43f-4705dd9cec65,0,token,3905,,1,Token,0,0,Ficha,0,0,Spielmarke,0,0,Jeton,0,0,Ficha,0,0,,en|es|de|fr|pt,missing_passcode|missing_printing
f15fcdb2-2563-4501-a8e8-5e05cf60cfe1,0,token,11463,,3,Token (Joey and Red-Eyes Black Dragon),1,1,Ficha,1,1,Spielmarke,1,1,Jeton,1,1,Ficha,1,1,,,missing_passcode
b48e2f4f-3bac-42da-83ca-276a97bb3787,0,token,3963,56051649,1,Spider Token,0,0,Ficha Araña | Spider Token,0,0,Spider Token | Spinne-Spielmarke,0,0,Jeton Araignée | Spider Token,0,0,Ficha de Aranha,0,0,,en|es|de|fr|pt,missing_printing
77d6271a-5834-4188-a0de-c4d591e41603,0,token,13120,,1,Gadget Token,0,0,Ficha Artilugio,0,0,Apparat-Spielmarke,0,0,Jeton Gadget,0,0,Ficha de Dispositivo,0,0,,en|es|de|fr|pt,missing_passcode|missing_printing
c1e47b48-d657-4d93-ad69-ce40e4d72b67,0,token,16760,,1,Adventurer Token,0,0,Ficha Aventurera,0,0,Abenteurer-Spielmarke,0,0,Jeton Aventurier,0,0,Ficha de Aventura,0,0,,en|es|de|fr|pt,missing_passcode|missing_printing
b7d97b66-4d57-4826-a31f-6f73f511329c,0,token,15843,,1,Ice Barrier Token,1,1,Ficha Barrera de Hielo,1,1,Eisbarriere-Spielmarke,1,1,Jeton Barrière de Glace,1,1,Ficha de Barreira de Gelo,1,1,,,missing_passcode
cdb5c4c8-9810-4066-9acf-7012e7ed1327,0,token,17738,,1,Crystal Beast Token,1,1,Ficha Bestia de Cristal,1,1,Kristallungeheuer-Spielmarke,1,1,Jeton Bête Cristalline,1,1,Ficha de Fera Cristalina,1,1,,,missing_passcode
4fabdfc5-9e9f-484e-b755-68ab66bb2992,0,token,18929,,1,Bomb Token,1,1,Ficha Bomba,1,1,Bombe-Spielmarke,1,1,Jeton Bombe,1,1,Ficha de Bomba,1,1,,,missing_passcode
6679ee5e-b8ed-41fa-92a6-81b896eac8c5,0,token,14161,,1,Trickstar Token,1,1,Ficha Bromiestrella,1,1,Trickstar-Spielmarke,1,1,Jeton Farstar,1,1,Ficha Trapestrela,1,1,,,missing_passcode
b9c88c01-ba08-41ad-b1bd-f804f669c354,0,token,14046,,1,Prank-Kids Token,0,0,Ficha Brominiños,0,0,Streichbuben-Spielmarke,0,0,Jeton Farce-Gamins,0,0,Ficha de Travesso-Guris,0,0,,en|es|de|fr|pt,missing_passcode|missing_printing
b3a30f9e-cfed-4ecf-8c17-d47e04d84f88,0,token,3935,12958920,1,Skyblaster Token,0,0,Ficha Cañonera | Skyblaster Token,0,0,Himmelssprenger-Spielmarke | Skyblaster Token,0,0,Jeton Chasse-Ciel | Skyblaster Token,0,0,Ficha de Destruidor Celeste,0,0,,en|es|de|fr|pt,missing_printing
ffee83a7-6269-429e-9fd1-68f94e347548,0,token,3920,75622825,1,Tricky Token,0,0,Ficha Difícil | Tricky Token,0,0,Trickreicher-Spielmarke | Tricky Token,0,0,Jeton Mystérieux | Tricky Token,0,0,Ficha de Traiçoeiro,0,0,,en|es|de|fr|pt,missing_printing
5d0fe2a5-2ce1-4760-abff-37b07ec1d111,0,token,3972,53855410,1,Doppel Token,0,0,Ficha Doble,0,0,Doppel-Spielmarke,0,0,Jeton Double,0,0,Ficha Doppel,0,0,,en|es|de|fr|pt,missing_printing
9d00b55e-4c5b-4b69-a745-04d522eb39f1,0,token,14350,,1,Duel Dragon Token,1,1,Ficha Dragón de Duelo,1,1,Duelldrache-Spielmarke,1,1,Jeton Dragon Duel,1,1,Ficha de Dragão de Duelo,1,1,,,missing_passcode
3617ee31-ced9-45c0-9104-ba2b78a4ee0f,0,token,15560,,1,Dual Avatar Spirit Token,1,1,Ficha Espíritu del Avatar Doble,1,1,Doppelavatar-Seele-Spielmarke,1,1,Jeton Esprit du Double Avatar,1,1,Ficha do Espírito dos Dois Avatares,1,1,,,missing_passcode
59b6e508-181b-4f21-a6c0-214dd15b3986,0,token,17664,,1,G Golem Token,1,1,Ficha G Golem,1,1,G-Golem-Spielmarke,1,1,Jeton G Golem,1,1,Ficha de G Golem,1,1,,,missing_passcode
4df74453-9a8c-47b4-8f0c-e9762de6712e,0,token,14794,,1,Generaider Token,1,1,Ficha Geneincursor,1,1,Generaider-Spielmarke,1,1,Jeton Genèraideur,1,1,Ficha de Generaidor,1,1,,,missing_passcode
d70c79c1-0f31-426c-87e3-31416d84ec45,0,token,13015,,1,Jurraegg Token,2,1,Ficha Jurrahuevo,1,1,Juraei-Spielmarke,1,1,Jeton Jurraœuf,1,1,Ficha de Jurraovo,1,1,,,missing_passcode
9fddef85-98ad-4484-859c-ebfb13b7e218,0,token,3967,47658965,1,Laval Token,0,0,Ficha Laval | Laval Token,0,0,Laval Token | Laval-Spielmarke,0,0,Jeton Laval,0,0,,0,0,pt,en|es|de|fr|pt,missing_name|missing_printing
466c90fb-817b-48d4-b451-73f13d61ed28,0,token,3900,91512836,1,Insect Monster Token,0,0,Ficha Monstruo Insecto | Insect Monster Token,0,0,Insect Monster Token | Insektenmonster-Spielmarke,0,0,Insect Monster Token | Jeton Monstre Insecte,0,0,Ficha de Monster Inseto,0,0,,en|es|de|fr|pt,missing_printing
49789f64-1424-4268-82b3-27e0d5260da9,0,token,16464,,1,Mask Token,1,1,Ficha Máscara,1,1,Maske-Spielmarke,1,1,Jeton Masque,1,1,Ficha de Máscara,1,1,,,missing_passcode
8393e516-32ff-4a24-af4a-6edd85df3a60,0,token,16110,,1,Ogdoadic Token,1,1,Ficha Ogdoádica,1,1,Achtheits-Spielmarke,1,1,Jeton Ogdoadique,1,1,Ficha de Ogdoádico,1,1,,,missing_passcode
0b7818a5-8f13-413d-81d5-778fb655dde7,0,token,,15341822,2,Fluff Token,0,0,Ficha Pelusa | Fluff Token,0,0,Flaum Spielmarke | Fluff Token,0,0,Fluff Token | Jeton Fluffy,0,0,Ficha de Felpa,0,0,,en|es|de|fr|pt,missing_printing
52558311-17d7-4934-8b5a-589ece893be3,0,token,14793,,1,Primal Being Token,1,1,Ficha Ser Primitivo,1,1,Urwesen-Spielmarke,1,1,Jeton Être Primitif,1,1,Ficha de Ser Primitivo,1,1,,,missing_passcode
2803e575-2206-413d-aa2c-bb769cf808db,0,token,12365,,1,Dragon Lord Token,1,1,Ficha Señor Dragón,1,1,Drachenherr-Spielmarke,1,1,Jeton Grand Dragon,1,1,Ficha de Senhor Dragão,1,1,,,missing_passcode
1fdc317c-2482-41eb-ab45-ee8b6c5bd712,0,token,12816,25415053,2,Shinobird Token,0,0,Ficha Shinobird,0,0,Shinobivogel-Spielmarke,0,0,Jeton Shinobiseau,0,0,Ficha de Shinobird,0,0,,en|es|de|fr|pt,missing_printing
5c122906-6662-4202-9fe6-2a4feca4fe32,0,token,3989,62125439,1,Synchron Token,0,0,Ficha Sincrón,0,0,Synchron-Spielmarke,0,0,Jeton Synchronique,0,0,Ficha Sincron,0,0,,en|es|de|fr|pt,missing_printing
07dc19b5-8164-4ee1-9235-193e7ab3b977,0,token,3936,75732623,1,Grinder Token,0,0,Ficha Trituradora | Grinder Token,0,0,Grinder Token | Schleif Spielmarke,0,0,Grinder Token | Jeton Broyeur,0,0,,0,0,pt,en|es|de|fr|pt,missing_name|missing_printing
c7ca7980-407d-40fb-a1a3-1c3c35c6d7dc,0,token,3990,22404676,1,Vassal Token,0,0,Ficha Vasallo | Vassal Token,0,0,Vasall-Spielmarke | Vassal Token,0,0,Jeton Vassal | Vassal Token,0,0,Ficha Vassalo,0,0,,en|es|de|fr|pt,missing_printing
a9a983f9-e086-4861-85ba-81c5066f6b6c,0,token,,60764582,2,Lamb Token,0,0,Ficha de Cordero | Lamb Token,0,0,Lamb Token | Lamm-Spielmarke,0,0,Jeton Agneau | Lamb Token,0,0,Ficha de Cordeiro,0,0,,en|es|de|fr|pt,missing_printing
7ae15b4c-1077-4ecf-bd38-d19136a99557,0,token,3913,63442605,1,Mirage Token,0,0,Ficha de Espejismo | Mirage Token,0,0,Mirage Token | Trugbild-Spielmarke,0,0,Jeton Mirage | Mirage Token,0,0,Ficha de Miragem,0,0,,en|es|de|fr|pt,missing_printing
e80897fa-f470-4453-8d6f-9c4b350aa830,0,token,,14470846|29843092,5,Ojama Token,0,0,Ficha de Ojama | Ojama Token,0,0,Ojama Token | Ojama-Spielmarke,0,0,Jeton Ojama | Ojama Token,0,0,Ficha de Ojama,0,0,,en|es|de|fr|pt,missing_printing
90904ef1-7c19-46bf-9c0d-75df70e1ca2a,0,token,,73915052,4,Sheep Token,1,1,Ficha | Ficha de Oveja,0,0,Schaf-Spielmarke | Spielmarke,0,0,Jeton | Jeton Mouton,0,0,Ficha de Ovelha,0,0,,es|de|fr|pt,missing_printing
a3023c91-8cec-479f-b65a-a6ac3f172d75,0,trap,5405,81172176|81172177,2,Fiend Comedian,3,2,Fiend Comedian,0,0,Fiend Comedian | Unterweltler-Komiker,0,0,Fiend Comedian,0,0,,0,0,pt,es|de|fr|pt,missing_name|missing_printing
68b85dae-6e0c-4504-92ca-b7049cf20109,0,monster,4601,68870276,1,Fiend Reflection #1,0,0,Fiend Reflection #1,0,0,Fiend Reflection #1,0,0,Fiend Reflection #1,0,0,,0,0,pt,en|es|de|fr|pt,missing_name|missing_printing
52a5dffb-28ff-4844-bd61-fb2d1f08abd4,0,monster,4231,22855882,1,Fiend Sword,0,0,Fiend Sword,0,0,Dämonenklinge,0,0,Fiend Sword,0,0,,0,0,pt,en|es|de|fr|pt,missing_name|missing_printing
689e9332-fb42-4d59-9100-afb7d58b8a46,0,monster,,,1,Fiend's Mirror (Normal),0,0,,0,0,,0,0,,0,0,,0,0,es|de|fr|pt,en|es|de|fr|pt,missing_passcode|missing_name|missing_printing
650157e3-eb4f-4294-9b0d-61b84be88949,0,trap,9782,68054593,1,Fiery Fervor,3,1,Fiero Fervor,1,1,Feurige Inbrunst,1,1,Ferveur Ardente,1,1,,0,0,pt,pt,missing_name|missing_printing
68811ede-e03b-47bb-8d17-601798fd9d99,0,spell,7154,80368942,1,Cocoon Party,3,1,Fiesta de Crisálidas,1,1,Kokongruppe,1,1,Fête Chrysalide,1,1,,0,0,pt,pt,missing_name|missing_printing
1ace511e-3903-43d0-a412-e512a8c3b1b0,0,trap,10202,75833426,1,Madolche Tea Break,3,1,Fiesta de Té Magidulce,1,1,Magidolce-Teepause,1,1,Thé Magidolce,1,1,,0,0,pt,pt,missing_name|missing_printing
0e363bbd-89b9-4c8d-aa0e-905de20d1727,0,spell,9674,90592429,1,Vylon Filament,3,1,Filamento de Vylon,1,1,Vylon-Draht,1,1,Filaments Vylon,1,1,,0,0,pt,pt,missing_name|missing_printing
780828ee-f35b-5169-8823-847cdd3e278d,0,,23025,,0,Clown Crew Finale,1,1,Finale de la Compañía de Payasos,1,1,Clowntrupp-Finale,1,1,Final de la Troupe des Clowns,1,1,Final da Companhia de Palhaços,1,1,,,missing_passcode|missing_art
56e0a20d-dc66-4212-942b-54e89c125ad4,0,token,,98596597,1,Fireball Token,0,0,,0,0,,0,0,,0,0,,0,0,es|de|fr|pt,en|es|de|fr|pt,missing_name|missing_printing
45180e8c-34d0-4e49-a793-d179894d267d,0,trap,,,1,Fireworks Celebration,0,0,,0,0,,0,0,,0,0,,0,0,es|de|fr|pt,en|es|de|fr|pt,missing_passcode|missing_name|missing_printing
7ee7b396-67d5-4fff-a0d6-d36649b2eb44,0,monster,9216,94515289,1,Frozen Fitzgerald,2,1,Fitzgerald Congelado,1,1,Gefrorener Fitzgerald,1,1,Fitzgerald de Glace,1,1,,0,0,pt,pt,missing_name|missing_printing
182e0fcf-a0cc-4e52-8b02-4ad2be2f876f,0,monster,5048,12883044,1,Flame Dancer,5,3,Flame Dancer,0,0,Flammentänzer,1,1,Danseur des Flammes,1,1,,0,0,pt,es|pt,missing_name|missing_printing
7d7523db-c20a-4a48-9b4b-3c0ae0c98f39,0,monster,4650,02830619,1,Flame Viper,2,1,Flame Viper,0,0,Flammenviper,0,0,Vipère de Flammes,1,1,,0,0,pt,es|de|pt,missing_name|missing_printing
8ee227df-ffd5-4777-9418-6afc481e0b93,0,monster,7198,68762510,1,Lucky Pied Piper,5,1,Flautista Afortunado,2,1,Lustiger Rattenfänger,2,1,Joueur de Flûte Porte-Bonheur,2,1,,0,0,pt,pt,missing_name|missing_printing
c79db775-528b-44b2-8db1-451a97d01a06,0,trap,8064,88341502,1,Ebon Arrow,4,2,Flecha de Ébano,2,2,Ebenholzpfeil,2,2,Flèche d'Ébène,2,2,,0,0,pt,pt,missing_name|missing_printing
55a464d9-5d8d-4857-b1db-ebdb1fcfc394,0,monster,7576,00131182,1,Miracle Flipper,3,1,Flipper Milagroso,1,1,Wunderflipper,1,1,Magicien Miracle,1,1,,0,0,pt,pt,missing_name|missing_printing
fd3e4468-638f-40c3-ae46-5425100323a4,0,trap,15869,54340229,1,Sunavalon Bloom,0,0,Florescer de Solaravalon | Solaravalon Floración,0,0,Sonnenavalon-Blüte,0,0,Floraison Solairavalon,0,0,Florescer de Solaravalon,0,0,,en|es|de|fr|pt,missing_printing
95de1ee2-30cf-41ad-9344-976337906e1f,0,monster,8305,70054514,1,Darksea Float,3,1,Flotador Maroscuro,1,1,Finstermeer-Rettungsring,1,1,Bouée de la Mer Sombre,1,1,,0,0,pt,pt,missing_name|missing_printing
9b069929-a683-404d-87c0-d6d9126f6bee,0,trap,9233,53063039,1,Malefic Claw Stream,2,1,Flujo de Garras Malicioso,1,1,Niederträchtiger Krallenstrahl,1,1,Déluge de Griffes Corrompu,1,1,,0,0,pt,pt,missing_name|missing_printing
77b28c24-9318-4d65-9355-d5a47410b554,0,skill,,,1,Fog Warning,1,1,,1,1,,1,1,Avertissement de Brume,1,1,,1,1,es|de|pt,,missing_passcode|missing_name
71a477a0-cc4e-40c8-9c7c-6dc03733d207,0,skill,,,1,Food Chain,1,1,,0,0,,0,0,,0,0,,0,0,es|de|fr|pt,es|de|fr|pt,missing_passcode|missing_name|missing_printing
dd6d5ba8-413c-4a53-8301-1d980aca5e30,0,skill,,,1,Forged Steel,1,1,,1,1,,1,1,Acier Forgé,1,1,,1,1,es|de|pt,,missing_passcode|missing_name
f6d97f88-fe14-4d63-a15c-14830e1389ea,0,trap,9945,64038662,1,Variable Form,3,1,Forma Variable,1,1,Veränderliche Form,1,1,Forme Variable,1,1,,0,0,pt,pt,missing_name|missing_printing
36395435-dc5c-4c7d-86ad-5e0de452f9f7,0,monster,8039,68319538,1,Cosmic Fortress Gol'gar,5,1,Fortaleza Cósmica Gol'gar,2,1,Kosmische Festung Gol'gar,2,1,Gol'gar la Forteresse Cosmique,2,1,,0,0,pt,pt,missing_name|missing_printing
ad4fdc93-dade-4ed9-892a-e6f6e485bceb,0,monster,7999,16898077,1,Flying Fortress SKY FIRE,3,1,Fortaleza Volante CIELO ÍGNEO,1,1,Fliegende Festung SKY FIRE,1,1,Forteresse Volante FEU DU CIEL,1,1,,0,0,pt,pt,missing_name|missing_printing
8932fdbb-210f-4c5f-991a-45e3a1647452,0,trap,6916,98444741,1,Accumulated Fortune,3,1,Fortuna Acumulada,0,0,Angehäufte Reichtümer,1,1,Fortune Accumulée,1,1,,0,0,pt,es|pt,missing_name|missing_printing
c516d9f4-549b-436e-91e5-6e56f9511200,0,trap,8502,20057949,1,Inherited Fortune,3,1,Fortuna Heredada,1,1,Geerbte Reichtümer,1,1,Fortune Familiale,1,1,,0,0,pt,pt,missing_name|missing_printing
db3a2ada-f7d4-4bbd-b773-e3628f11095a,0,spell,10274,62437430,1,Different Dimension Deepsea Trench,3,1,Fosa Oceánica de una Dimensión Diferente,1,1,Tiefseegraben aus einer anderen Dimension,1,1,Fosse d'une Autre Dimension,1,1,,0,0,pt,pt,missing_name|missing_printing
c63d9c26-9ca9-4ef4-91de-782db915189d,0,token,,27198002,1,Fox Token,0,0,Fox Token,0,0,Fox Token,0,0,Fox Token,0,0,,0,0,pt,en|es|de|fr|pt,missing_name|missing_printing
fc9e8dde-b848-4736-9682-b93d563c2702,0,monster,5316,49681811,1,Freed the Matchless General,12,8,Freed el General Sin Igual,6,5,"Freed, der Unvergleichliche General",7,6,Freed le Général Irremplaçable,7,6,"Freed, o General sem Igual",0,0,,pt,missing_printing
0371368c-16d8-4afb-a79e-070568cb7db1,0,monster,7798,70676581,1,Dark General Freed,5,2,"Freed, General Oscuro",2,2,Finsterer General Freed,2,2,Freed le Général des Ténèbres,2,2,,0,0,pt,pt,missing_name|missing_printing
3f8078cc-766b-45e1-8e3c-8ec73a3f7ab4,0,trap,9692,86474024,1,United Front,3,1,Frente Unido,1,1,Geschlossene Front,1,1,Front Unifié,1,1,,0,0,pt,pt,missing_name|missing_printing
0ce89611-ad18-4af4-8b83-564bd031cb3e,0,monster,8959,44789585,1,Naturia Beans,3,1,Frijoles Naturia,1,1,Naturia-Bohnen,1,1,Haricots Naturia,2,1,,0,0,pt,pt,missing_name|missing_printing
a68463d3-1f2f-445d-825a-5d1835df15ae,0,monster,7496,51083544,2,Frost Tiger,0,0,,0,0,,0,0,,0,0,,0,0,es|de|fr|pt,en|es|de|fr|pt,missing_name|missing_printing
b2b92440-5f20-4431-a78a-4b018791ebd6,0,trap,9355,17521642,1,Zero Force,3,1,Fuerza Cero,1,1,Nullkraft,1,1,Force Zéro,1,1,,0,0,pt,pt,missing_name|missing_printing
8fced632-b0cf-4fd3-a36f-b0fd1833dcda,0,trap,8508,18712704,1,Infernity Force,3,1,Fuerza Inférnica,1,1,Ewig infernale Macht,1,1,Force de l'Enfernité,1,1,,0,0,pt,pt,missing_name|missing_printing
25c32e28-50ed-421d-82f4-0cde10292b0b,0,spell,6993,47274077,1,Neos Force,7,2,Fuerza Neos,2,1,Neos Macht,3,2,Force de Néos,2,1,Força de Neos,0,0,,pt,missing_printing
c3144b71-c2b1-467b-af5a-efcbde22d0f7,0,monster,10063,92887027,1,Nomadic Force,3,1,Fuerza Nómada,1,1,Nomadische Truppen,1,1,La Troupe Nomade,1,1,,0,0,pt,pt,missing_name|missing_printing
f6ee055e-b2cb-48fd-abaf-28baa53149c6,0,monster,10260,12836042,1,Missing Force,3,1,Fuerza Perdida,1,1,Fehlende Stärke,1,1,La Troupe Manquante,1,1,,0,0,pt,pt,missing_name|missing_printing
9a13bbfc-9dc4-489f-b437-731d3de43b21,0,spell,8659,38589847,1,Advance Force,3,1,Fuerza de Avanzada,1,1,Kraft verbessern,1,1,Force Supérieure,1,1,,0,0,pt,pt,missing_name|missing_printing
1b3feb68-41de-42e0-b62e-15b6058fc7b7,0,trap,8061,89563150,1,Shining Silver Force,3,1,Fuerza de Plata Brillante,1,1,Strahlende Silberkraft,1,1,Force d'Argent Flamboyante,1,1,,0,0,pt,pt,missing_name|missing_printing
9c2a4f49-e378-5e44-b3b2-33d78e1ee77d,0,,22989,,0,S-Force Nightcatcher,1,1,Fuerza-S Capturadora Nocturna,1,1,S-Kraft Nightcatcher,1,1,Attrapeuse de Nuit de la Force-S,1,1,Força-S Apanhador Noturno,1,1,,,missing_passcode|missing_art
df001ef5-5dfa-50fd-a00e-d8a75a965cc8,0,,22990,,0,S-Force Mystify,1,1,Fuerza-S Mystify,1,1,S-Kraft Mystify,1,1,Mystify de la Force-S,1,1,Força-S Mistify,1,1,,,missing_passcode|missing_art
44ed70ec-21ae-5123-8824-a450bf474ed7,0,,22969,,0,S-Force Signify,1,1,Fuerza-S Signify,1,1,S-Kraft Signify,1,1,Signify de la Force-S,1,1,Força-S Signify,1,1,,,missing_passcode|missing_art
64a3348e-33ab-41ce-abbe-1240e9e49833,0,spell,23036,44857722,2,Full Moon Mirror,0,0,,0,0,,0,0,,0,0,,0,0,es|de|fr|pt,en|es|de|fr|pt,missing_name|missing_printing
2a74d454-6943-4280-85e5-3874eed81f83,0,monster,4510,53830602,1,Fungi of the Musk,0,0,Fungi of the Musk,0,0,Fungi of the Musk | Moschusfungus,0,0,Fungi of the Musk | Musc du Mycètes,0,0,Fungos do Almíscar,0,0,,en|es|de|fr|pt,missing_printing
1d000ccf-b1ca-428a-8ad5-9c5511495ce8,0,monster,,,2,Funny Dark Rabbit,0,0,,0,0,,0,0,,0,0,,0,0,es|de|fr|pt,en|es|de|fr|pt,missing_passcode|missing_name|missing_printing
af86219d-6ac7-4589-ba10-cd4dcc0fab38,0,spell,8987,09999961,1,Beast Rage,3,1,Furia Bestial,1,1,Wüterei der Ungeheuer,1,1,Rage Bestiale,2,1,,0,0,pt,pt,missing_name|missing_printing
bdfe1100-e269-4b4b-be0d-d02807e729c3,0,trap,10124,99064191,1,Xyz Wrath,3,1,Furia Xyz,1,1,Xyz-Zorn,1,1,Fureur Xyz,1,1,,0,0,pt,pt,missing_name|missing_printing
02bab082-2e92-420a-ab27-984e085b1105,0,trap,9001,59699355,1,Scrap Rage,3,1,Furia de la Chatarra,1,1,Schrottzorn,1,1,Rage de Ferraille,2,1,,0,0,pt,pt,missing_name|missing_printing
77aeb982-0452-4bda-8c7a-4691000c284b,0,monster,9581,73778008,1,Rage of the Deep Sea,3,1,Furia del Mar Profundo,1,1,Zorn der Tiefsee,1,1,Fureur en Haute Mer,1,1,,0,0,pt,pt,missing_name|missing_printing
03a19fc7-d226-4f80-b042-caa6b6119f5f,0,skill,-37,,1,Fury of Thunder,1,1,Furia del Trueno,1,1,Zorn des Donners,1,1,Fureur du Tonnerre,1,1,,0,0,pt,pt,missing_passcode|missing_name|missing_printing
be199368-2f51-4d09-a8d8-d70288095023,0,monster,5382,38538445,1,Fushi No Tori,4,3,Fushi No Tori,1,1,Fushi No Tori,1,1,Fushi No Tori,1,1,,0,0,pt,pt,missing_name|missing_printing
478f4344-2232-4e03-9e12-22448481a9fa,0,monster,5428,39711336,1,Fushioh Richie,3,2,Fushioh Richie,1,1,Fushioh Richie,1,1,Fushioh Richie,1,1,,0,0,pt,pt,missing_name|missing_printing
fbb3a280-a77c-430c-b742-1cfff9980648,0,trap,6910,99788587,1,Blasting Fuse,6,2,Fusible Explosivo,0,0,Sprengsicherung,2,1,Disjonction,2,1,,0,0,pt,es|pt,missing_name|missing_printing
ae46f180-1993-4841-bfeb-394527cf8aae,0,monster,8966,15839054,1,Synchro Fusionist,3,1,Fusionista de Sincronía,1,1,Synchrofusionierer,1,1,Fusionniste Synchro,2,1,,0,0,pt,pt,missing_name|missing_printing
0378fc8c-e7f3-4f87-b5bc-ccd44c3fff19,0,skill,,,1,Ancient Fusion,1,1,Fusión Antigua,1,1,Antike Fusion,1,1,Fusion Ancienne,1,1,Fusão Antiga,1,1,,,missing_passcode
923c0386-9ced-42db-875a-2995bb81c4e7,0,skill,,,1,Cyber Blade Fusion,1,1,Fusión Ciber Filo,1,1,Fusion der Cyber-Klinge,1,1,Fusion Cyber Lame,1,1,,1,1,pt,,missing_passcode|missing_name
f49c97f4-58c8-4b4f-b6a2-2b4f4ecc36b6,0,trap,9399,55824220,1,Pyroxene Fusion,4,2,Fusión Piroxénica,1,1,Pyroxen-Fusion,1,1,Fusion Pyroxène,1,1,,0,0,pt,pt,missing_name|missing_printing
898f4630-e29d-4121-8505-306d1d34e453,0,spell,9606,39261576,1,Particle Fusion,4,2,Fusión de Partículas,1,1,Partikelfusion,1,1,Fusion de Particules,1,1,,0,0,pt,pt,missing_name|missing_printing
74431957-0d9c-4897-bb03-543df790f3aa,0,spell,8988,36484016,1,Miracle Synchro Fusion,3,1,Fusión de Sincronía Milagrosa,1,1,Wunder-Synchrofusion,1,1,Fusion Synchro Miracle,2,1,Fusão Sincro Milagrosa,0,0,,pt,missing_printing
543b0fb2-1275-418c-8ee3-94745d26b4b0,0,spell,22721,92058902,3,Future Fusion Nova,0,0,,0,0,,0,0,,0,0,,0,0,es|de|fr|pt,en|es|de|fr|pt,missing_name|missing_printing
7b40f2e6-350f-42a3-b3e6-a94c925c4ce4,0,trap,9687,24707869,1,Bright Future,3,1,Futuro Brillante,1,1,Strahlende Zukunft,1,1,Avenir Radieux,1,1,,0,0,pt,pt,missing_name|missing_printing
df7ef7ae-c5a0-43ed-aab0-d29e2452ef82,0,spell,7905,07030340,1,Factory of 100 Machines,3,1,Fábrica de 100 Máquinas,1,1,Fabrik der 100 Maschinen,1,1,Usine des 100 Machines,1,1,,0,0,pt,pt,missing_name|missing_printing
97abe334-ad90-4773-834c-62a800005a18,0,spell,9671,95714077,1,Wind-Up Factory,4,2,Fábrica de Cuerda,2,2,Aufzieh-Fabrik,2,2,Usine des Automates,2,2,,0,0,pt,pt,missing_name|missing_printing
286c3a1c-754d-49f4-8e2b-b78d6ffba0eb,0,spell,6573,30435145,1,Ancient Gear Factory,6,3,Fábrica de Mecanismo Antiguo,2,2,Antike Antriebsfabrik,2,2,Usine Rouages Ancients,2,2,,0,0,pt,pt,missing_name|missing_printing
cc0104c1-5097-566a-abaf-dd14a49efc8d,0,,22934,,0,GMX - COMPREX,2,1,GMX - COMPREX,2,1,GMX - COMPREX,2,1,GMX - COMPREX,2,1,GMX - COMPREX,2,1,,,missing_passcode|missing_art
05350190-5bd9-4c6d-bdc2-714faf8070ac,0,spell,22342,18795635,2,GMX Applied Experiment #55,0,0,,0,0,,0,0,,0,0,,0,0,es|de|fr|pt,en|es|de|fr|pt,missing_name|missing_printing|shared_passcode
d4865810-c58b-4466-a2f5-3db31222ad8d,0,monster,9576,10002346,1,Gachi Gachi Gantetsu,6,2,Gachi Gachi Gantetsu,3,2,Gachi Gachi Gantetsu,3,2,Gachi Gachi Gantetsu,3,2,,0,0,pt,pt,missing_name|missing_printing
a52b7db4-d9db-41d3-bb78-0f14951971bb,0,spell,7917,04857085,1,Omega Goggles,3,1,Gafas de Seguridad Omega,1,1,Omegabrille,1,1,Lunettes Oméga,1,1,,0,0,pt,pt,missing_name|missing_printing
b8009e1b-7317-45cf-aee6-5bae093220df,0,monster,22727,91714772,3,Galaxy Defense Robot Orbital 7,0,0,,0,0,,0,0,,0,0,,0,0,es|de|fr|pt,en|es|de|fr|pt,missing_name|missing_printing
a2171b4f-a1cb-4e6f-89b0-f048546cef6c,0,monster,22726,54725177,2,Galaxy-Eyes Photon Change Dragon,0,0,,0,0,,0,0,,0,0,,0,0,es|de|fr|pt,en|es|de|fr|pt,missing_name|missing_printing
ef628c6c-4dd2-4f8b-8ef3-1ef5b7a95350,0,monster,7981,30915572,1,Gallis the Star Beast,6,3,Gallis la Bestia Estelar,2,2,Gallis das Sternenungeheuer,3,3,"Gallis, la Bête des Étoiles",2,2,,0,0,pt,pt,missing_name|missing_printing
b68de55d-fc0b-5432-8c21-5d809a683180,0,,22923,,0,Gaming Gamer GG,1,1,Gaming Gestionado GG,1,1,Spielender Spieler GG,1,1,Joueur de Jeux GG,1,1,Jogador de Jogos GG,1,1,,,missing_passcode|missing_art
cc3d2ff4-366a-4735-a4fa-43acd94e6ed7,0,trap,10090,85709845,1,Gamushara,3,1,Gamushara,1,1,Gamushara,1,1,Gamushara,1,1,,0,0,pt,pt,missing_name|missing_printing
b38d2255-abfc-4a27-94d3-49dd3b3ece15,0,monster,4482,34536276,1,Ganigumo,0,0,Ganigumo,0,0,Ganigumo,0,0,Ganigumo,0,0,,0,0,pt,en|es|de|fr|pt,missing_name|missing_printing
6b0d21a3-60e9-4862-bc19-f3db3aae909b,0,monster,8441,93816465,1,Zero Gardna,5,2,Gardna Cero,2,2,Nullwache,2,2,Gardien Zéro,2,2,,0,0,pt,pt,missing_name|missing_printing
008183a1-72e3-46cd-943b-3d372d87c92d,0,monster,7702,59965151,1,Ghost Gardna,6,4,Gardna Fantasma,2,2,Geisterwache,2,2,Gardna Spectral,2,2,,0,0,pt,pt,missing_name|missing_printing
bb31cb54-a8c6-45b7-9623-b7b2d80d472d,0,monster,8627,43002864,1,Reptilianne Gardna,3,1,Gardna Reptílico,1,1,Reptilianische Wache,1,1,Protectrice Reptilia,1,1,,0,0,pt,pt,missing_name|missing_printing
53f892f8-c7b1-49ec-9117-d3bd3529095a,0,monster,9045,37993923,1,Junk Gardna,2,1,Gardna de Basura,1,1,Gerümpelwache,1,1,Robot Gardna,1,1,,0,0,pt,pt,missing_name|missing_printing
669c6b01-03e1-41a2-b7af-c32420a912fd,0,monster,7201,57549932,1,Dawnbreak Gardna,3,1,Gardna del Amanecer,1,1,Wache der Morgenröte,1,1,Champion du Soleil Levant,1,1,,0,0,pt,pt,missing_name|missing_printing
5b234f4f-03f7-4b78-b1dc-f9ec49c8e6ac,0,monster,8650,30646525,1,"Garlandolf, King of Destruction",5,1,"Garlandolf, Rey de la Destrucción",2,1,"Garlandolf, König der Zerstörung",2,1,"Garlandolf, Roi de la Destruction",3,1,,0,0,pt,pt,missing_name|missing_printing
c473ff47-6f75-4b93-95c1-95b47778daac,0,spell,7446,75524092,1,Vicious Claw,3,1,Garra Cruenta,1,1,Teuflische Kralle,1,1,Griffe Perfide,1,1,,0,0,pt,pt,missing_name|missing_printing
f580a54c-dcb2-485d-8cc4-50607a89ba8a,0,monster,4489,69780745,1,Garvas,0,0,Garvas,0,0,Garvas,0,0,Garvas,0,0,Garvas,0,0,,en|es|de|fr|pt,missing_printing
046a7449-0fbb-471d-9dad-ca2b5b9faad0,0,monster,19392,,1,Gatebridgeo the Waterfront Warbeast,7,2,,0,0,,0,0,,0,0,,0,0,es|de|fr|pt,es|de|fr|pt,missing_passcode|missing_name|missing_printing
51d4c06c-b0b4-40a6-aa85-3bd708c8135c,0,monster,22739,88931417,3,Gatling Ogre,0,0,,0,0,,0,0,,0,0,,0,0,es|de|fr|pt,en|es|de|fr|pt,missing_name|missing_printing
e693dfea-3c74-4e4d-b31d-e9285a4b8d43,0,monster,8964,52346240,1,Lock Cat,3,1,Gato Cerradura,1,1,Schlosskatze,1,1,Chat au Cadenas,2,1,,0,0,pt,pt,missing_name|missing_printing
5d349d7a-000a-4396-8210-aa329e246327,0,monster,8322,25531465,1,Magicat,3,1,Gatomágico,1,1,Magikatze,1,1,Chat Magique,1,1,,0,0,pt,pt,missing_name|missing_printing
0a06ab6b-0d37-4ff6-9a4a-7cf3fba77ed3,0,monster,5060,46821314,1,Humanoid Slime,6,5,Gelatina Humanoide,1,1,Menschlicher Schleim,3,3,Gélatine Humanoïde,2,2,Limo Humanoide,0,0,,pt,missing_printing
d01f8688-3103-4d4c-a13e-0e6252876c6d,0,trap,8921,00041777,1,Gem-Enhancement,5,2,Gema-Mejora,1,1,Edelstein-Aufwertung,1,1,Amélioration-Gemmes,1,1,,0,0,pt,pt,missing_name|missing_printing
b3d21de2-33ed-4f50-9c5e-b30798bbd9cf,0,monster,8789,13582837,1,Infernity Randomizer,3,1,Generador de Azar Inférnico,1,1,Ewig infernaler Zufallskrieger,1,1,Rechargeur Enfernité,1,1,,0,0,pt,pt,missing_name|missing_printing
3b760ca6-bceb-45ed-bcb1-7965803ae3b2,0,monster,7869,31281980,1,Healing Wave Generator,4,2,Generador de Ondas Sanadoras,2,2,Heilwellengenerator,2,2,Générateur d'Onde de Guérison,2,2,,0,0,pt,pt,missing_name|missing_printing
3595f9d1-a42b-46d4-9fc2-4695eec1fb73,0,monster,8618,55063681,1,Power Supplier,3,1,Generador de Poder,1,1,Machtversprüher,1,1,Enchanteur de Puissance,1,1,,0,0,pt,pt,missing_name|missing_printing
4ca20774-a5df-4314-b198-6b522085ac8e,0,monster,7834,47421985,1,Hydro Genex,4,2,Genex Hidro,1,1,Hydro-Genex,1,1,Hydro Genex,1,1,,0,0,pt,pt,missing_name|missing_printing
53d249e2-cb06-4a7d-8a85-6b9ed58a6aeb,0,monster,8120,43925870,1,Windmill Genex,4,2,Genex Molino,1,1,Windmühlen-Genex,1,1,Ultron Éolien Genex,1,1,,0,0,pt,pt,missing_name|missing_printing
904dc7cd-107d-42d8-9b0d-e00ad8472901,0,monster,7953,15605085,1,Genex Solar,4,2,Genex Solar,1,1,Genex-Solar,1,1,Soleil Genex,1,1,,0,0,pt,pt,missing_name|missing_printing
7c089fe2-92c3-4e59-b07b-f695ce068d17,0,monster,7971,06588580,1,Thermal Genex,4,2,Genex Termal,1,1,Thermischer Genex,1,1,Station Spatiothermale Genex,1,1,,0,0,pt,pt,missing_name|missing_printing
a68b838a-ba60-45cc-bee2-e5eb14ef017f,0,monster,7951,52222372,1,Genex Turbine,4,2,Genex Turbina,1,1,Genex-Turbine,1,1,Turbine Genex,1,1,,0,0,pt,pt,missing_name|missing_printing
3dd039c0-f755-417b-90af-f1776f8ba2c9,0,monster,8104,24432029,1,Genex Blastfan,4,2,Genex Ventilador,1,1,Genex-Sprenglüfter,1,1,Ventilateur d'Énergie Genex,1,1,,0,0,pt,pt,missing_name|missing_printing
863c35a3-e8f4-4738-8e70-9f5ae9c2daf4,0,monster,7950,16828633,1,Genex Spare,4,2,Genex de Repuesto,1,1,Genex-Ersatzteil,1,1,Machine de Secours Genex,1,1,,0,0,pt,pt,missing_name|missing_printing
9846cf81-07be-5da5-88ca-9633d315f7d6,0,,22927,,0,Genia of the Ring,1,1,Genia del Anillo,1,1,Genia des Rings,1,1,Génia de l'Anneau,1,1,Gênia do Anel,1,1,,,missing_passcode|missing_art
00cc71e4-41a7-48f4-b6bd-dd80317d6e6d,0,monster,4190,49370026,1,Genin,0,0,Genin,0,0,Genin,0,0,Genin,0,0,,0,0,pt,en|es|de|fr|pt,missing_name|missing_printing
c53c8378-549d-4692-8827-034ba30b268b,0,monster,15849,66675911,1,Nehshaddoll Genius,0,0,Genius Nehsombrañeca,0,0,Nehschattenpuppe Genie,0,0,Don Marionnette de l'Ombre Neh,0,0,Gênio Nehsombraneco,0,0,,en|es|de|fr|pt,missing_printing
46ce3472-c374-4028-8a19-3279fc86695d,0,monster,9384,62729173,1,Steelswarm Genome,4,2,Genoma Horda de Acero,1,1,Stahlschar-Genom,1,1,Génome Colonie de Chrome,1,1,,0,0,pt,pt,missing_name|missing_printing
735aea35-2850-4261-9edc-f488431b99a5,0,monster,7972,33972299,1,Geo Genex,4,2,Geo Genex,1,1,Geo-Genex,1,1,Géo Genex,1,1,,0,0,pt,pt,missing_name|missing_printing
41801a2a-0420-46ca-b7e3-8a8e30022578,0,monster,9734,55488859,1,Evoltile Gephyro,3,1,Gephyro Evolutil,1,1,Evoltil Gephyro,1,1,Évoltile Gephyro,1,1,,0,0,pt,pt,missing_name|missing_printing
a23bb5a4-34bd-467d-bd53-a3c49ccdf98f,0,spell,10285,23269426,1,Final Gesture,3,1,Gesto Final,1,1,Abschiedsgeste,1,1,Geste Final,1,1,,0,0,pt,pt,missing_name|missing_printing
fa97aeab-80f8-4bf3-9f38-1369dc49e01b,0,spell,,,1,Get Your Game On!,1,1,,0,0,,0,0,,0,0,,0,0,es|de|fr|pt,es|de|fr|pt,missing_passcode|missing_name|missing_printing
832554a4-a846-478c-a1cd-87d83113cfba,0,token,,35268888,1,Ghost Token,0,0,Ghost Token,0,0,Ghost Token,0,0,Ghost Token,0,0,,0,0,pt,en|es|de|fr|pt,missing_name|missing_printing
cb750d67-2b55-4cc3-be4d-2f349887ddac,0,monster,4582,41403766,1,Giant Scorpion of the Tundra,0,0,Giant Scorpion of the Tundra,0,0,Giant Scorpion of the Tundra,0,0,Giant Scorpion of the Tundra,0,0,,0,0,pt,en|es|de|fr|pt,missing_name|missing_printing
58282dec-c847-4884-9750-58c3ca8dd458,0,token,,93912846,1,Gift Fiend Token,0,0,Gift Fiend Token,0,0,Gift Fiend Token,0,0,Gift Fiend Token,0,0,,0,0,pt,en|es|de|fr|pt,missing_name|missing_printing
87c3bd3a-eed0-4e9a-b1b4-f8a8ec02fd79,0,monster,9896,21977828,1,Inzektor Giga-Weevil,3,1,Giga-Gorgojo Inzektor,1,1,Insektor Giga-Rüsselkäfer,1,1,Inzektor Giga-Charançon,1,1,,0,0,pt,pt,missing_name|missing_printing
35d0672f-d3f3-4e2b-9b34-fd8950b0f42a,0,monster,10054,65844845,1,Inzektor Giga-Cricket,3,1,Giga-Grillo Inzektor,1,1,Insektor Giga-Grille,1,1,Inzektor Giga-Criquet,1,1,,0,0,pt,pt,missing_name|missing_printing
560edb2b-df15-4603-8735-c5b6dfef4029,0,monster,10271,73659078,1,Snowdust Giant,2,1,Gigante de Polvo de Nieve,0,0,Schneestaubriese,0,0,Géant Poussière de Neige,0,0,,0,0,pt,es|de|fr|pt,missing_name|missing_printing
1a247f91-1ced-4527-bd5e-10f801d0a6c6,0,monster,8932,61864793,1,Earthquake Giant,3,1,Gigante del Terremoto,1,1,Erdbebenriese,1,1,Géant Sismique,2,1,,0,0,pt,pt,missing_name|missing_printing
fee21224-4088-486b-88ea-9494129ef629,0,monster,12996,58330108,1,Gigarays Gandora the Dragon of Destruction,0,0,Gigarays Gandora the Dragon of Destruction,0,0,Gigarays Gandora the Dragon of Destruction,0,0,Gigarays Gandora the Dragon of Destruction,0,0,,0,0,pt,en|es|de|fr|pt,missing_name|missing_printing
710767ef-99b6-4974-b7d0-c7dae136b97a,0,spell,7901,72767833,1,Card Rotator,4,2,Girador de Carta,2,2,Kartendreher,2,2,Chambouleur de Cartes,2,2,,0,0,pt,pt,missing_name|missing_printing
191be5aa-39f4-4ab0-9293-76a8cfaa043b,0,monster,9176,58494728,1,Steelswarm Girastag,5,2,Girastag Horda de Acero,1,1,Stahlschar-Girastag,1,1,Girastag Colonie de Chrome,1,1,,0,0,pt,pt,missing_name|missing_printing
4ad90a3c-de3a-46ad-9cf9-4eac26ef4ca5,0,spell,7309,25407406,1,Gladiator Beast's Battle Gladius,3,1,Gladio de Batalla de las Bestias Gladiador,1,1,Kampfkurzschwert der Gladiatorungeheuer,1,1,Glaive de Combat des Bêtes Gladiateurs,2,1,,0,0,pt,pt,missing_name|missing_printing
95195b8f-5089-4dab-84d3-21c0556e8415,0,monster,,,1,Glitch Clutch Nullgainer,0,0,,0,0,,0,0,,0,0,,0,0,es|de|fr|pt,en|es|de|fr|pt,missing_passcode|missing_name|missing_printing
02c719e0-aea0-47b3-8a72-49acbbe2ba6a,0,spell,9679,52263685,1,Peeking Goblin,3,1,Goblin Espiando,1,1,Lugender Goblin,1,1,Gobelin Voyeur,1,1,,0,0,pt,pt,missing_name|missing_printing
eeedc86b-5d16-4b4a-955b-9e43bba10cd1,0,trap,6625,69632396,1,Goblin Out of the Frying Pan,7,3,Goblin fuera de la sartén,3,2,Der Goblin aus der Bratpfanne,3,2,Gobelin Sous Pression,3,2,,0,0,pt,pt,missing_name|missing_printing
39bc87cf-7ea6-410d-b02b-5842044d22b5,0,monster,7115,10236520,1,Goe Goe the Gallant Ninja,5,2,"Goe Goe, el Ninja Cortés",3,2,"Goe Goe, der galante Ninja",3,2,"Goe Goe, le Ninja Courageux",4,2,,0,0,pt,pt,missing_name|missing_printing
5dd17883-3e13-42bd-8249-13261510c71f,0,monster,4060,15367030,1,Gokibore,3,2,Gokibore,0,0,Gokibore,1,1,Gokibore,2,2,Gokibore,0,0,,es|pt,missing_printing
702445fe-e3e6-4cd5-a0e7-15cbfdf33c6f,0,monster,4459,47986555,1,Millennium Golem,2,1,Golem Milenario,1,1,Millenniumgolem,1,1,Golem Millenium,1,1,Golem Milênio,0,0,,pt,missing_printing
077ec82b-f67f-4c3f-bade-8e944241f542,0,monster,7200,21155323,1,Goggle Golem,3,1,Golem de Antiparras,1,1,Brillengolem,1,1,Punk Golem,1,1,,0,0,pt,pt,missing_name|missing_printing
bf26da9e-fadf-4b42-867c-9d9ab6dfce1d,0,monster,8179,17313545,1,Brain Golem,3,1,Golem de Cerebros,1,1,Gehirngolem,1,1,Golem Cérébral,1,1,,0,0,pt,pt,missing_name|missing_printing
8449ad87-6175-47ca-8579-ea4640485441,0,monster,7706,25247218,1,Big Piece Golem,5,3,Golem de Partes Grandes,1,1,Großteilgolem,2,2,Golem Goliath,1,1,,0,0,pt,pt,missing_name|missing_printing
0b1efe92-b82d-457e-955f-ac1febf1e8cc,0,monster,7705,58843503,1,Medium Piece Golem,3,1,Golem de Partes Medianas,1,1,Mittelteilgolem,1,1,Golem Champion,1,1,,0,0,pt,pt,missing_name|missing_printing
ff8afa64-c12a-4d03-8378-1f651322bf21,0,monster,7704,22754505,1,Small Piece Golem,3,1,Golem de Partes Pequeñas,1,1,Kleinteilgolem,1,1,Golem Nain,1,1,,0,0,pt,pt,missing_name|missing_printing
4c7ae71d-1c8c-4ed2-a309-df1cb778d280,0,monster,7732,71628381,1,Multiple Piece Golem,5,1,Golem de Piezas Múltiples,2,1,Mehrteilgolem,2,1,Multi Golem Suprême,3,1,,0,0,pt,pt,missing_name|missing_printing
c6f3dbe5-7194-4241-920d-d943811d2248,0,monster,4424,07526150,1,Golgoil,1,1,Golgoil,0,0,Golgoil,1,1,Golgoil,1,1,Gargóleo,0,0,,es|pt,missing_printing
d03d4384-f54a-4f85-b553-79e3cc5277d1,0,skill,-69,,1,Low Blow,2,2,Golpe Bajo,2,2,Tiefschlag,2,2,Coup Bas,2,2,,1,1,pt,,missing_passcode|missing_name
20a17247-4b61-470d-a2d8-eb2e8e22e582,0,trap,7921,30123142,1,Synchro Strike,4,2,Golpe Sincro,2,2,Synchroschlag,2,2,Attaque Synchro,2,2,,0,0,pt,pt,missing_name|missing_printing
74249433-384c-4e55-836b-875da9a50532,0,spell,8976,49267971,1,Blind Spot Strike,5,2,Golpe al Punto Ciego | Golpe del Punto Ciego,2,2,Schlag aus dem Hinterhalt,3,2,Attaque en Angle Mort,3,2,,0,0,pt,pt,missing_name|missing_printing
b23c9f99-efdc-4817-af05-919c20f0c984,0,spell,7623,37812118,1,Cup of Ace,4,2,Golpe de Ases,1,1,Pokal des Asses,1,1,Coupe des As,1,1,,0,0,pt,pt,missing_name|missing_printing
6574c7e8-ed3f-43e2-b97f-eb2cee17a710,0,spell,6904,91623717,1,Chain Strike,3,1,Golpe de Cadena,0,0,Kettenschlag,1,1,Frappes en Chaîne,1,1,,0,0,pt,es|pt,missing_name|missing_printing
87786322-fd70-4b0a-9401-27290f7b8b22,0,monster,8376,21362970,1,Beast Striker,3,1,Golpeador de Bestias,1,1,Ungeheuerschläger,1,1,Minotaure de Combat,1,1,,0,0,pt,pt,missing_name|missing_printing
3b4c3fb2-7ac7-45ec-85ec-3da3190ee033,0,monster,7883,80885324,1,Search Striker,3,1,Golpeador de Búsqueda,1,1,Suchschläger,1,1,Nemrod Détecteur,2,1,,0,0,pt,pt,missing_name|missing_printing
be50f38f-3680-423d-b3d0-3abfa5e4b94c,0,monster,4283,11793047,1,Gorgon Egg,0,0,Gorgon Egg,0,0,Gorgon Egg | Gorgonenei,0,0,Gorgon Egg | Œuf de Gorgon,0,0,Ovo de Górgona,0,0,,en|es|de|fr|pt,missing_printing
bf595ed8-5e3c-442b-9dc7-073fcc138f29,0,monster,8474,61757117,1,Divine Grace - Northwemko,5,1,Gracia Divina - Northwemko,2,1,Göttliche Anmut - Nordwemko,2,1,"Northwenko, Déesse de la Rédemption",2,1,,0,0,pt,pt,missing_name|missing_printing
ead143fe-aed9-4648-8816-7b61620694d6,0,spell,8529,03972721,1,Greed Grado,3,1,Grado Ambicioso,1,1,Grado der Gier,1,1,Fréquence d'Avidité,1,1,,0,0,pt,pt,missing_name|missing_printing
101451fa-9fb9-46fc-a62e-d364461b53b1,0,monster,,,1,Grain Blitzclique,0,0,,0,0,,0,0,,0,0,,0,0,es|de|fr|pt,en|es|de|fr|pt,missing_passcode|missing_name|missing_printing
c469678a-1e6a-4bec-8d81-a4715ecb839b,0,skill,,,1,Small Roid Big City,1,1,Gran Ciudad de Pequeños Roid,1,1,Kleiner Roide in der großen Stadt,1,1,Grande Ville Petit Roid,1,1,,1,1,pt,,missing_passcode|missing_name
f0b9c2c4-c382-4385-bc9f-07430c502c80,0,monster,5417,88989706,1,Great Dezard,3,2,Gran Dezard,1,1,Dezard der Große,1,1,Grand Dezard,1,1,,0,0,pt,pt,missing_name|missing_printing
dea5cfd4-f8b2-49e1-8d87-ca3cb7a1b025,0,monster,8745,75292259,1,Great Poseidon Beetle,2,1,Gran Escarabajo Poseidón,1,1,Großer Poseidonkäfer,1,1,Scarabée Géant de Poséidon,1,1,,0,0,pt,pt,missing_name|missing_printing
96f20a11-7d0a-4ec3-9803-8313a48a26bf,0,monster,6641,92736188,1,Great Spirit,3,1,Gran Espíritu,0,0,Großer Geist,1,1,Grand Esprit,1,1,,0,0,pt,es|pt,missing_name|missing_printing
b83f46cc-1772-4a52-b688-59fe2bc5f874,0,monster,5378,02356994,1,Great Long Nose,4,3,Gran Nariz Larga,1,1,Große Langnase,1,1,Long-Nez le Géant,1,1,,0,0,pt,pt,missing_name|missing_printing
68f5ed9d-8e69-4edb-b561-edbfe3bbd59a,0,monster,5093,13676474,1,Grand Tiki Elder,7,6,Gran Tiki Anciano,2,2,Großer Ältester Tiki,4,4,Grand Ancien Tiki,3,3,,0,0,pt,pt,missing_name|missing_printing
ad416592-30e2-40b1-9cd4-262fec44946a,0,monster,10845,,1,"Grandopolis, The Eternal Golden City",2,1,,0,0,,0,0,,0,0,,0,0,es|de|fr|pt,es|de|fr|pt,missing_passcode|missing_name|missing_printing
306c917a-ee6f-4bda-bd10-8b218bffe71f,0,monster,10227,35866404,1,Grandram,3,1,Granladro,1,1,Großramme,1,1,Grandram,1,1,,0,0,pt,pt,missing_name|missing_printing
4ac6c180-91c5-425a-a974-fa22d56f6cdb,0,monster,4083,02906250,1,Grappler,1,0,Grappler,0,0,Grapscher,0,0,Grappler,0,0,Estraçalhador,0,0,,es|de|fr|pt,missing_printing
59f4f59a-abcc-47f1-b7ac-6835a4d23e21,0,monster,7144,56931015,1,Gravity Behemoth,2,1,Gravity Behemoth,0,0,Schwerkraftbehemoth,1,1,Béhémoth de Gravité,1,1,,0,0,pt,es|pt,missing_name|missing_printing
4381d114-dc09-4f76-8349-cf6b5ed38f62,0,monster,,,1,Gray Layer,0,0,,0,0,,0,0,,0,0,,0,0,es|de|fr|pt,en|es|de|fr|pt,missing_passcode|missing_name|missing_printing
6f5ff331-43b8-5863-9c32-40607f922e30,0,,22975,,0,Gray Layer,1,1,Gray Layer,1,1,Gray Layer,1,1,Gray Layer,1,1,Gray Layer,1,1,,,missing_passcode|missing_art
acdae90b-5b98-4a02-b349-6abee1921f0f,0,monster,4613,55691901,1,Great Bill,3,2,Great Bill,0,0,Großschnabel,0,0,Great Bill,0,0,,0,0,pt,es|de|fr|pt,missing_name|missing_printing
1b2166ea-33d6-4a9a-8d67-62ec95c6e4a8,0,token,3995,69868556,1,Great Dragon Token,0,0,,0,0,,0,0,,0,0,,0,0,es|de|fr|pt,en|es|de|fr|pt,missing_name|missing_printing
edd39e12-b601-4b67-8b6f-152713fa6cfc,0,trap,8853,49600724,1,Crevice Into the Different Dimension,3,1,Grieta a una Dimensión Diferente,1,1,Mauerspalt in die andere Dimension,1,1,Brèche Interdimensionnelle,1,1,,0,0,pt,pt,missing_name|missing_printing
ae9cd194-3549-55fb-9b21-4bbb1c48ef41,0,,22953,,0,Griffoh,3,2,Griffoh,3,2,Griffoh,3,2,Griffoh,3,2,Griffoh,3,2,,,missing_passcode|missing_art
c9e8a2a1-ce18-45f8-9e15-f8e8bcc9193b,0,spell,9134,83584898,1,Darkworld Shackles,6,2,Grilletes del Oscuro,3,2,Finsterfesseln,3,2,Boulet des Ténèbres,3,2,,0,0,pt,pt,missing_name|missing_printing
889a0de5-0abb-4cf4-b8b3-d5a6f4010507,0,monster,7207,56605802,1,Phantom Cricket,3,1,Grillo Fantasma,1,1,Phantomgrille,1,1,Criquet Fantôme,1,1,,0,0,pt,pt,missing_name|missing_printing
cc3aea98-392e-4f4e-a895-211da51e260c,0,monster,9248,,1,"Grizzly, the Red Star Beast",2,1,,0,0,,0,0,,0,0,,0,0,es|de|fr|pt,es|de|fr|pt,missing_passcode|missing_name|missing_printing
c051c1a2-05d7-40f8-a3e9-bc635e331872,0,trap,10097,00259314,1,Inzektor Gauntlet,3,1,Guantelete Inzektor,1,1,Insektorhandschuh,1,1,Gantelet Inzektor,1,1,,0,0,pt,pt,missing_name|missing_printing
5ff56ce1-7012-4d0c-b2a8-c65281eb2ab1,0,spell,7310,52496105,1,Gladiator Beast's Battle Manica,3,1,Guantelete de Batalla de las Bestias Gladiador,1,1,Kampfarmschutz der Gladiatorungeheuer,1,1,Manica de Combat des Bêtes Gladiateurs,1,1,,0,0,pt,pt,missing_name|missing_printing
89d3a4bf-2615-45e6-937f-28ed66cc54c7,0,monster,9172,26722601,1,Steelswarm Gatekeeper,5,2,Guarda Horda de Acero,1,1,Stahlschar-Torwärter,1,1,Sentinelle Colonie de Chrome,1,1,,0,0,pt,pt,missing_name|missing_printing
2cdf5f46-92f7-490e-87b6-acab48843313,0,monster,6891,71411377,1,Queen's Bodyguard,3,1,Guardaespaldas de la Reina,0,0,Beschützer der Königin | Beschützer der Königin (Geändert von: Leibwächter der Königin),2,1,Garde du Corps de la Reine,2,1,Guarda da Rainha,0,0,,es|pt,missing_printing
4b15f52f-0ce9-4d8b-87ba-94dc87b68ff8,0,monster,8757,78009994,1,Dragonic Guard,3,1,Guardia Dracónico,1,1,Drachenwache,1,1,Garde Draconique,1,1,,0,0,pt,pt,missing_name|missing_printing
3d4c4090-5f5a-4efb-b038-0c21f1dfc62b,0,monster,4651,39239728,1,Royal Guard,0,0,Guardia Real,0,0,Königswächter,0,0,Sentinelle royale,0,0,,0,0,pt,en|es|de|fr|pt,missing_name|missing_printing
54c4c1de-abba-43db-8548-76ff4345b915,0,trap,10092,48582558,1,Bounzer Guard,3,1,Guardia Rebotador,2,1,Rausschmeißer-Wache,1,1,Garde Bounzer,1,1,,0,0,pt,pt,missing_name|missing_printing
efe7511d-67af-404b-a907-9c1f3c0a3119,0,trap,6948,73026394,1,Fusion Guard,3,1,Guardia de Fusión,1,1,Fusionswächter,1,1,Garde de Fusion,1,1,Guarda de Fusão,0,0,,pt,missing_printing
72b7daa4-c930-4132-93f1-1d41721170bc,0,monster,8274,51566770,1,Infernity Guardian,3,2,Guardián Inférnico,2,2,Ewig infernaler Wächter,2,2,Gardien Enfernité,2,2,,0,0,pt,pt,missing_name|missing_printing
a2d01886-cfb4-41ab-94bb-3154e0e70e5b,0,monster,5415,16509093,1,Royal Keeper,4,3,Guardián Real,2,2,Königlicher Hüter,2,2,Garde Royal,2,2,,0,0,pt,pt,missing_name|missing_printing
e8a90170-8421-41ff-bd46-173633d3359a,0,monster,4094,68339286,1,Metal Guardian,2,1,Guardián de Metal,0,0,Metallwächter,0,0,Gardien Métallique,1,1,Guardião de Metal,0,0,,es|de|pt,missing_printing
29682ee0-1513-4fe6-b01a-243491e5da2a,0,monster,8785,87319876,1,Trust Guardian,3,1,Guardián de la Confianza,1,1,Vertrauenswächter,1,1,Gardien de la Paix,1,1,,0,0,pt,pt,missing_name|missing_printing
68dabc0a-1cfe-4b73-a159-17dea72ddbbc,0,monster,8937,23535429,1,Stronghold Guardian,5,2,Guardián de la Fortaleza,2,2,Festungswächter,2,2,Gardien de la Citadelle,3,2,,0,0,pt,pt,missing_name|missing_printing
2f7f1e16-f58d-475a-b5c3-2aae4647be58,0,skill,-44,,1,Guardians of the Tomb,1,1,Guardián de la Tumba,1,1,Wächter der Gruft,1,1,Gardien du Tombeau,1,1,,0,0,pt,pt,missing_passcode|missing_name|missing_printing
8eebdd41-a1fd-41c5-9247-5f0e52083070,0,trap,5264,06733059,1,Skull Lair,6,4,Guarida de Cráneo,1,1,Totenkopfhöhle,2,2,Le Repère du Crâne,2,2,,0,0,pt,pt,missing_name|missing_printing
ba25a74f-1cc5-578d-8e00-128d9b40b52e,0,,22999,,0,"Hideout in the Sky, Coulomb",2,1,"Guarida en el Cielo, Coulomb",2,1,"Versteck im Himmel, Coulomb",2,1,"Planque dans le Ciel, Coulomb",2,1,"Esconderijo no Céu, Coulomb",2,1,,,missing_passcode|missing_art
aa8982d7-3025-4e35-a750-6c7476539663,0,monster,6804,98719226,1,Alien Warrior,6,2,Guerrero Alienígena,2,1,Außerirdischer Krieger,5,2,Guerrier Alien,3,2,,0,0,pt,pt,missing_name|missing_printing
0a5ffede-34f3-4708-a4bf-747727ecb7ba,0,monster,4262,37043180,1,D.D. Warrior,9,5,Guerrero D.D.,4,4,D.D. Krieger,4,4,Guerrier D.D.,4,4,Guerreiro D.D.,0,0,,pt,missing_printing
b84f5e1f-cb6a-4a34-8f4b-cb919d10c4bb,0,monster,8901,52786469,1,Laval Warrior,5,2,Guerrero Laval,1,1,Laval-Krieger,1,1,Guerrier Laval,1,1,,0,0,pt,pt,missing_name|missing_printing
41c85ade-6453-4c3d-9ad8-556ad885a8ec,0,monster,9016,45298492,1,Scarred Warrior,2,1,Guerrero Marcado,1,1,Narbenbedeckter Krieger,1,1,Guerrier Cicatrice,1,1,,0,0,pt,pt,missing_name|missing_printing
33f10857-27e6-4b82-96c9-746da674abcb,0,monster,8438,94538053,1,Max Warrior,5,2,Guerrero Máximo,2,2,Max-Krieger,2,2,Guerrier Maximum,2,2,,0,0,pt,pt,missing_name|missing_printing
1766467b-f535-4681-a998-7b1a8fc94561,0,monster,9083,70630741,1,Rescue Warrior,2,1,Guerrero Rescatador,1,1,Rettungskrieger,1,1,Guerrier de Sauvetage,1,1,,0,0,pt,pt,missing_name|missing_printing
80822679-9346-48f9-ba82-b2d732e5f5f4,0,monster,4552,69750536,1,Wow Warrior,2,2,Guerrero Tremendo,1,1,Wow-Krieger,1,1,Guerrier Ouah,1,1,,0,0,pt,pt,missing_name|missing_printing
ceaa19e8-d76b-4393-aeb6-ff286119c0eb,0,monster,8861,00255998,1,Rapid Warrior,2,1,Guerrero Veloz,1,1,Schneller Krieger,1,1,Guerrier d'Intervention,1,1,,0,0,pt,pt,missing_name|missing_printing
f13e09d3-d3c0-4a95-92ba-bb02a4804f9d,0,monster,8607,95637655,1,Backup Warrior,5,1,Guerrero de Apoyo,2,1,Ersatzkrieger,2,1,Guerrier de Réserve,2,1,,0,0,pt,pt,missing_name|missing_printing
5687b757-4676-4852-92a4-16bf96626833,0,monster,7107,43797906,1,Warrior of Atlantis,7,3,Guerrero de Atlantis,3,2,Krieger von Atlantis,5,3,Guerrier de l'Atlantide,4,3,Guerreiro da Atlântida,0,0,,pt,missing_printing
75f0a66f-edf2-4efc-919c-b53242260cf6,0,monster,9740,53540729,1,Wind-Up Warrior,7,2,Guerrero de Cuerda,3,2,Aufzieh-Krieger,3,2,Guerrier Automate,3,2,,0,0,pt,pt,missing_name|missing_printing
b798c90f-d761-4eef-af7d-b016bf4fb248,0,monster,8154,51987571,1,Rockstone Warrior,5,2,Guerrero de Piedra,2,2,Felsbrockenkrieger,2,2,Guerrier de Pierre,2,2,,0,0,pt,pt,missing_name|missing_printing
eb331a8e-731d-42b9-8cc0-cede62064375,0,monster,7684,74093656,1,Tune Warrior,3,2,Guerrero de la Canción,2,2,Empfängerkrieger,2,2,Guerrier Syntoniseur,2,2,,0,0,pt,pt,missing_name|missing_printing
e6bfed43-ca79-418f-b128-22deb73bc15f,0,monster,8934,34257001,1,Dash Warrior,5,2,Guerrero de la Carrera,2,2,Flitzkrieger,2,2,Guerrier de Rapidité,3,2,,0,0,pt,pt,missing_name|missing_printing
126e73b7-9ba7-4f40-aecc-ab890f602c55,0,monster,9969,44035031,1,Gravity Warrior,2,1,Guerrero de la Gravedad,1,1,Gravitationskrieger,1,1,Guerrier Gravité,1,1,,0,0,pt,pt,missing_name|missing_printing
feca6826-90db-4ed8-9153-e699070e1cb2,0,monster,9565,50785356,1,Feedback Warrior,3,2,Guerrero de la Retroalimentación,2,2,Rückkopplungskrieger,2,2,Guerrier Rétroaction,2,2,,0,0,pt,pt,missing_name|missing_printing
13059c40-2970-4d53-85de-d5ece3434f28,0,monster,9237,89235196,1,Big One Warrior,3,1,Guerrero del Gran Uno,1,1,Großer Eins-Krieger,2,1,Guerrier Méga 1,1,1,,0,0,pt,pt,missing_name|missing_printing
ce982bbe-68cb-44c0-a860-380a9cb6dd27,0,monster,8155,97385276,1,Level Warrior,9,3,Guerrero del Nivel,4,3,Stufenkrieger,4,3,Manipulateur de Niveau,4,3,,0,0,pt,pt,missing_name|missing_printing
2e95f754-6d20-4fc2-aaeb-3a735c4791b2,0,monster,9474,41705642,1,Salvage Warrior,2,1,Guerrero del Rescate,1,1,Bergungskrieger,1,1,Guerrier Sauveteur,1,1,,0,0,pt,pt,missing_name|missing_printing
e94439d5-3679-434c-993d-080069459571,0,monster,10250,88409165,1,Abyss Warrior,3,1,Guerrrero del Abismo,1,1,Abysskrieger,1,1,Combattant des Abysses,1,1,,0,0,pt,pt,missing_name|missing_printing
059120b7-63c3-4c3e-b6ec-926eb5d9dc5e,0,monster,7793,18905769,2,Guivre,0,0,,0,0,,0,0,,0,0,,0,0,es|de|fr|pt,en|es|de|fr|pt,missing_name|missing_printing
13af6bec-eb2d-4095-965f-62682b50cf52,0,monster,8645,38975369,1,Gundari,3,1,Gundari,1,1,Gundari,1,1,Gundari la Sentinelle du Sud,1,1,,0,0,pt,pt,missing_name|missing_printing
450186c3-17b4-4821-a75d-7f545e248a68,0,monster,,,2,Gurifoh,0,0,,0,0,,0,0,,0,0,,0,0,es|de|fr|pt,en|es|de|fr|pt,missing_passcode|missing_name|missing_printing
507afda0-de1e-4d93-a931-3de7994482b0,0,monster,8517,16751086,1,Warm Worm,3,1,Gusano Ardiente,1,1,Warmer Wurm,1,1,Ver de Feu,1,1,,0,0,pt,pt,missing_name|missing_printing
12b3c5bc-c0dc-469d-b945-cb72e30a5b96,0,monster,7544,15658249,1,Worm Barses,8,3,Gusano Barses,3,2,Wurm Barses,3,2,Ver - Balthus,3,2,,0,0,pt,pt,missing_name|missing_printing
5d66ae8f-047c-4e71-94a8-bca8dbb10bea,0,monster,7545,51043243,1,Worm Cartaros,4,2,Gusano Cartaros,1,1,Wurm Cartaros,1,1,Ver - Caltaros,1,1,,0,0,pt,pt,missing_name|missing_printing
184fe0ff-59db-4ad1-a7e6-89d65c45944e,0,monster,7546,88438982,1,Worm Dimikles,4,2,Gusano Dimikles,1,1,Wurm Dimikles,1,1,Ver - Dimikles,1,1,,0,0,pt,pt,missing_name|missing_printing
2379cd39-2eb4-4511-80bf-66c6ee96a6b5,0,monster,7547,14936691,1,Worm Erokin,4,2,Gusano Erokin,1,1,Wurm Erokin,1,1,Ver - Erokin,1,1,,0,0,pt,pt,missing_name|missing_printing
48fea3f6-1f34-4a2c-8909-3d3d198292dc,0,monster,8520,15939448,1,Shield Worm,3,1,Gusano Escudo,1,1,Schildwurm,1,1,Ver Bouclier,1,1,,0,0,pt,pt,missing_name|missing_printing
ab3b5452-62c9-488f-9f4c-7d6cb59568f9,0,monster,7828,58760121,1,Worm Falco,3,2,Gusano Falco,1,1,Wurm Falke,1,1,Ver - Falco,1,1,,0,0,pt,pt,missing_name|missing_printing
6caa3302-7a6d-4149-bad5-016f8042b158,0,monster,7829,85754829,1,Worm Gulse,3,2,Gusano Gurus,1,1,Wurm Gurus,1,1,Ver - Gurus,1,1,,0,0,pt,pt,missing_name|missing_printing
dea969ee-5a5a-4410-b11d-f3b3a4d2ae4b,0,monster,7830,11159464,1,Worm Hope,3,2,Gusano Hope,1,1,Wurm Hoffnung,1,1,Ver - Hope,1,1,,0,0,pt,pt,missing_name|missing_printing
bb54ee67-4949-40f6-8421-6bf308e5df6f,0,monster,7831,57543573,1,Worm Illidan,4,2,Gusano Illidan,1,1,Wurm Illidan,1,1,Ver - Illidan,1,1,,0,0,pt,pt,missing_name|missing_printing
d24b1fa3-cd00-411c-9164-de72bfbac043,0,monster,7833,10026986,1,Worm King,4,2,Gusano King,1,1,Wurm King,1,1,Ver - King,1,1,,0,0,pt,pt,missing_name|missing_printing
ae7e06c5-0893-4a3d-b661-263125978e6e,0,monster,7966,44811425,1,Worm Linx,4,2,Gusano Lince,1,1,Wurm Linx,1,1,Ver - Lynx,1,1,,0,0,pt,pt,missing_name|missing_printing
069e934f-86e4-4236-bdb6-198d5d4fa454,0,monster,7967,71315423,1,Worm Millidith,4,2,Gusano Milidith,1,1,Wurm Millidith,1,1,Ver - Millidith,1,1,,0,0,pt,pt,missing_name|missing_printing
3fa6c80c-a447-4531-93b3-e2a092b09365,0,monster,7968,07700132,1,Worm Noble,4,2,Gusano Noble,1,1,Wurm Noble,1,1,Ver - Noble,1,1,,0,0,pt,pt,missing_name|missing_printing
d0878fba-e068-4818-a14b-33b4b0590851,0,monster,8114,54860010,1,Worm Prince,4,2,Gusano Príncipe,1,1,Wurm Prince,1,1,Ver - Prince,1,1,,0,0,pt,pt,missing_name|missing_printing
98d30182-3328-4296-80fe-f0f14d8208f5,0,monster,8115,81254059,1,Worm Queen,4,2,Gusano Queen,1,1,Wurm Queen,1,1,Ver - Queen,1,1,,0,0,pt,pt,missing_name|missing_printing
abff7559-c31d-47f9-87ab-cddb483c0340,0,monster,8116,17649753,1,Worm Rakuyeh,4,2,Gusano Rakuyeh,1,1,Wurm Rakuyeh,1,1,Ver - Rakuyeh,1,1,,0,0,pt,pt,missing_name|missing_printing
6c24f4a4-6615-4998-ac4e-36db44422a79,0,monster,8254,03204467,1,Worm Solid,4,2,Gusano Sólido,1,1,Wurm Solid,1,1,Ver - Solide,1,1,,0,0,pt,pt,missing_name|missing_printing
581aed60-a808-4160-b71f-e425064f0d3b,0,monster,8255,30299166,1,Worm Tentacles,4,2,Gusano Tentáculos,1,1,Wurm Tentacles,1,1,Ver - Tentacules,1,1,,0,0,pt,pt,missing_name|missing_printing
187d5552-c1c2-4035-87e9-e6a288449481,0,monster,8256,76683171,1,Worm Ugly,4,2,Gusano Ugly,1,1,Wurm Ugly,1,1,Ver - Ugly,1,1,,0,0,pt,pt,missing_name|missing_printing
50e91f35-1db4-419d-8c7c-fa808057a317,0,monster,8257,02088870,1,Worm Victory,4,2,Gusano Victoria,1,1,Wurm Victory,1,1,Ver - Victoire,1,1,,0,0,pt,pt,missing_name|missing_printing
5ffea70f-ea33-45f7-a6bc-2d1fd62914ab,0,monster,8410,35638627,1,Worm Warlord,4,2,Gusano Warlord,1,1,Wurm Warlord,1,1,Ver - Warlord,1,1,,0,0,pt,pt,missing_name|missing_printing
5656c75a-59c5-49f5-81ea-cf81299707fd,0,monster,8411,11722335,1,Worm Xex,4,2,Gusano Xex,1,1,Wurm Xex,1,1,Ver - Xex,1,1,,0,0,pt,pt,missing_name|missing_printing
eeb79b7a-5546-4eb7-bacd-8b399735e0fc,0,monster,8412,47111934,1,Worm Yagan,4,2,Gusano Yagan,1,1,Wurm Yagan,1,1,Ver - Yagan,1,1,,0,0,pt,pt,missing_name|missing_printing
7cfca72e-59c7-428a-a811-9fb1e5d26e06,0,monster,8413,74506079,1,Worm Zero,4,2,Gusano Zero,1,1,Wurm Zero,1,1,Ver - Zéro,1,1,,0,0,pt,pt,missing_name|missing_printing
2254d1c3-3dd3-4849-9e26-326028838da6,0,monster,8113,28465301,1,Worm Opera,4,2,Gusano Ópera,1,1,Wurm Oper,1,1,Ver - Opéra,1,1,,0,0,pt,pt,missing_name|missing_printing
73aa79e8-11b9-42df-bd4a-cf083af6472d,0,monster,9165,91662792,1,Gusto Egul,5,2,Gusto Egul,1,1,Gusto Egul,1,1,Gusto Egul,1,1,,0,0,pt,pt,missing_name|missing_printing
4929b766-4542-4cc4-ae04-ad056136e2a7,0,monster,9594,46044841,1,Gusto Falco,4,2,Gusto Falco,1,1,Gusto Falko,1,1,Gusto Falco,1,1,,0,0,pt,pt,missing_name|missing_printing
78bf3bf7-bcce-4590-9fda-8f0299d44ddf,0,monster,9164,65277087,1,Gusto Gulldo,5,2,Gusto Gulldo,1,1,Gusto Gulldo,2,1,Gusto Gulldo,2,1,,0,0,pt,pt,missing_name|missing_printing
85cdad43-edeb-4178-9141-45a17024496b,0,monster,9382,00336369,1,Gusto Squirro,4,2,Gusto Squirro,1,1,Gusto Eichhorno,1,1,Gusto Squirro,1,1,,0,0,pt,pt,missing_name|missing_printing
6bfd4ea6-7063-4a30-b9d9-79542aee5255,0,monster,9166,28066831,1,Gusto Thunbolt,5,2,Gusto Thunbolt,1,1,Gusto-Donnerschlag,1,1,Gusto Thunbolt,1,1,,0,0,pt,pt,missing_name|missing_printing
4c6a2661-e41a-4c1d-b005-acf571245bae,0,monster,6592,52702748,1,D.D. Guide,4,2,Guía D.D.,1,1,D.D. Fremdenführer,1,1,Guide D.D.,1,1,,0,0,pt,pt,missing_name|missing_printing
57185e61-b215-4b5d-81f7-858050ca39fc,0,spell,9769,35848254,1,Photon Lead,3,1,Guía Fotónico,1,1,Photonenführung,1,1,Guide Photon,1,1,,0,0,pt,pt,missing_name|missing_printing
38905dd0-f4bc-47ce-88a5-0dd6306e5a5a,0,monster,7386,75732622,1,Grinder Golem,5,2,Gólem Triturador,1,1,Schleifgolem,2,2,Golem Broyeur,1,1,,0,0,pt,pt,missing_name|missing_printing
887a4097-5f67-4880-b7a6-978ce5f66a29,0,monster,10165,72580321,1,Block Golem,5,3,Gólem de Bloques,2,2,Blockgolem,2,2,Golem en Briques,2,2,,0,0,pt,pt,missing_name|missing_printing
785d9144-462e-4d53-8da3-f480d03cf506,0,monster,10316,87347365,1,Revival Golem,4,2,Gólem de la Reanimación,1,1,Wiedergeburtsgolem,1,1,Golem de Résurrection,1,1,,0,0,pt,pt,missing_name|missing_printing
b53f2979-3bf1-401d-9658-aad7f2960141,0,monster,8619,82458280,1,Magic Hole Golem,3,1,Gólem del Agujero Mágico,1,1,Golem mit magischem Loch,1,1,Anneau Magique de Golem,1,1,,0,0,pt,pt,missing_name|missing_printing
6398e7be-7ff7-4a66-b06e-31512f3a0f2f,0,spell,10021,87973893,1,Inzektor Axe - Zektahawk,5,2,Hacha Inzektor - Zektahalcón,4,2,Insektoraxt - Sektafalke,3,2,Hache Inzektor - Zektahawk,4,2,,0,0,pt,pt,missing_name|missing_printing
d9404e83-1008-4323-92e4-4dd449c09030,0,monster,8796,48742406,1,Fairy Archer,3,1,Hada Arquera,1,1,Feenbogenschütze,1,1,Sagittaire Féerique,1,1,,0,0,pt,pt,missing_name|missing_printing
4b71556a-051f-47ca-9375-2bd243b986da,0,monster,5201,90925163,1,Dancing Fairy,6,4,Hada Danzante,1,1,Tanzende Fee,2,2,Fées Dansantes,1,1,,0,0,pt,pt,missing_name|missing_printing
e69bb4ee-3505-41fe-b300-9f1fd3644e6e,0,monster,5205,21297224,1,Hysteric Fairy,5,4,Hada Histérica,1,1,Hysterischer Elf,2,2,Fée hystérique,1,1,,0,0,pt,pt,missing_name|missing_printing
84468031-07ca-4740-8b86-d0d8f74a7eaa,0,monster,4259,37160778,1,Fairywitch,0,0,Hadabruja,0,0,Fairywitch | Feenhexe,0,0,Fairywitch | Sorcière Féerique,0,0,,0,0,pt,en|es|de|fr|pt,missing_name|missing_printing
7069dfa9-4458-41f2-8c79-d35b52461bab,0,monster,8140,01287123,1,Prime Material Falcon,3,1,Halcón de Material de Primera,1,1,Urmaterialfalke,2,1,Ancien Faucon Élémentaire,1,1,,0,0,pt,pt,missing_name|missing_printing
b8e73a85-1c7f-4fc7-bd44-43bdf24a344b,0,monster,,,1,"Hamon, Lord of Striking Thunder - Sacred Beast of Sinful Catastrophe",0,0,,0,0,,0,0,,0,0,,0,0,es|de|fr|pt,en|es|de|fr|pt,missing_passcode|missing_name|missing_printing
1beac1b4-5063-470b-a484-e4a6fa8450c8,0,monster,4243,84285623,1,Haniwa,2,1,Haniwa,1,1,Haniwa,1,1,Haniwa,1,1,Haniwa,0,0,,pt,missing_printing
a134799d-9f1b-45f3-b635-ee63ee4d885c,0,monster,4750,05640330,1,Hannibal Necromancer,5,4,Hannibal Necromante,3,3,Hannibal-Totenbeschwörer,4,4,Hannibal Nécromancien,4,4,Necromante Hannibal,0,0,,pt,missing_printing
36f219ce-a280-4787-9ddf-ab0c8f3e7900,0,skill,,,1,Harpie's Kaleidoscope,1,1,,0,0,,0,0,,0,0,,0,0,es|de|fr|pt,es|de|fr|pt,missing_passcode|missing_name|missing_printing
0803129e-93b1-4a47-82b2-9d295efca5db,0,skill,,,1,Heart of a Warrior,1,1,,0,0,Herz eines Kriegers,1,1,Cœur d'un Guerrier,1,1,,0,0,es|pt,es|pt,missing_passcode|missing_name|missing_printing
da1a11b1-e866-42c2-93ae-990b249b1592,0,spell,,20415050,1,Hecahands,0,0,,0,0,,0,0,,0,0,,0,0,es|de|fr|pt,en|es|de|fr|pt,missing_name|missing_printing|shared_passcode
918d9e7b-c99f-4297-b4d5-0f048918c67a,0,monster,8023,49826746,1,Night Wing Sorceress,3,1,Hechicera Alanoche,1,1,Nachtflügelzauberin,1,1,Sorcière aux Ailes de Nuit,2,1,,0,0,pt,pt,missing_name|missing_printing
e9a293ea-a5fd-4108-88ee-51c04b0d32ba,0,monster,10055,91349449,1,Lightray Sorcerer,3,1,Hechicero Rayoluz,1,1,Lichtstrahl-Hexer,1,1,Sorcier Rayon Lumineux,2,1,,0,0,pt,pt,missing_name|missing_printing
194208c2-0e1b-5efb-b6b4-9fa05f085d57,0,,22973,,0,Sorcerer of the Swamp,1,1,Hechicero del Pantano,1,1,Zauberer aus dem Sumpf,1,1,Sorcier des Marais,1,1,Feiticeiro do Pântano,1,1,,,missing_passcode|missing_art
b9fd3707-aa9c-4808-9c57-a72aeaa5d836,0,skill,,,1,Spell of Mask (Skill Card),1,1,Hechizo de la Máscara,1,1,Zauber der Maske,1,1,Magie du Masque,1,1,,0,0,pt,pt,missing_passcode|missing_name|missing_printing
5a9d4467-1b5b-4440-bf03-09cfab008a1c,0,skill,-11,,1,Thousand-Eyes Spell,2,2,Hechizo de los Mil Ojos,1,1,Tausendäugiger Zauber,1,1,Magie aux Milles Yeux,1,1,Magia dos Mil Olhos,1,1,,,missing_passcode
16a9379f-85d4-4544-808c-6d5254651893,0,monster,9379,00168917,1,Vylon Hept,4,2,Hepta Vylon,1,1,Vylon Hept,1,1,Hept Vylon,1,1,,0,0,pt,pt,missing_name|missing_printing
d708c0e8-b43d-46d5-b084-21fa32cb8326,0,monster,10306,57019473,1,Sishunder,3,1,Hermanatrueno,1,1,Schwesdonner,1,1,Sœutonerre,1,1,,0,0,pt,pt,missing_name|missing_printing
86f579cf-168b-4680-b930-ba618bc25cb0,0,monster,4240,16899564,1,Beautiful Headhuntress,1,1,Hermosa Cazacabezas,0,0,Schöne Kopfjägerin,0,0,Chasseur de Têtes | La Belle Chasseur de Prime,0,0,,0,0,pt,es|de|fr|pt,missing_name|missing_printing
d736038d-f543-4b86-b563-ed7b1068d388,0,trap,9401,27207573,1,Infestation Tool,4,2,Herramienta de Infestación,1,1,Werkzeug des Befalls,1,1,Outil d'Infestation,1,1,,0,0,pt,pt,missing_name|missing_printing
f99ecb51-b360-43e5-97f9-e9df380d9a00,0,monster,8177,54520292,1,Koa'ki Meiru Ice,3,1,Hielo Koa'ki Meiru,1,1,Eis von Koa'ki Meiru,1,1,Titan de Glace Koa'ki Meiru,1,1,,0,0,pt,pt,missing_name|missing_printing
66ac74bf-c9c3-4aea-b4a0-c92cc8ae6470,0,monster,9040,75326861,1,Dark Highlander,4,2,Highlander Oscuro,2,1,Finsterer Highlander,2,1,Highlander des Ténèbres,3,2,,0,0,pt,pt,missing_name|missing_printing
8e2c2c33-5a96-4980-b3c6-99f098180d3d,0,monster,5380,75745607,1,Hino-Kagu-Tsuchi,6,5,Hino-Kagu-Tsuchi,2,2,Hino-Kagu-Tsuchi,2,2,Hino-Kagu-Tsuchi,2,2,,0,0,pt,pt,missing_name|missing_printing
f89b1a46-952e-400a-b4cb-6095f3927399,0,trap,7140,21768554,1,Mass Hypnosis,3,1,Hipnotismo en Masa,1,1,Massenhypnose,1,1,Hypnose de Masse,1,1,,0,0,pt,pt,missing_name|missing_printing
07754cc2-cde8-4377-9233-ba1e43d87b15,0,monster,4233,46718686,1,Hitodenchak,0,0,Hitodenchak,0,0,Hitodenchak,0,0,Hitodenchak,0,0,Hitodenchak,0,0,,en|es|de|fr|pt,missing_printing
35dc62e1-5410-4324-b307-c286067f34c1,0,spell,8351,11830996,1,Ancient Leaf,3,1,Hoja Antigua,1,1,Antikes Blatt,1,1,Ancienne Feuille,1,1,,0,0,pt,pt,missing_name|missing_printing
0808d971-fe48-4da7-abcd-f2e85ac1e7cd,0,spell,6814,22147147,1,Cyclone Blade,9,3,Hoja Ciclón,3,2,Zyklonklinge,4,3,Lame Cyclone,3,2,,0,0,pt,pt,missing_name|missing_printing
6646726e-364e-45fc-a939-dbd84a4e58ca,0,monster,9908,57784563,1,Dark Blade the Captain of the Evil World,3,1,Hoja Oscura el Capitán del Mundo Malvado,1,1,"Dark Blade, der Kapitän der bösen Welt",1,1,Lame Sombre le Capitaine du Monde Maléfique,1,1,,0,0,pt,pt,missing_name|missing_printing
fa9a2aa2-002b-47b2-9ff6-3c083e22af60,0,spell,5110,55226821,1,Lightning Blade,11,9,Hoja de Rayos,4,4,Blitzklinge,7,7,Lame Foudroyante,6,6,Lâmina Relâmpago,0,0,,pt,missing_printing
a328c6e2-4f56-4bd8-82d8-bc92d42bab7f,0,monster,8010,76614003,1,Dark Tinker,4,2,Hojalatero Oscuro,2,2,Finsterer Bastler,2,2,Bricoleur des Ténèbres,2,2,,0,0,pt,pt,missing_name|missing_printing
96344541-465e-4b20-8cb3-20787abe640d,0,monster,10112,10000040,1,Holactie the Creator of Light,0,0,"Holactie, el Creador de Luz",0,0,Holactie der Schöpfer des Lichts,0,0,Holactie le Créateur de la Lumière,0,0,,0,0,pt,en|es|de|fr|pt,missing_name|missing_printing
6ea8f30f-fd23-46b1-99af-4ccb37edfc9b,0,monster,,,1,Holo-Space Yggdrago,0,0,,0,0,,0,0,,0,0,,0,0,es|de|fr|pt,en|es|de|fr|pt,missing_passcode|missing_name|missing_printing
4b7ae877-8025-4c5d-9561-89149b27d6d2,0,monster,4289,10859908,1,Holograh,0,0,Holograh,0,0,Holograh,0,0,Holograh,0,0,,0,0,pt,en|es|de|fr|pt,missing_name|missing_printing
1dd658e5-a8d0-442e-abd2-6eff8edad31a,0,monster,6894,71395725,1,Man Beast of Ares,3,1,Hombre Bestia de Ares,0,0,Menschliches Ungeheuer von Ares,1,1,Homme-Bête d'Ares,1,1,,0,0,pt,es|pt,missing_name|missing_printing
2625f7b5-cbf2-45c6-a9e3-cb5d01144a9a,0,monster,8810,47346845,1,Batteryman AAA,3,1,Hombre Pila AAA,1,1,Batteriemann AAA,1,1,Homme-Batterie AAA,1,1,,0,0,pt,pt,missing_name|missing_printing
449560b4-1140-4f08-9adc-9b6c3db9c7fd,0,monster,7603,83446909,1,Batteryman Charger,3,1,Hombre Pila Cargador,1,1,Batteriemann Ladegerät,1,1,Chargeur Homme-Batterie,1,1,,0,0,pt,pt,missing_name|missing_printing
2fc94b9b-8a47-4a25-9525-f705d062258e,0,monster,6703,55401221,1,Batteryman D,4,2,Hombre Pila D,1,1,Batteriemann D,1,1,Homme-Batterie D,1,1,,0,0,pt,pt,missing_name|missing_printing
efdcc45d-088a-47d0-aff7-ae7a673dd2bd,0,monster,7605,56839613,1,Batteryman Micro-Cell,3,1,Hombre Pila Micro Célula,2,1,Batteriemann Mikrozelle,1,1,Pile Bouton Homme-Batterie,1,1,,0,0,pt,pt,missing_name|missing_printing
41e754a2-624e-46ac-9942-9a6c932b14fc,0,monster,7604,19441018,1,Batteryman Industrial Strength,3,1,Hombre Pila de Fuerza Industrial,1,1,Batteriemann Industrielle Kraft,2,1,Dynamo Industriel Homme-Batterie,1,1,,0,0,pt,pt,missing_name|missing_printing
56a6d735-c23a-4cf6-baaa-710391fabe77,0,monster,4511,80234301,1,Prisman,2,1,Hombre Prisma,1,1,Prisman,1,1,Prisman,1,1,Prisman,0,0,,pt,missing_printing
b47f40a9-91f9-4946-ad3d-6ed23d777630,0,monster,8263,91133740,1,Snowman Eater,10,5,Hombre de Nieve Comilón,5,4,Schneemannfresser,6,5,Bonhomme de Neige Carnivore,5,4,,0,0,pt,pt,missing_name|missing_printing
1233ff9b-1778-45ff-9a23-5b7c60781fe3,0,monster,9625,50532786,1,Jawsman,3,1,Hombremandíbula,1,1,Haimann,1,1,Homme-Mâchoires,1,1,,0,0,pt,pt,missing_name|missing_printing
4d28247d-6685-4f95-a1c1-bfdf0d0f37dd,0,monster,6683,67646312,1,Searchlightman,4,2,Hombrereflector,1,1,Suchlichtmann,2,1,Homme-Projecteur,2,1,,0,0,pt,pt,missing_name|missing_printing
cbbc4ada-7fc3-4725-a6a1-688e2941d7df,0,monster,9892,95395761,1,Inzektor Ant,3,1,Hormiga Inzektor,1,1,Insektor Ameise,1,1,Inzektor Fourmi,1,1,,0,0,pt,pt,missing_name|missing_printing
b8115df3-2bd1-4b3e-a95a-16d869251395,0,monster,6600,13250922,1,Anteatereatingant,4,2,Hormiga comeosohormigueros,1,1,Ameisenfressender Ameisenbär,1,1,Fourmilier Vorace,1,1,,0,0,pt,pt,missing_name|missing_printing
68eb78c0-6692-4be9-9080-60ca871006c5,0,monster,7948,53944920,1,Genex Furnace,4,2,Horno Genex,1,1,Genex-Ofen,1,1,Fournaise Genex,1,1,,0,0,pt,pt,missing_name|missing_printing
0afc6ca4-903f-4c8f-a0f1-30c1ff2cbe33,0,monster,6806,51192573,1,Cosmic Horror Gangi'el,5,1,Horror Cósmico Gangi'el,2,1,Kosmischer Horror Gangi'el,2,1,"Gangi'el, Horreur Cosmique",2,1,,0,0,pt,pt,missing_name|missing_printing
132f4187-69a4-4411-a612-be825aa2ca25,0,token,,82994510,1,Horseytail Token,0,0,Horseytail Token,0,0,Horseytail Token,0,0,Horseytail Token,0,0,,0,0,pt,en|es|de|fr|pt,missing_name|missing_printing
314b9988-4492-4b3d-bb7b-70239659d92c,0,monster,4180,15042735,1,Hurricail,0,0,Hurricail,0,0,Hurricail,0,0,Hurricail,0,0,,0,0,pt,en|es|de|fr|pt,missing_name|missing_printing
976170ac-0a9d-4fd4-9c62-0fe2733ecf0a,0,monster,4256,38982356,1,Hyo,0,0,Hyo,0,0,Hyo,0,0,Hyo,0,0,,0,0,pt,en|es|de|fr|pt,missing_name|missing_printing
f60c36d3-5ae1-4530-bba9-d39cd0cc1b05,0,spell,22742,87818869,3,Hyper-Rank-Up-Magic Ultimate Force,0,0,,0,0,,0,0,,0,0,,0,0,es|de|fr|pt,en|es|de|fr|pt,missing_name|missing_printing
40b393d6-58d4-4fa3-91fc-fbe0704144b6,0,monster,6766,55171412,1,Elemental HERO Aqua Neos,10,4,HÉROE Elemental Aqua Neos | Héroe Elemental Aqua Neos,3,2,Elementar-HELD Aqua Neos,4,3,"Néos Aquatique, HÉROS Élémentaire",3,2,,0,0,pt,pt,missing_name|missing_printing
f4bd10e5-1a68-4f54-8625-0a7e6df26a88,0,monster,7105,80908502,1,Elemental HERO Captain Gold,10,4,HÉROE Elemental Capitán Gold,4,3,Elementar-HELD Captain Gold,5,4,"Capitaine Doré, HÉROS Élémentaire",6,3,,0,0,pt,pt,missing_name|missing_printing
fbc33f74-75ad-442f-afb5-8c18b12b9d10,0,monster,6765,28677304,1,Elemental HERO Dark Neos,10,4,HÉROE Elemental Dark Neos,3,2,Elementar-HELD Dark Neos,5,3,"Néos des Ténèbres, HÉROS Élémentaire",3,2,,0,0,pt,pt,missing_name|missing_printing
6307bc79-4cc1-4fe9-8739-f4658a48b5df,0,monster,7806,31111109,1,Elemental HERO Divine Neos,7,3,HÉROE Elemental Divine Neos,3,2,Elementar-HELD Divine Neos,3,3,"Néos Divin, HÉROS Élémentaire",2,2,,0,0,pt,pt,missing_name|missing_printing
4c86127f-263e-4d0b-9508-0a9e0e934758,0,monster,6767,81566151,1,Elemental HERO Flare Neos,9,3,HÉROE Elemental Flare Neos,3,2,Elementar-HELD Flare Neos,7,3,"Néos Flamboyant, HÉROS Élémentaire",3,2,,0,0,pt,pt,missing_name|missing_printing
c3e98ffa-c73a-4eec-9a27-54cffac0e74f,0,monster,8543,69572169,1,Elemental HERO Flash,3,1,HÉROE Elemental Flash,1,1,Elementar-HELD Blitz,1,1,"Flash, HÉROS Élémentaire",1,1,,0,0,pt,pt,missing_name|missing_printing
17ae2728-528d-4fbd-9e2f-4d993683c59a,0,monster,7026,68745629,1,Elemental HERO Inferno,3,2,HÉROE Elemental Inferno,0,0,Elementar-HELD Inferno,1,1,"Brasier, HÉROS Élémentaire",0,0,,0,0,pt,es|fr|pt,missing_name|missing_printing
1d51a3ef-332c-46f7-981b-7f883e397015,0,monster,6863,62107981,1,Elemental HERO Knospe,3,2,HÉROE Elemental Knospe,0,0,Elementar-HELD Knospe,1,1,"Bourgeon, HÉROS Élémentaire",0,0,,0,0,pt,es|fr|pt,missing_name|missing_printing
b80f9288-027b-4d7b-ae60-61223f1c9778,0,monster,7024,95362816,1,Elemental HERO Lady Heat,3,2,HÉROE Elemental Lady Heat,0,0,Elementar-HELD Lady Heat,1,1,"Miss Chaleur, HÉROS Élémentaire",0,0,,0,0,pt,es|fr|pt,missing_name|missing_printing
9404c526-c57e-4887-b22c-a06202f4239e,0,monster,6529,52031567,1,Elemental HERO Mudballman,6,3,HÉROE Elemental Mudballman,1,1,Elementar-HELD Mudballman,2,2,"Mudballman, HÉROS Élémentaire",2,2,,0,0,pt,pt,missing_name|missing_printing
30789fb2-47bd-4cb7-92aa-8308aa944021,0,monster,6566,05285665,1,Elemental HERO Neo Bubbleman,3,2,HÉROE Elemental Neo-Bubbleman,1,1,Elementar-HELD Neo-Bubbleman,1,1,"Néo-Bubbleman, HÉROS Élémentaire",1,1,,0,0,pt,pt,missing_name|missing_printing
bca0d94e-9961-4c7a-9f8a-34070a70eb45,0,monster,6988,85507811,1,Elemental HERO Glow Neos,8,3,HÉROE Elemental Neos Brillante,2,1,Elementar-HELD Glow Neos,3,2,"Néos Luminescent, HÉROS Élémentaire",2,1,,0,0,pt,pt,missing_name|missing_printing
dcd894fa-50a3-4aa7-a02b-3e784c1a1a06,0,monster,6990,48996569,1,Elemental HERO Grand Neos,10,4,HÉROE Elemental Neos Grande,2,1,Elementar-HELD Grand Neos,6,3,"Néos Géant, HÉROS Élémentaire",4,2,,0,0,pt,pt,missing_name|missing_printing
e84e1ead-3284-4a9e-b87f-5e13d7fb34b9,0,monster,7175,05128859,1,Elemental HERO Marine Neos,5,2,HÉROE Elemental Neos Marino,1,1,Elementar-HELD Marine Neos,2,2,"Néos Marin, HÉROS Élémentaire",1,1,,0,0,pt,pt,missing_name|missing_printing
179a8d83-b0dd-437a-9352-85b4ce076376,0,monster,6989,11502550,1,Elemental HERO Air Neos,5,1,HÉROE Elemental Neos del Aire,2,1,Elementar-HELD Air Neos,4,1,"Néos Aérien, HÉROS Élémentaire",2,1,,0,0,pt,pt,missing_name|missing_printing
87d76da6-752a-45d1-8159-eae2f50ed62b,0,monster,6655,41436536,1,Elemental HERO Phoenix Enforcer,10,4,HÉROE Elemental Phoenix Enforcer,3,2,Elementar-HELD Phoenix Enforcer,4,3,"Exécuteur Phœnix, HÉROS Élémentaire",3,2,,0,0,pt,pt,missing_name|missing_printing
d42be888-fd3a-46bd-8482-f24b4ee4c6c7,0,monster,6656,88820235,1,Elemental HERO Shining Phoenix Enforcer,10,4,HÉROE Elemental Phoenix Enforcer Brillante,3,2,Elementar-HELD Shining Phoenix Enforcer,4,3,"Exécuteur Phœnix Lumineux, HÉROS Élémentaire",3,2,,0,0,pt,pt,missing_name|missing_printing
cd5b4c7a-852a-4afa-831b-5fa1c02cbaff,0,monster,6866,51085303,1,Elemental HERO Poison Rose,3,2,HÉROE Elemental Poison Rose,0,0,Elementar-HELD Poison Rose,1,1,"Rose Vénéneuse, HÉROS Élémentaire",0,0,,0,0,pt,es|fr|pt,missing_name|missing_printing
916ba3ca-f8ba-4a12-a54e-ce0205cc83db,0,monster,7442,49352945,1,Elemental HERO Storm Neos,5,3,HÉROE Elemental Storm Neos,1,1,Elementar-HELD Storm Neos,2,2,"Néos des Tempêtes, HÉROS Élémentaire",1,1,,0,0,pt,pt,missing_name|missing_printing
fdaf24f3-d46a-47c3-8429-867c499db88e,0,monster,6731,74711057,1,Elemental HERO Terra Firma,4,3,HÉROE Elemental Terra Firma,0,0,Elementar-HELD Terra Firma,1,1,"Terre Ferme, HÉROS Élémentaire",0,0,,0,0,pt,es|fr|pt,missing_name|missing_printing
3f127328-b14e-4c08-ba4c-fb3a6d7098ae,0,monster,6488,10526791,1,Elemental HERO Wildedge,12,6,HÉROE Elemental Wildedge | HÉROE Elemental Wiledge,3,2,Elementar-HELD Wildedge,5,3,"Tranchant Sauvage, HÉROS Élémentaire",3,2,,0,0,pt,pt,missing_name|missing_printing
3f2cd80f-0648-4b79-9cd0-f041ed377d9e,0,monster,8545,22061412,1,Elemental HERO The Shining,3,2,HÉROE Elemental el Brillante,1,1,Elementar-HELD The Shining,1,1,"L'Illumination, HÉROS Élémentaire",1,1,,0,0,pt,pt,missing_name|missing_printing
4357468a-d055-47a6-bed2-ed0d0b02c702,0,monster,9270,66206748,2,Masked HERO Fountain,1,0,HÉROE Enmascarado Fountain,0,0,Maskierter HELD Fountain,0,0,"Fountain, HÉROS Masqué",0,0,"Fountain, o HERÓI Mascarado",0,0,,es|de|fr|pt,missing_printing
467fad02-1cd6-4b23-bd3d-956b688eb83f,0,monster,6659,77608643,1,Destiny HERO - Captain Tenacious,8,4,HÉROE del Destino - Captain Tenacious | HÉROE del Destino - Captain Tenacious ,2,2,Schicksals-HELD - Captain Tenacious,3,3,Capitaine Tenace - HÉROS de la Destinée,2,2,,0,0,pt,pt,missing_name|missing_printing
281d0166-c2a6-4dc8-8e7d-9d76ce89b8d6,0,monster,7417,39829561,1,Destiny HERO - Departed,4,2,HÉROE del Destino - Departed,1,1,Schicksals-HELD - Departed,3,2,Évaporation - HÉROS de la Destinée,1,1,,0,0,pt,pt,missing_name|missing_printing
1bc2fca5-e5a2-4423-bdda-4ef9c7c9265d,0,monster,6754,28355718,1,Destiny HERO - Double Dude,9,3,HÉROE del Destino - Double Dude,3,2,Schicksals-HELD - Double Dude,4,3,Double Je - HÉROS de la Destinée,3,2,,0,0,pt,pt,missing_name|missing_printing
88db4b8d-7b11-4076-a38f-74dbbfc48a3d,0,monster,7416,93431862,1,Destiny HERO - Dunker,4,2,HÉROE del Destino - Dunker | Héroe del Destino - Dunker,1,1,Schicksals-HELD - Dunker,2,2,Dunker - HÉROS de la Destinée,1,1,,0,0,pt,pt,missing_name|missing_printing
88243584-ef23-47ca-9772-ff66947ef1c8,0,monster,9388,94092230,1,Steelswarm Hercules,4,2,Hércules Horda de Acero,1,1,Stahlschar-Herkules,1,1,Hercule Colonie de Chrome,1,1,,0,0,pt,pt,missing_name|missing_printing
2a3914ca-64eb-4a63-9e83-966f18d418c3,0,monster,4565,82065276,1,Oscillo Hero,3,3,Héroe Oscillo,2,2,Oszillo-Held,2,2,Héros Oscillo,2,2,,0,0,pt,pt,missing_name|missing_printing
f1a3394d-9a3e-4676-b5d7-5d02427d616d,0,skill,-51,,1,Hyper Metamorphosis,1,1,Híper Metamorfosis,1,1,Hyper-Metamorphose,1,1,Hyper-Métamorphose,1,1,Hiper Metamorfose,1,1,,,missing_passcode
b914e633-4609-4cdf-af7f-6d8fa31ab689,0,monster,,,1,I'll Love Ange,0,0,,0,0,,0,0,,0,0,,0,0,es|de|fr|pt,en|es|de|fr|pt,missing_passcode|missing_name|missing_printing
db84816b-97dd-4b07-aa36-0be5c9dd5350,0,token,,66661679,1,Ice Coffin Token,0,0,Ice Coffin Token,0,0,Ice Coffin Token,0,0,Ice Coffin Token,0,0,,0,0,pt,en|es|de|fr|pt,missing_name|missing_printing
1447eafa-b0cc-4d4d-bd8f-29944545643c,0,monster,4437,20848593,1,Ice Water,0,0,Ice Water,0,0,Ice Water,0,0,Ice Water,0,0,,0,0,pt,en|es|de|fr|pt,missing_name|missing_printing
74824dc5-b247-4c48-9762-8e6d62088b8c,0,monster,7801,79444933,1,Flame Spirit Ignis,3,1,"Ignis, Espíritu de Llama",1,1,Flammengeist Ignis,1,1,Ignis l'Esprit des Flammes,1,1,,0,0,pt,pt,missing_name|missing_printing
c0940830-6fda-4d91-92ce-f7b6417415d4,0,trap,6708,17178486,1,Life Equalizer,6,2,Igualador de Vida,2,1,Lebensausrichter,2,1,Égaliseur de Vie,2,1,,0,0,pt,pt,missing_name|missing_printing
a1f78267-14cd-4a75-a718-77bc9678aef8,0,monster,,,1,Ilios the Black Sun Dragon,0,0,,0,0,,0,0,,0,0,,0,0,es|de|fr|pt,en|es|de|fr|pt,missing_passcode|missing_name|missing_printing
7f0c414c-2320-4319-9d66-2fae103204f9,0,monster,4628,81686058,1,Ill Witch,0,0,Ill Witch,0,0,Ill Witch,0,0,Ill Witch,0,0,,0,0,pt,en|es|de|fr|pt,missing_name|missing_printing
8bc78aa0-490d-4c9f-a8b3-23fdec1833fb,0,trap,8500,57274196,1,Enlightenment,3,1,Iluminación,1,1,Erleuchtung,2,1,Prophétie du Souverain du Futur,2,1,,0,0,pt,pt,missing_name|missing_printing
f577abb8-8b7f-44ca-a819-c21c280161f2,0,monster,4736,38247752,1,Dark-Eyes Illusionist,5,2,Ilusionista de Ojos Oscuros,2,2,Dunkeläugiger Illusionist,2,2,Illusionniste aux Yeux Noirs,2,2,,0,0,pt,pt,missing_name|missing_printing
3abb4951-7696-43fa-88ea-9683998cba3a,0,spell,6538,80075749,1,Bubble Illusion,3,1,Ilusión de Burbuja,1,1,Bubble Illusion,1,1,Simulacre de Bulle,1,1,,0,0,pt,pt,missing_name|missing_printing
5fad719e-5810-42e6-baf4-c720dfa2beb1,0,trap,9610,64437633,1,Aquamirror Illusion,4,2,Ilusión del Aquaespejo,1,1,Wasserspiegel-Illusion,1,1,Illusion Aquamiroir,1,1,,0,0,pt,pt,missing_name|missing_printing
dc06e85c-f9f9-4e90-8982-767647d4bed8,0,trap,9688,50292967,1,Past Image,3,1,Imagen del Pasado,1,1,Bild der Vergangenheit,1,1,Image du Passé,1,1,,0,0,pt,pt,missing_name|missing_printing
50c9b2dd-3651-40cb-9876-cd72d67422c9,0,spell,7746,31328739,1,Psi-Impulse,3,1,Impulso Psi,1,1,Psi-Impuls,1,1,Impulsion Psionique,1,1,,0,0,pt,pt,missing_name|missing_printing
e749ed71-2725-4c1a-8b98-dd3b354d26c3,0,monster,8787,50702124,1,Synchro Magnet,3,1,Imán Sincro,1,1,Synchromagnet,1,1,Aimant Synchro,1,1,,0,0,pt,pt,missing_name|missing_printing
9edc627d-8084-4c30-a46a-24144d875d90,0,monster,6476,23309606,1,Infernal Incinerator,6,3,Incinerador Infernal | Quemador Infernal,2,2,Infernaler Entflammer,3,2,Incinérateur Infernal,2,2,,0,0,pt,pt,missing_name|missing_printing
7c2233f0-0ebd-4717-976c-e698ce80a708,0,skill,-4,,1,Viral Infection,1,1,Infección Viral,1,1,Virusinfektion,1,1,Infection Virale,1,1,Infecção Viral,1,1,,,missing_passcode
39cb23a6-03a7-4d3e-8bb3-e6154a6c7e87,0,monster,22740,14425515,3,Infernity Doom Slinger,0,0,,0,0,,0,0,,0,0,,0,0,es|de|fr|pt,en|es|de|fr|pt,missing_name|missing_printing
279ed61b-1297-43a8-886e-c9b20cb453d7,0,trap,8846,14550855,1,Infernity Inferno,3,1,Infierno Inférnico,1,1,Ewig infernales Inferno,1,1,Pandémonium Enfernité,1,1,,0,0,pt,pt,missing_name|missing_printing
e05f983b-f925-5107-806f-90df7ab04885,0,,22954,,0,"Inferno of the Sacred Beasts - Uria, Lord of Searing Flames",2,1,"Infierno de las Bestias Sagradas - Uria, Señor de las Llamas Abrasadoras",2,1,"Inferno der heiligen Ungeheuer - Uria, Herr der reißenden Flammen",2,1,"Brasier des Bêtes Sacrées - Uria, Seigneur des Flammes Aveuglantes",2,1,"Inferno das Bestas Sagradas - Uria, o Senhor das Chamas Cortantes",2,1,,,missing_passcode|missing_art
63274d9b-abec-40b8-a55d-2e8fb0c13252,0,monster,6897,76573247,1,Alien Infiltrator,3,1,Infiltrador Alienígena,0,0,Außerirdischer Infiltrator,1,1,Infiltrateur Alien,1,1,,0,0,pt,es|pt,missing_name|missing_printing
79abd8e7-2c7d-4606-b130-1e26f9a23fe9,0,monster,7292,76520646,1,Infinity Dark,3,1,Infinito Oscuro,1,1,Unendliche Finsternis,1,1,Ombre de l'Infini,2,1,,0,0,pt,pt,missing_name|missing_printing
c6437d2e-54f7-5a04-be86-c9616a849d88,0,,22956,,0,"Infinity of the Sacred Beasts - Raviel, Lord of Phantasms",2,1,"Infinito de las Bestias Sagradas - Raviel, Señor de Fantasmas",2,1,"Unendlichkeit der heiligen Ungeheuer - Raviel, Herr der Phantome",2,1,"Infini des Bêtes Sacrées - Raviel, Empereur des Phantasmes",2,1,"Infinito das Bestas Sagradas - Raviel, o Senhor dos Fantasmas",2,1,,,missing_passcode|missing_art
76d100f7-d70d-5465-9c7c-8e2b4ac4456c,0,,22936,,0,GMX 55th Experiment Report,2,1,Informe del Experimento de GMX 55.º,2,1,55. GMX-Experimentbericht,2,1,Rapport de l'Expérience 55 GMX,2,1,Relatório do Experimento 55º GMX,2,1,,,missing_passcode|missing_art
bb55f3ec-6221-4c4c-a6e3-e8d14d84a2c2,0,spell,6669,01036974,1,Misfortune,6,3,Infortunio,2,2,Unglück,2,2,Malchance,2,2,,0,0,pt,pt,missing_name|missing_printing
ccd690dd-c3e4-448d-a6ef-7a2fd54a354a,0,skill,,,1,Insect Infestation,1,1,,0,0,Insektenbefall,1,1,Infestation d'Insectes,1,1,,0,0,es|pt,es|pt,missing_passcode|missing_name|missing_printing
ff3d01c3-018f-43f4-9064-842e11afad46,0,monster,7814,92065772,1,Numbing Grub in the Ice Barrier,3,2,Insecto Intoxicado de la Barrera de Hielo,1,1,Betäubender Käfer der Eisbarriere,1,1,Chenille Paralysante de la Barrière de Glace,1,1,,0,0,pt,pt,missing_name|missing_printing
622fa2e4-74ed-46d0-92c9-bc0559f8346a,0,monster,6599,77252217,1,Chainsaw Insect,12,5,Insecto Motosierra,5,3,Kettensägeninsekt,6,4,Insecte Tronçonneuse,6,4,Inseto Motosserra,0,0,,pt,missing_printing
2674d3ee-af7d-4f90-91f6-d733cbcb6b18,0,monster,6598,40867519,1,Silent Insect,3,2,Insecto Silencioso,1,1,Schweigsames Insekt,1,1,Insecte Silencieux,1,1,,0,0,pt,pt,missing_name|missing_printing
3b761e73-b6c2-48b9-9a86-2d70d66e0fc8,0,spell,9531,42314669,1,Soundproofed,3,1,Insonorizado,1,1,Schallisoliert,1,1,Insonorisé,1,1,,0,0,pt,pt,missing_name|missing_printing
795a9e65-f092-4627-a754-57aeb09e1fe9,0,trap,8995,60534585,1,Battle Instinct,3,1,Instinto de Batalla | Instinto de Pelea,1,1,Kampfinstinkt,1,1,Instinct de Combat,2,1,,0,0,pt,pt,missing_name|missing_printing
e01de48c-878b-411d-8120-c6aa4575e5ab,0,skill,,,1,"Intel from the ""Cosmos""",1,1,,0,0,Intelligenz aus dem „Kosmos“,1,1,"Renseignements du ""Cosmos""",1,1,,0,0,es|pt,es|pt,missing_passcode|missing_name|missing_printing
4c333d31-9107-404c-bc30-615b938b4f63,0,trap,7765,59695933,1,Intercept,3,1,Interceptar,1,1,Abfangen,1,1,Interception,1,1,,0,0,pt,pt,missing_name|missing_printing
20981bab-9f98-4647-b8cb-7c2fa34f8da4,0,monster,8783,14430063,1,Archfiend Interceptor,3,1,Interceptor Archidemonio,1,1,Erzunterweltler Abfänger,1,1,Quaterback Archdémon,1,1,,0,0,pt,pt,missing_name|missing_printing
4fbd478d-a65c-4002-bf1f-9d066612c393,0,trap,7135,69091732,1,Introduction to Gallantry,3,1,Introducción a la Cortesía,1,1,Einführung in die Galanterie,1,1,Introduction à la Bravoure,1,1,,0,0,pt,pt,missing_name|missing_printing
1879c0bc-f081-4a65-a756-c0c51409a858,0,monster,7607,14729426,1,"Interplanetary Invader ""A""",3,1,"Invasor Interplanetario ""A""",1,1,Interplanetarer Eindringling „A“,1,1,"Envahisseur Interplanétaire ""A""",1,1,,0,0,pt,pt,missing_name|missing_printing
12682ffb-8ebd-4d1c-b33d-5108e34080b2,0,monster,8620,18842395,1,Power Invader,3,1,Invasor Poderoso,2,1,Machteindringling,1,1,Envahisseur Surpuissant,1,1,,0,0,pt,pt,missing_name|missing_printing
57949e65-f2ce-452f-990e-9bda9e776496,0,trap,6913,98666339,1,Dimensional Inversion,5,2,Inversión Dimensional,0,0,Dimensionsumkehrung,3,2,Inversion Dimensionnelle,3,2,Inversão Dimensional,0,0,,es|pt,missing_printing
670f2951-059f-4275-b3a0-b490a9c5b6b3,0,trap,7636,00027551,1,Limit Reverse,7,5,Invertir el Límite,4,4,Beschränkungsumkehr,4,4,Inverseur de Limite,4,4,,0,0,pt,pt,missing_name|missing_printing
dd584323-217d-47d0-a238-a4fa5e00bbf0,0,trap,5402,92394653,1,Spirit's Invitation,4,3,Invitación del Espíritu,1,1,Einladung des Geistes,1,1,Invitation Spirit,1,1,,0,0,pt,pt,missing_name|missing_printing
507794c7-a17d-4770-a56f-a3449e0abf18,0,trap,7084,96148285,1,Triggered Summon,7,2,Invocación Disparada,3,2,Ausgelöste Beschwörung,3,2,Invocation Déclenchée,3,2,,0,0,pt,pt,missing_name|missing_printing
cf2d0680-5072-59aa-abf8-c07ab2e6268d,0,,23019,,0,Gamma Summon,1,1,Invocación Gamma,1,1,Gamma-Beschwörung,1,1,Invocation Gamma,1,1,Invocação Gama,1,1,,,missing_passcode|missing_art
6f556cc2-9cf4-448a-ad4a-c8d3a15a435a,0,trap,8498,94484482,1,Slip Summon,5,2,Invocación Subrepticia,2,2,Rutschbeschwörung,2,2,Erreur d'Invocation,2,2,,0,0,pt,pt,missing_name|missing_printing
487747ba-2d21-5d7a-883e-5bfd04e3cc22,0,,22957,,0,Summoner of the Sacred Beasts,1,1,Invocador de las Bestias Sagradas,1,1,Beschwörer der heiligen Ungeheuer,1,1,Invocateur des Bêtes Sacrées,1,1,Invocador das Bestas Sagradas,1,1,,,missing_passcode|missing_art
fe3117bb-c74c-5fd2-a31f-99221de534e0,0,,23002,,0,"Invocation - ""Sword""",2,1,"Invokación - ""Espada""",2,1,Beschwörung - „Schwert“,2,1,"Invokhation - ""Épée""",2,1,"Invokação - ""Espada""",2,1,,,missing_passcode|missing_art
22acdadb-683d-4d8b-a9ef-c03d40bbb420,0,monster,7889,89547299,1,Power Injector,3,1,Inyector de Poder,1,1,Krafteinspritzer,1,1,Injecteur d'Énergie,1,1,,0,0,pt,pt,missing_name|missing_printing
9c14a368-f89b-4988-b4f1-dd64e0c134d9,0,spell,10083,51549976,1,Final Inzektion,3,1,Inzectación Final,1,1,Finale Insektifizierung,1,1,Inzektion Terminale,1,1,,0,0,pt,pt,missing_name|missing_printing
1b74a9cf-beeb-4b9f-87f5-df1f6de815d2,0,monster,6889,09628664,1,"Iris, the Earth Mother",5,1,"Iris, la Madre Tierra",0,0,"Iris, die Erdmutter",2,1,"Iris, la Mère de la Terre",2,1,,0,0,pt,es|pt,missing_name|missing_printing
c7093adf-4ffa-48c8-a7f8-8169c25826b1,0,skill,,,1,Iron Grit,1,1,,0,0,Eiserner Mut,1,1,Cran de Fer,1,1,,0,0,es|pt,es|pt,missing_passcode|missing_name|missing_printing
44201f73-8764-4f80-96ea-a7b397f47514,0,monster,13348,00662857,1,Iron Knight of Revolution,2,1,,0,0,,0,0,,0,0,,0,0,es|de|fr|pt,es|de|fr|pt,missing_name|missing_printing
5ca31745-8adc-4a80-9d0e-a2eba6de3406,0,token,,30069399,1,Ivy Token,0,0,Ivy Token,0,0,Ivy Token,0,0,Ivy Token,0,0,,0,0,pt,en|es|de|fr|pt,missing_name|missing_printing
81c7e313-ba4c-45ec-82e0-58655655a934,0,monster,7676,06544078,1,Izanagi,3,1,Izanagi,1,1,Izanagi,1,1,Izanagi,1,1,,0,0,pt,pt,missing_name|missing_printing
34dab819-dea7-4f91-b7f7-12639333734b,0,monster,7677,43543777,1,Izanami,3,1,Izanami,1,1,Izanami,1,1,Izanami,1,1,,0,0,pt,pt,missing_name|missing_printing
37a17893-e42d-57ab-8a1d-44de006602ae,0,,23029,,0,Garden of Talistones,1,1,Jardín de Talispiedras,1,1,Garten der Talisteine,1,1,Jardin des Talispierres,1,1,Jardim das Pedrastalis,1,1,,,missing_passcode|missing_art
af7eee96-aa17-4043-b7f7-4fb336116435,0,monster,9506,96287685,1,Jar Turtle,3,1,Jarra Tortuga,1,1,Krugschildkröte,1,1,Tortue Jarre,1,1,,0,0,pt,pt,missing_name|missing_printing
de350237-87f7-4326-a983-c71de43946c1,0,monster,4723,26932788,1,Javelin Beetle,1,1,Javelin Beetle,0,0,Speerkäfer,0,0,Scarabée Javelot,0,0,,0,0,pt,es|de|fr|pt,missing_name|missing_printing
c8f2c48c-db33-4f0c-8a1f-ba73b656fefb,0,spell,4702,41182875,1,Javelin Beetle Pact,1,1,Javelin Beetle Pact,0,0,Speerkäfer-Pakt,0,0,Pacte du Scarabée Javelot,0,0,,0,0,pt,es|de|fr|pt,missing_name|missing_printing
53bf9eaa-6bb6-42f9-ae13-8dfb540b59d6,0,monster,7431,89529919,1,Field-Commander Rahz,5,3,Jefe de Operaciones Rahz,3,3,Feldkommandant Rahz,3,3,Rahz le Guerrier,3,3,,0,0,pt,pt,missing_name|missing_printing
f3640c05-e4b7-4336-a007-b2e3fbe6043c,0,monster,7051,84177693,1,Radiant Jeral,4,2,Jeral Radiante | Radiante Jeral,2,2,Strahlender Jeral,2,2,Jeral Radieux,2,2,,0,0,pt,pt,missing_name|missing_printing
83a5489f-2334-4b28-b09a-80068eeb82fb,0,token,17736,,1,Jesse Anderson - Bonder with the Crystal Beasts,1,1,Jesse Anderson - Vinculador con la Bestia de Cristal,1,1,Jesse Anderson - Verbunden mit den Kristallungeheuern,1,1,Jesse Anderson - Connecteur avec la Bête Cristalline,1,1,Jesse Anderson - Conexão à Fera Cristalina,1,1,,,missing_passcode
18469977-2571-4e60-bcd4-fce3a8c18963,0,token,17737,,1,Jesse and Ruby - Unleashing the Legend,1,1,Jesse y Rubí - Desencadenando la Leyenda,1,1,Jesse und Rubin - Die Legende entfesseln,1,1,Jesse et Rubis - Début de la Légende,1,1,Jesse e Ruby - Liberar a Lenda,1,1,,,missing_passcode
5e786c18-b40e-4800-a392-673d7c579a5e,0,monster,7296,02196767,1,Gambler of Legend,3,1,Jugador de Leyenda,1,1,Spieler der Legende,1,1,Joueur Légendaire,1,1,,0,0,pt,pt,missing_name|missing_printing
3cc78cfb-767e-4c69-bb90-1559d38a5a38,0,spell,6616,72709014,1,Trial of the Princesses,4,2,Juicio de las Princesas,1,1,Prüfung der Prinzessinnen,1,1,Procès des Princesses,1,1,,0,0,pt,pt,missing_name|missing_printing
386f126a-6f4c-4d6d-ab6d-f3cba8ea7ea3,0,trap,7766,85080048,1,Judgment of Thunder,3,1,Juicio del Trueno,1,1,Urteil des Donners,1,1,Jugement du Tonnerre,1,1,,0,0,pt,pt,missing_name|missing_printing
869c525c-cdf8-4e14-a6da-59d4c5497c2f,0,monster,12732,,1,"Juno, the Celestial Goddess",2,1,,0,0,,0,0,,0,0,,0,0,es|de|fr|pt,es|de|fr|pt,missing_passcode|missing_name|missing_printing
b45d2e28-5f43-4a3d-b4dc-50d4ac631ced,0,spell,4703,78577570,1,Garma Sword Oath,2,1,Juramento de la Espada Garma,0,0,Schwur des Garma-Schwerts,1,1,Serment de l'Épée Garma,1,1,,0,0,pt,es|pt,missing_name|missing_printing
a122e4ee-c927-4dd5-b3d6-6b7e3e64019e,0,monster,8240,08594079,1,Jurrac Brachis,4,2,Jurrac Brachis,1,1,Jurassier-Brachis,1,1,Brachiosaurus Préhistorique,1,1,,0,0,pt,pt,missing_name|missing_printing
1cc27200-9979-4e67-bc96-757ae5aa255e,0,monster,8563,17948378,1,Jurrac Dino,4,2,Jurrac Dino,1,1,Jurassier-Dino,1,1,Dino Préhistorique,1,1,,0,0,pt,pt,missing_name|missing_printing
a227353b-76a6-4fe6-a114-9f8926ed05f0,0,monster,8098,36717258,1,Jurrac Monoloph,4,2,Jurrac Monoloph,1,1,Jurassier-Monoloph,1,1,Monoloph Préhistorique,1,1,,0,0,pt,pt,missing_name|missing_printing
381b2114-d960-4251-872b-978b6480c938,0,monster,8238,45711266,1,Jurrac Ptera,3,2,Jurrac Ptera,1,1,Jurassier-Ptera,1,1,Ptérodactyle Préhistorique,1,1,,0,0,pt,pt,missing_name|missing_printing
43910395-3315-4394-8107-31fe0c5350f2,0,token,,48411997,1,Jurrac Token,0,0,Jurrac Token,0,0,Jurrac Token,0,0,Jurrac Token,0,0,,0,0,pt,en|es|de|fr|pt,missing_name|missing_printing
2901101b-e953-4275-b95b-e0dc9de959b9,0,monster,9235,26842483,1,Justice Bringer,3,1,Justiciero,1,1,Gerechtigkeitsbringer,2,1,Champion de la Justice,1,1,,0,0,pt,pt,missing_name|missing_printing
8196cbfd-220e-4f6d-bb84-73cae2c07402,0,monster,21380,27420823,2,"K9 - 17 ""Ripper""",0,0,,0,0,,0,0,,0,0,,0,0,es|de|fr|pt,en|es|de|fr|pt,missing_name|missing_printing|shared_passcode
bacb727c-f82f-4c9e-8f33-6b283750c799,0,monster,21380,27420823,2,"K9-17 ""Ripper""",2,1,"K9-17 ""Destripadora""",2,1,K9-17 „Ripper“,2,1,"K9-17 ""Éventreuse""",2,1,"""Estripadora"" K9-17",2,1,,,shared_passcode
c2dedd95-2308-430c-9d0d-a707b04f6e48,0,token,,39972130,1,Kagemusha Raccoon Token,0,0,Kagemusha Raccoon Token,0,0,Kagemusha Raccoon Token,0,0,Kagemusha Raccoon Token,0,0,,0,0,pt,en|es|de|fr|pt,missing_name|missing_printing
54a6b356-26b3-4309-b511-777bb17b61ab,0,skill,,,1,KaibaCorp Research,1,1,,0,0,KaibaCorp-Forschung,1,1,Recherche KaibaCorp,1,1,,0,0,es|pt,es|pt,missing_passcode|missing_name|missing_printing
6606a360-dae5-4df4-8372-ea2af202f53e,0,monster,4433,94566432,1,Kaiser Dragon,2,1,Kaiser Dragon,0,0,Kaiser Dragon,0,0,Dragon Kaiser,1,1,,0,0,pt,es|de|pt,missing_name|missing_printing
a334ab73-b801-4a87-b916-727493ea15b5,0,monster,14796,,1,"Kaiser Eagle, the Heavens' Mandate",4,3,,0,0,,0,0,,0,0,,0,0,es|de|fr|pt,es|de|fr|pt,missing_passcode|missing_name|missing_printing
fac7a5b3-4f56-44b1-b0e4-3c2399d6803d,0,monster,7518,72237166,1,Samsara Kaiser,3,1,Kaiser Samsara,1,1,Samsara-Kaiser,1,1,Kaiser du Samsara,1,1,,0,0,pt,pt,missing_name|missing_printing
5026bf04-12a4-4dec-82a8-562ffc5a1426,0,monster,4541,68928540,1,Kamakiriman,0,0,Kamakiriman,0,0,Kamakiriman,0,0,Kamakiriman,0,0,,0,0,pt,en|es|de|fr|pt,missing_name|missing_printing
7f31cf44-bf4e-433c-b353-892fb44f9243,0,monster,9595,72439556,1,"Kamui, Hope of Gusto",4,2,"Kamui, Esperanza de Gusto",1,1,"Kamui, Hoffnung von Gusto",1,1,"Kamui, Espoir de Gusto",1,1,,0,0,pt,pt,missing_name|missing_printing
22d33c51-2125-4045-a608-2400ea879ada,0,monster,4358,12829151,1,Kanan the Swordmistress,2,1,Kanan la Señora de las Espadas,1,1,Kanan die Schwertherrin,1,1,"Kanan, Maîtresse de l'Épée",1,1,,0,0,pt,pt,missing_name|missing_printing
870afc95-61dd-46a2-b4a1-249fb3f65935,0,monster,4457,84103702,1,Kanikabuto,0,0,Kanikabuto,0,0,Kanikabuto,0,0,Kanikabuto,0,0,,0,0,pt,en|es|de|fr|pt,missing_name|missing_printing
e58ad8d8-555e-43ea-9a48-d8b3ec693c91,0,monster,4456,48109103,1,Kappa Avenger,0,0,Kappa Avenger,0,0,Kappa Avenger | Kappabestie,0,0,Kappa Avenger | Vengeur de Kappa,0,0,Kappa Vingador,0,0,,en|es|de|fr|pt,missing_printing
d8bb6cb0-7a7c-43a6-b4c7-abacb22b9a7b,0,monster,4592,61831093,1,Greenkappa,11,5,Kappa Verde,4,3,Greenkappa,6,3,Kappa Vert,4,3,,0,0,pt,pt,missing_name|missing_printing
e2eef7cb-587f-4f5a-be9c-8025632247c5,0,spell,9529,83831356,1,Runaway Karakuri,3,1,Karakuri Descontrolado,1,1,Fliehender Karakuri,1,1,Karakuri Incontrôlable,1,1,,0,0,pt,pt,missing_name|missing_printing
b0cc956c-f3ce-44fa-91a4-b8fd551e6999,0,monster,9280,20630765,1,Spellstone Sorcerer Karood,2,1,"Karood, Hechicero de la Piedra Mágica",1,1,Zauberstein-Magier Karood,1,1,Karood le Sorcier de la Pierre Magique,1,1,,0,0,pt,pt,missing_name|missing_printing
f989f52d-1f50-4428-a572-46998ece1603,0,monster,4505,81179446,1,Kattapillar,0,0,Kattapillar,0,0,Kattapillar,0,0,Kattapillar,0,0,,0,0,pt,en|es|de|fr|pt,missing_name|missing_printing
19e81df0-f187-4876-9c31-7c4a85f0144e,0,monster,8904,51554871,1,"Kayenn, the Master Magma Blacksmith",5,2,"Kayenn, el Maestro Herrero del Magma",1,1,"Kayenn, der Magma-Meisterschmied",1,1,Kayenn le Maître Forgeron du Magma,1,1,,0,0,pt,pt,missing_name|missing_printing
7af6e86b-9f82-4582-8c63-adb398262195,0,skill,,,1,Keeper of the Valley,1,1,,0,0,,0,0,,0,0,,0,0,es|de|fr|pt,es|de|fr|pt,missing_passcode|missing_name|missing_printing
98d474ac-9d29-4dc6-8166-5e7bfc2d530d,0,monster,4606,20541432,1,Key Mace #2,3,2,Key Mace #2,0,0,Key Mace #2 | Schlüsselstab 2,0,0,Key Mace #2,0,0,,0,0,pt,es|de|fr|pt,missing_name|missing_printing
41b5d7c3-d54c-41ee-93b8-dfc04d20ead3,0,monster,9850,,1,King Landia the Goldfang,2,1,,0,0,,0,0,,0,0,,0,0,es|de|fr|pt,es|de|fr|pt,missing_passcode|missing_name|missing_printing
54a5e8ff-0a9b-4045-841f-040176b6724f,0,monster,8516,80367387,1,Koa'ki Meiru Bergzak,3,1,Koa'ki Meiru Bergzak,1,1,Bergzak von Koa'ki Meiru,1,1,Bergzak Koa'ki Meiru,1,1,,0,0,pt,pt,missing_name|missing_printing
a2e493a6-abce-4873-8619-bebcb93474f1,0,monster,8524,41201555,1,Koa'ki Meiru Gravirose,5,1,Koa'ki Meiru Gravirosa,2,1,Gravirose von Koa'ki Meiru,3,1,Gravirose Koa'ki Meiru,3,1,,0,0,pt,pt,missing_name|missing_printing
390c972e-db3f-47d4-8f16-5cfd22bbf2df,0,monster,8523,05817857,1,Koa'ki Meiru Ghoulungulate,5,1,Koa'ki Meiru Gulungulado,2,1,Ghoulungulate von Koa'ki Meiru,2,1,Maître des Goules Koa'ki Meiru,2,1,,0,0,pt,pt,missing_name|missing_printing
7ccc662d-399e-44a1-bad0-1ae4fa83a114,0,monster,8594,65026212,1,Koa'ki Meiru Maximus,5,1,Koa'ki Meiru Máximo,2,1,Maximus von Koa'ki Meiru,2,1,Maximus Koa'ki Meiru,2,1,,0,0,pt,pt,missing_name|missing_printing
589442a4-9f6f-4bb7-8e46-949cc1fb451e,0,token,,00176393,1,Koa'ki Meiru Token,0,0,Koa'ki Meiru Token,0,0,Koa'ki Meiru Token,0,0,Koa'ki Meiru Token,0,0,,0,0,pt,en|es|de|fr|pt,missing_name|missing_printing
f81999c9-c3b0-459a-ac85-b75a9bd34f2f,0,monster,7845,07243511,1,Koalo-Koala,3,1,Koalo-Koala,1,1,Koalo-Koala,1,1,Koalo-Koala,1,1,,0,0,pt,pt,missing_name|missing_printing
91f73b91-2e5c-497e-8735-b3a8a635c84d,0,monster,9503,97000273,1,Scrap Kong,3,1,Kong de Chatarra,1,1,Schrott-Kong,1,1,Kong de Ferraille,1,1,,0,0,pt,pt,missing_name|missing_printing
7a4184d5-4f80-49df-85c0-7c6790075be4,0,monster,7142,93151201,1,Voltic Kong,7,3,Kong de Voltaje,2,1,Geladener Kong,4,3,Kong Voltaïque,4,3,Kong Voltaico,0,0,,pt,missing_printing
ad5d27ee-213a-490a-815a-51ee9ccbfa72,0,monster,4491,32569498,1,Korogashi,0,0,Korogashi,0,0,Korogashi,0,0,Korogashi,0,0,,0,0,pt,en|es|de|fr|pt,missing_name|missing_printing
7376bb07-ddbd-449c-9bc1-f092806b3a68,0,spell,,,1,"Kowloon, Citadel of the Sky",0,0,,0,0,,0,0,,0,0,,0,0,es|de|fr|pt,en|es|de|fr|pt,missing_passcode|missing_name|missing_printing
5a6bca78-7c10-4ca2-9811-45b29198ddda,0,monster,4082,76512652,1,Krokodilus,0,0,Krokodilus,0,0,Krokodilus,0,0,Krokodilus,0,0,Crocodilus,0,0,,en|es|de|fr|pt,missing_printing
82c4b7e1-2424-4ce6-99d6-f2a6abdd61f0,0,monster,5022,82642348,1,Kryuel,3,2,Kryuel,1,1,Kryuel,1,1,Kryuel,1,1,,0,0,pt,pt,missing_name|missing_printing
cded1e33-6d27-4beb-b961-47cdbd785c12,0,monster,7725,56514812,1,Kunoichi,3,1,Kunoichi,1,1,Kunoichi,1,1,Kunoichi,1,1,,0,0,pt,pt,missing_name|missing_printing
4a6c4390-c82f-4088-ad7e-c97476e56820,0,monster,7526,33776734,1,Winged Kuriboh LV9,7,4,Kuriboh Alado LV9,1,1,Geflügelter Kuriboh LV9,3,3,Kuriboh Ailé LV9,2,2,,0,0,pt,pt,missing_name|missing_printing
dd932588-5cd7-4748-be66-65e13bbba9a4,0,monster,12045,,1,"Kuzunoha, the Onmyojin",2,1,,0,0,,0,0,,0,0,,0,0,es|de|fr|pt,es|de|fr|pt,missing_passcode|missing_name|missing_printing
9168485a-57c2-4de4-b6d0-f8966f1dd0e1,0,trap,9794,55271628,1,Tyrant's Throes,3,1,La Agonía del Tirano,1,1,Agonie des Tyrannen,1,1,Agonie du Tyrant,1,1,,0,0,pt,pt,missing_name|missing_printing
85007fac-0fd3-4dd1-a190-77ea1634267c,0,monster,5194,65475294,1,The Unfriendly Amazon,4,3,La Amazona Antipática,0,0,Unfreundliche Amazone,1,1,L'Amazone Hostile,1,1,,0,0,pt,es|pt,missing_name|missing_printing
c4ad306c-c29e-4bda-bb73-4e488ac5baea,0,monster,4629,18180762,1,The Thing That Hides in the Mud,0,0,La Cosa que se Esconde en el Barro | The Thing That Hides in the Mud,0,0,Ding aus dem Schlamm | The Thing That Hides in the Mud,0,0,La Chose Qui se Cache dans la Boue | The Thing That Hides in the Mud,0,0,,0,0,pt,en|es|de|fr|pt,missing_name|missing_printing
6b252e93-3d56-4849-b6a9-92c579957779,0,monster,5207,84080938|84080939,2,The Forgiving Maiden,6,4,La Doncella Compasiva,1,1,Nachsichtige Jungfrau,2,2,La Vierge Clémente,1,1,,0,0,pt,pt,missing_name|missing_printing
773a72ee-bc05-4391-a5ec-3bdfe5acd371,0,spell,5101,21888494,1,Chosen One,6,4,La Elegida,1,1,Der Auserwählte,2,2,L'Élu,1,1,,0,0,pt,pt,missing_name|missing_printing
41748fb3-6f54-4020-ad8e-db9930437aad,0,monster,4521,10262698,1,The Statue of Easter Island,3,3,La Estatua de la Isla Oriental,2,2,Statue der Osterinsel,2,2,Statue de l'Île de Pâques,2,2,,0,0,pt,pt,missing_name|missing_printing
4e8b6e83-c4c4-46f3-9209-672b8acbe50f,0,spell,8827,92223641,1,The Fountain in the Sky,5,3,La Fuente en el Cielo,2,2,Der Brunnen im Himmel,2,2,Fontaine du Ciel,2,2,,0,0,pt,pt,missing_name|missing_printing
f446154b-deb8-4a22-ba8b-f511c802a91f,0,monster,10148,13002461,1,Strength of Prophecy,3,1,La Fuerza de la Profecía,1,1,Die Kraft der Prophezeiung,1,1,Force de la Prophétie,1,1,,0,0,pt,pt,missing_name|missing_printing
d52722fd-7b83-4d2a-a357-568f1132ce2d,0,trap,6520,55008284,1,The League of Uniform Nomenclature,4,2,La Liga de la Nomenclatura Uniforme,1,1,Die Liga der Uniformen Nomenklatur,2,1,La Ligue de la Nomenclature Uniforme,1,1,,0,0,pt,pt,missing_name|missing_printing
b107badd-151f-4050-acea-efeeebd1b90e,0,spell,5313,40703393,1,The Puppet Magic of Dark Ruler,5,4,La Magia de Títeres del Señor Oscuro,2,2,Puppenmagie des Dunklen Herrschers,2,2,Poupée Magique du Gouverneur des Ténèbres,2,2,,0,0,pt,pt,missing_name|missing_printing
b3a53124-b463-41f3-a580-444c6578dd25,0,trap,9693,12863633,1,Curse of the Circle,3,1,La Maldición del Círculo,1,1,Fluch des Kreises,1,1,Malédiction du Cercle,1,1,,0,0,pt,pt,missing_name|missing_printing
56f0e956-35e7-4a99-ac7d-d44b570e3ee2,0,monster,4171,28003512,1,The Judgement Hand,2,2,La Mano del Juicio,1,1,Urteilshand,1,1,La Main du Jugement,1,1,,0,0,pt,pt,missing_name|missing_printing
cae9afca-ac43-4edd-b775-ac738bdc58a5,0,spell,5225,30606547,1,The Dark Door,7,5,La Puerta Oscura,2,2,Dunkle Tür,3,3,La Porte des Ténèbres,3,3,,0,0,pt,pt,missing_name|missing_printing
95dac5ec-9d2b-4653-9014-3d6d723301a6,0,trap,6450,30888983,1,The Selection,3,1,La Selección,1,1,Die Auswahl,1,1,Sélection de l'Arche,1,1,,0,0,pt,pt,missing_name|missing_printing
4476e9a4-61bd-4311-b07d-853b4ac86ea3,0,monster,10147,87608852,1,Temperance of Prophecy,3,1,La Templanza de la Profecía,2,1,Die Mäßigkeit der Prophezeiung,1,1,Tempérance de la Prophétie,1,1,,0,0,pt,pt,missing_name|missing_printing
2c78d131-58a5-40ec-ab3e-d7110f56f8bf,0,spell,8657,65196094,1,Variety Comes Out,5,2,La Variedad Aparece,2,2,Vielfalt erscheint,3,2,Variétés en Vrac,2,2,,0,0,pt,pt,missing_name|missing_printing
b706b634-6fc9-472b-97e5-07c5d7b892b7,0,monster,4197,09430387,1,LaLa Li-oon,0,0,LaLa Li - oon,0,0,LaLa Li-oon,0,0,LaLa Li-oon,0,0,LaLa Li-oon,0,0,,en|es|de|fr|pt,missing_printing
2e8726e3-18a5-41cd-82a4-8e9a6b814aec,0,monster,4134,75850803,1,LaMoon,0,0,LaMoon,0,0,LaMoon,0,0,LaMoon,0,0,,0,0,pt,en|es|de|fr|pt,missing_name|missing_printing
f54736cc-ada3-549b-939a-7418a8e8bbee,0,,22937,,0,GMX Lab #5,1,1,Laboratorio #5 de GMX,1,1,GMX-Labor Nr. 5,1,1,Laboratoire #5 GMX,1,1,Laboratório GMX nº 5,1,1,,,missing_passcode|missing_art
36bffc09-5244-4227-8115-3f80f7bd3dbf,0,spell,8666,53039326,1,Iron Core Specimen Lab,3,1,Laboratorio de Especímenes del Núcleo de Hierro,1,1,Eisenkern-Versuchslabor,1,1,Laboratoire du Noyau d'Énergie,1,1,,0,0,pt,pt,missing_name|missing_printing
29871d19-2dd3-4871-802d-09a36d60fe73,0,spell,8347,85668449,1,Brain Research Lab,3,1,Laboratorio de Investigación Cerebral,1,1,Hirnforschungslabor,1,1,Laboratoire de Recherche Cérébrale,1,1,,0,0,pt,pt,missing_name|missing_printing
1cca1780-5359-475b-9405-cacf1c0e8577,0,monster,5425,40933924,1,Dark Scorpion Burglars,4,3,Ladrones Escorpión Oscuro,2,2,Dunkler Skorpion-Einbrecher,2,2,Pilleurs du Scorpion Noir,2,2,,0,0,pt,pt,missing_name|missing_printing
f500ace0-ebfc-4831-ac78-7f2e68d3812a,0,monster,15855,64730881,1,Time Thief Adjuster,0,0,Ladrón del Tiempo Calibrador,0,0,Zeitdiebin Regulierer,0,0,Régleuse des Voleurs de Temps,0,0,Ladrão do Tempo Ajustador,0,0,,en|es|de|fr|pt,missing_printing
c06df781-cb4d-4c03-903a-a8e4c5b35b27,0,monster,15856,91135480,1,Time Thief Double Barrel,0,0,Ladrón del Tiempo Doble Barril,0,0,Zeitdieb Doppel-Federhaus,0,0,Double Barillet des Voleurs de Temps,0,0,Ladrão do Tempo Barril Duplo,0,0,,en|es|de|fr|pt,missing_printing
1ecfe115-2b0a-433a-aafb-d9fc5daa9f88,0,monster,7212,18372968,1,Razor Lizard,3,1,Lagarto Navaja,1,1,Rasiermesserechse,1,1,Lézard Rasoir,1,1,,0,0,pt,pt,missing_name|missing_printing
6a868b99-9121-4dc9-8a6d-4ecdb765ac43,0,monster,4640,78402798,1,Night Lizard,0,0,Lagarto Nocturno | Night Lizard,0,0,Nachtechse | Night Lizard,0,0,Lézard de Nuit | Night Lizard,0,0,,0,0,pt,en|es|de|fr|pt,missing_name|missing_printing
519726e2-48f8-47b3-9a27-1bd18c4b0d13,0,monster,10049,03283679,1,Evoltile Lagosucho,3,1,Lagosucho Evolutil,2,1,Evoltil Lagosucho,1,1,Évoltile Lagosucho,1,1,,0,0,pt,pt,missing_name|missing_printing
97305a43-7e27-433e-b921-5cee7a33656a,0,monster,9841,22842214,1,Sea Lancer,3,1,Lancero Marino,1,1,Meereslanzenträger,1,1,Cavalier des Mers,1,1,,0,0,pt,pt,missing_name|missing_printing
94e68af2-d98a-4774-a593-cf65d60cb744,0,monster,7369,26254876,1,Gemini Lancer,3,1,Lancero de Géminis,1,1,Zwillingslanzenträger,1,1,Lancier Gémeau,1,1,,0,0,pt,pt,missing_name|missing_printing
0084a022-ac9b-491f-8b37-63cda7d4a13e,0,trap,,,1,Lane Restriction,0,0,,0,0,,0,0,,0,0,,0,0,es|de|fr|pt,en|es|de|fr|pt,missing_passcode|missing_name|missing_printing
666c239f-d6a8-4abd-830a-143065ff0610,0,monster,9481,76865611,1,Morphtronic Lantron,3,1,Lantron Morfotrónico,1,1,Morphtronische Leuchte,1,1,Lampe Morphtronique,1,1,,0,0,pt,pt,missing_name|missing_printing
f9aceb7f-c75e-48ad-b5cf-ac21180e4362,0,spell,4846,18937875,1,Burning Spear,2,2,Lanza ardiente,1,1,Brennender Speer,1,1,Lance Embrasée,1,1,,0,0,pt,pt,missing_name|missing_printing
0ce1d4fd-686c-575a-b770-304cd6991d22,0,,22978,,0,The Chaotic Phantasmal Sacred Beasts,3,1,Las Caóticas Bestias Sagradas Fantasma,3,1,Die chaotischen phantasmalen heiligen Ungeheuer,3,1,Les Bêtes Sacrées du Spectre Chaotique,3,1,As Bestas Sagradas Caóticas Fantasmas,3,1,,,missing_passcode|missing_art
f94da51d-20a1-42dc-a176-a703ab8dcde9,0,spell,21938,20415050,1,The Hidden Hecahands,2,1,Las Hecamanos Escondidas,2,1,Die verborgenen Hekahände,2,1,L'Hécamains Caché,2,1,As Hecamãos Ocultas,2,1,,,shared_passcode
25c3ce0c-9443-485d-87cb-07c1673a845c,0,trap,5269,68400115,1,The Emperor's Holiday,6,5,Las Vacaciones del Emperador,2,2,Kaiserlicher Feiertag,3,3,Les Vacances de l'Empereur,4,3,,0,0,pt,pt,missing_name|missing_printing
8397ae1e-4ef4-4752-8c68-a63224a496ca,0,token,17075,,1,The Virtuous Vestals,1,1,Las Vestales Virtuosas,1,1,Die tugendhaften Jungfrauen,1,1,Les Vertueuses Vestales,1,1,As Virtuosas Vestais,1,1,,,missing_passcode
988cb89f-e3cc-46de-a11d-c49ef68e8f6f,0,monster,4516,42591472,1,Laughing Flower,0,0,Laughing Flower,0,0,Laughing Flower,0,0,Laughing Flower,0,0,,0,0,pt,en|es|de|fr|pt,missing_name|missing_printing
f8438c72-f875-493e-b49c-aed099f134ac,0,monster,8915,12986807,1,Laval the Greater,5,2,Laval el Mayor,1,1,Laval der Größere,1,1,Laval le Puissant,1,1,,0,0,pt,pt,missing_name|missing_printing
698ccbf7-321a-4938-850a-772116ed2e03,0,trap,10200,12940613,1,Madolche Lesson,3,1,Lección Magidulce,2,1,Magidolce-Lektion,1,1,Leçon Magidolce,1,1,,0,0,pt,pt,missing_name|missing_printing
9925dd8b-d4ca-46a1-9cae-716439ad93b0,0,monster,9281,67038874,1,Scrap Mind Reader,2,1,Lector de Mentes de Chatarra,1,1,Schrott-Gedankenleser,1,1,Télépathe de Ferraille,1,1,,0,0,pt,pt,missing_name|missing_printing
c21aff75-0002-4127-92b0-307a0b317dfb,0,skill,-64,,1,Mind Scan,1,1,Lectura Mental,1,1,Gedanken-Scan,1,1,Télépathie,1,1,Ler a Mente,1,1,,,missing_passcode
5259232b-e47d-4632-ba4f-257f7559ca10,0,trap,6006,30461781,1,Legacy of Yata-Garasu,3,2,Legado de Yata-Garatsu,1,1,Vermächtnis von Yata-Garasu,1,1,Cadavre du Yata-Garasu,1,1,,0,0,pt,pt,missing_name|missing_printing
e2f0ab8c-827b-40c2-8469-82e14ff49020,0,monster,20030,55343172,1,Legendary Dueling Field,0,0,Legendary Dueling Field,0,0,Legendary Dueling Field,0,0,Legendary Dueling Field,0,0,,0,0,pt,en|es|de|fr|pt,missing_name|missing_printing
a85e79f4-57b7-4063-840d-d5d78bcf3081,0,token,,62543394,1,Lekunga Token,0,0,Lekunga Token,0,0,Lekunga Token,0,0,Lekunga Token,0,0,,0,0,pt,en|es|de|fr|pt,missing_name|missing_printing
8e9b4ce5-bc28-4313-8cda-270a55cedd8f,0,monster,9884,38757297,1,Photon Leo,3,1,Leo Fotónico,1,1,Photonenlöwe,1,1,Léo Photon,1,1,,0,0,pt,pt,missing_name|missing_printing
e93e413f-fcd9-4dd3-8d5f-78920c2646c0,0,monster,4584,04392470,1,Leo Wizard,0,0,Leo Wizard,0,0,Leo Wizard,0,0,Leo Wizard,0,0,,0,0,pt,en|es|de|fr|pt,missing_name|missing_printing
105c0e3f-3e6b-44b4-aa80-6139d723dbfa,0,monster,11456,,1,Leonardo's Silver Skyship,2,1,,0,0,,0,0,,0,0,,0,0,es|de|fr|pt,es|de|fr|pt,missing_passcode|missing_name|missing_printing
860d9ca8-d5b7-4436-a087-517ed7db21ec,0,trap,7317,26956670,1,Release from Stone,4,2,Liberar de la Piedra,1,1,Befreiung aus dem Stein,2,1,Libération de Fossile,1,1,,0,0,pt,pt,missing_name|missing_printing
e816f61f-e1eb-47c6-9ae4-56857aa76e19,0,spell,10189,52628687,1,Spellbook of Life,3,1,Libro de Magia de la Vida,1,1,Magiebuch des Lebens,1,1,Livre de Magie de la Vie,1,1,,0,0,pt,pt,missing_name|missing_printing
6de9dfc6-841c-40fc-8e5d-20d2e644f705,0,monster,6991,84385264,1,Lycanthrope,3,1,Licántropo,1,1,Lykanthrop,1,1,Lycanthrope,1,1,,0,0,pt,pt,missing_name|missing_printing
c3af3001-f0e8-40fb-b4c0-5939dbe0f8a9,0,trap,5554,38105306,1,Life Shaver,1,0,Life Shaver,0,0,Life Shaver,0,0,Life Shaver,0,0,,0,0,pt,es|de|fr|pt,missing_name|missing_printing
05047959-812d-4543-94c6-b6f6b9fef173,0,monster,14529,21251800,1,Light Bringer Lucifer,0,0,Light Bringer Lucifer,0,0,Light Bringer Lucifer,0,0,Light Bringer Lucifer,0,0,,0,0,pt,en|es|de|fr|pt,missing_name|missing_printing
ce75f8a7-5135-44db-9775-8ce7f169bdbc,0,monster,7836,19204398,1,Ally of Justice Light Gazer,4,2,"Light Gazer, Aliado de la Justicia",1,1,Verbündeter der Gerechtigkeit Lichtstarrer,1,1,"Contemplateur de Lumière, Allié de la Justice",1,1,,0,0,pt,pt,missing_name|missing_printing
c7385881-3c6b-461e-8cdf-4362e8a5434a,0,monster,21967,,1,Light Leading the Valiant,4,2,,0,0,,0,0,,0,0,,0,0,es|de|fr|pt,es|de|fr|pt,missing_passcode|missing_name|missing_printing
9c19f82f-d10d-48f3-b74c-c9f1f95c6647,0,monster,5079,27671321,1,Lightning Conger,4,3,Lightning Conger,0,0,Blitz-Meeraal,1,1,Congre Foudroyant,1,1,,0,0,pt,es|pt,missing_name|missing_printing
d59f5c5e-d55b-49a5-b8de-5114c8da47ec,0,spell,22736,89753095,3,Lightning Crash,0,0,,0,0,,0,0,,0,0,,0,0,es|de|fr|pt,en|es|de|fr|pt,missing_name|missing_printing
687b0403-64e0-4e33-9124-6f1dd256867f,0,monster,7293,03918345,1,Magical Reflect Slime,4,2,Limo de Reflejo Mágico,1,1,Magisch reflektierender Schleim,2,2,Slime Magique,2,2,Limo Mágico Refletor,0,0,,pt,missing_printing
c5ecf833-3f9d-40d2-af34-8eea7d48898f,0,trap,7924,29307554,1,Lineage of Destruction,3,1,Linaje de Destrucción,1,1,Spur der Verwüstung,1,1,Lignée de Destruction,1,1,,0,0,pt,pt,missing_name|missing_printing
1dd1ec3b-288b-47b2-bf66-2683f4076fdf,0,monster,8418,46272804,1,Lancer Lindwurm,4,2,Lindwurm de la Lanza,1,1,Lanzen-Lindwurm,1,1,Lindwurm Lancier,1,1,,0,0,pt,pt,missing_name|missing_printing
b66a7df7-9e50-4efb-9bf5-86218bb642ed,0,monster,4495,67841515,1,Barrel Lily,0,0,Lirio Cañón,0,0,Pollenlilie,0,0,Canon Lily,0,0,,0,0,pt,en|es|de|fr|pt,missing_name|missing_printing
849af979-2949-4076-a120-e92b36030b77,0,monster,4169,55210709,1,Lisark,0,0,Lisark,0,0,Lisark,0,0,Lisark,0,0,,0,0,pt,en|es|de|fr|pt,missing_name|missing_printing
98ebb3c2-c79f-4679-bb1f-009017bc6a18,0,monster,4594,34320307,1,Living Vase,0,0,Living Vase,0,0,Lebende Vase | Living Vase,0,0,Living Vase | Vase Vivant,0,0,Vaso Vivo,0,0,,en|es|de|fr|pt,missing_printing
b55c15b0-612e-41b2-bbef-bc30f1c05904,0,monster,8269,99899504,1,Skull Flame,3,1,Llama de Calavera,1,1,Totenkopf-Flamme,1,1,Crâne Infernal,1,1,,0,0,pt,pt,missing_name|missing_printing
18b66c51-0823-4850-8d4a-6e3125ac3304,0,monster,8268,63804806,1,Supersonic Skull Flame,3,1,Llama de Calavera Supersónica,1,1,Überschall-Totenkopf-Flamme,1,1,Cavalier Crâne Infernal,1,1,,0,0,pt,pt,missing_name|missing_printing
e3f2d9db-cb45-4d94-98b0-13d6ad0d8a75,0,spell,8831,28506708,1,Worm Call,3,1,Llamada a los Gusanos,1,1,Wurm herbeirufen,1,1,Appel du Ver,1,1,,0,0,pt,pt,missing_name|missing_printing
56f539dc-58ae-4ff8-b7b6-75af3066ef93,0,spell,6781,41160595,1,Spell Calling,5,1,Llamada de Magia,2,1,Zauberruf,2,1,Appel de la Magie,2,1,,0,0,pt,pt,missing_name|missing_printing
4260295e-7d4f-4815-93ad-374a410f48f3,0,trap,8681,45133463,1,Call of the Reaper,3,1,Llamada de la Parca,1,1,Ruf des Sensenmanns,1,1,Appel de la Faucheuse,1,1,,0,0,pt,pt,missing_name|missing_printing
69565379-92ae-419a-9c1f-d10d335fe2b7,0,trap,6917,24838456,1,Vanity's Call,3,1,Llamada de la Vanidad,0,0,Einbildungsruf,1,1,Appel de la Vanité,1,1,O Chamado da Vaidade,0,0,,es|pt,missing_printing
7f0b208c-cd53-410b-9bd5-c7f1476def88,0,skill,-15,,1,Call of the Haunted,1,1,Llamada de los Condenados,1,1,Ruf der Gajagten,1,1,Appel de l'Être Hanté,1,1,Chamado dos Assombrados,1,1,,,missing_passcode
ef1886a0-5cb8-4fc0-86e4-1e59e9ebbb02,0,monster,9173,53116300,1,Steelswarm Caller,5,2,Llamador Horda de Acero,1,1,Stahlschar-Rufer,1,1,Hurleur Colonie de Chrome,1,1,,0,0,pt,pt,missing_name|missing_printing
7d2ce4ea-f048-461d-be9b-4bd4b20b252f,0,skill,-29,,1,Dragon Caller,2,2,Llamador de Dragones,2,2,Drachenrufer,2,2,Appel du Dragon,2,2,Convocador do Dragão,2,2,,,missing_passcode
9aa38213-8f23-4f30-9507-f7314d298921,0,monster,7890,15935204,1,Storm Caller,3,1,Llamador de Tormentas,1,1,Sturmrufer,1,1,Invocateur de Tempête,1,1,,0,0,pt,pt,missing_name|missing_printing
09b07897-b2ed-4dd6-90a2-e9c34b55c65d,0,monster,9256,06602300,1,"Blaze Fenix, the Burning Bombardment Bird",2,1,"Llamarada Fénix, el Pájaro del Bombardeo Abrasador",1,1,"Flammenphönix, der brennende Bombenvogel",1,1,"Phénix de Flammes, l'Oiseau de Bombardement",1,1,,0,0,pt,pt,missing_name|missing_printing
58b7df91-4f84-4728-83f3-f49fd49e653f,0,spell,9670,69320362,1,Legendary Wind-Up Key,3,1,Llave de Cuerda Legendaria,1,1,Legendärer Aufzieh-Schlüssel,1,1,Clé Légendaire des Automates,1,1,,0,0,pt,pt,missing_name|missing_printing
3ecf1591-adc9-4953-ba74-38709344e25a,0,monster,4198,01929294,1,Key Mace,4,3,Llave de la Maza,1,1,Schlüsselstab,1,1,Lutine à la Clé,1,1,,0,0,pt,pt,missing_name|missing_printing
a4f3ab7f-1852-4a85-b314-d3357c188cc0,0,trap,15877,21985407,1,Starry Knight Arrival,0,0,Llegada del Cabalnoche de Estrellas,0,0,Ankunft der Sternenritter,0,0,Arrivée du Chevalier Étoilé,0,0,Chegada de Cavalestrela,0,0,,en|es|de|fr|pt,missing_printing
73e3957f-1606-494e-8d80-7b45550aaad6,0,monster,4605,94042337,1,Violent Rain,2,1,Lluvia Violenta,0,0,Gewalttätiger Regen,1,1,Déluge,1,1,,0,0,pt,es|pt,missing_name|missing_printing
60c4c3bc-4686-493b-9440-3c69436daefe,0,trap,9786,94626050,1,Fish Rain,3,1,Lluvia de Peces,1,1,Es regnet Fische,1,1,Chute de Poisson,1,1,,0,0,pt,pt,missing_name|missing_printing
31a0a974-b9a0-438d-a9d6-22604ddc5a14,0,spell,4666,21323861,1,Acid Rain,4,3,Lluvia Ácida,1,1,Säureregen,2,2,Pluie Acide,2,2,Chuva Ácida,0,0,,pt,missing_printing
b6f1e95c-3f47-4392-a966-cf7e1272995d,0,trap,8504,83546647,1,Wolf in Sheep's Clothing,3,1,Lobo con Piel de Cordero,1,1,Wolf im Schafspelz,1,1,Loup Déguisé en Agneau,1,1,,0,0,pt,pt,missing_name|missing_printing
8b4f2f50-a74c-4aa1-ae22-34940a80f0bd,0,monster,8767,92447211,2,Long-Tailed Black Horse,0,0,,0,0,,0,0,,0,0,,0,0,es|de|fr|pt,en|es|de|fr|pt,missing_name|missing_printing
6fbe6247-4036-4950-b399-4941f9c89f1e,0,monster,8196,76891401,1,Sea Dragon Lord Gishilnodon,3,1,"Lord Gishilnodon, Dragón Marino",1,1,Seedrachenlord Gishilnodon,1,1,"Dragon Gishilnodon, Seigneur des Mers",1,1,,0,0,pt,pt,missing_name|missing_printing
f70b1cc9-3c6e-4d1b-9a33-3a4102df57f4,0,monster,4170,81618817,1,Lord of Zemia,0,0,Lord of Zemia,0,0,Herr von Zemia | Lord of Zemia,0,0,Lord of Zemia | Seigneur de Zemia,0,0,,0,0,pt,en|es|de|fr|pt,missing_name|missing_printing
3802264f-60ea-463e-bea5-f5bb5e21cef2,0,monster,7993,,1,"Lorelei, the Symphonic Arsenal",2,1,,0,0,,0,0,,0,0,,0,0,es|de|fr|pt,es|de|fr|pt,missing_passcode|missing_name|missing_printing
08cb0787-3dba-5963-9de2-c89ee5ad6a9c,0,,22967,,0,The Phantom Knights of Decayed Cloak,2,1,Los Caballeros Fantasma de la Capa Andrajosa,2,1,Die Phantomritter des Verwesten Umhangs,2,1,Les Chevaliers Fantômes de la Cape Décomposée,2,1,Os Cavaleiros Fantasmas do Manto Decadente,2,1,,,missing_passcode|missing_art
39085653-b319-5867-8e76-d9a8b7f52fff,0,,22986,,0,The Phantom Knights of Malevolent Scythe,1,1,Los Caballeros Fantasma de la Guadaña Malévola,1,1,Die Phantomritter der Heimtückischen Sense,1,1,Les Chevaliers Fantômes de la Faux Malveillante,1,1,Os Cavaleiros Fantasmas da Foice Malévola,1,1,,,missing_passcode|missing_art
7adbbb5e-e1df-5f1d-84c9-640b9404f49a,0,,22968,,0,The Phantom Knights of Doomed Soleret,1,1,Los Caballeros Fantasma del Escarpe Condenado,1,1,Die Phantomritter des Verhängnisvollen Eisenschuhs,1,1,Les Chevaliers Fantômes du Soleret Condamné,1,1,Os Cavaleiros Fantasmas de Soleret Condenado,1,1,,,missing_passcode|missing_art
e7e474ad-c00f-5627-a7fb-a9d93b066c07,0,,23022,,0,The Phantom Knights of Umbrage Veil,1,1,Los Caballeros Fantasma del Velo del Resentimiento,1,1,Die Phantomritter des Anstößigen Schleiers,1,1,Les Chevaliers Fantômes du Voile de l'Ombrage,1,1,Os Cavaleiros Fantasmas do Véu da Ira,1,1,,,missing_passcode|missing_art
c51422dc-006b-45f6-91e2-c955af945cb2,0,trap,6809,50470982,1,The Paths of Destiny,3,1,Los Caminos del Destino,1,1,Die Wege des Schicksals,1,1,Les Chemins de la Destinée,1,1,,0,0,pt,pt,missing_name|missing_printing
f37cedc2-54b4-4c58-997f-ec88c5f9f52d,0,trap,9143,71417170,1,Defenders Intersect,2,1,Los Defensores se Cruzan,1,1,Begegnung der Verteidiger,1,1,Duel de Défenseurs,1,1,,0,0,pt,pt,missing_name|missing_printing
dee69f90-6d65-429b-a270-3d322689a831,0,skill,,,1,The Roids are Alright,1,1,Los Roids están Bien,1,1,Den Roiden geht es gut,1,1,Les Roids sont Bien,1,1,,1,1,pt,,missing_passcode|missing_name
9a8dd28e-bd63-41e3-be5a-9b3045dd37d3,0,monster,6968,27782503,1,The Six Samurai - Irou,9,5,Los Seis Samuráis - Irou,4,4,Die Sechs Samurai - Irou,5,5,Les Six Samouraïs - Irou,4,4,,0,0,pt,pt,missing_name|missing_printing
314bdf07-74b6-449f-93a9-982f8466339c,0,monster,6967,90397998,1,The Six Samurai - Kamon,9,5,Los Seis Samuráis - Kamon,4,4,Die Sechs Samurai - Kamon,5,5,Les Six Samouraïs - Kamon,4,4,,0,0,pt,pt,missing_name|missing_printing
9a622a52-aa16-48de-be9f-e0e276100770,0,monster,6965,31904181,1,The Six Samurai - Nisashi,9,5,Los Seis Samuráis - Nisashi,4,4,Die Sechs Samurai - Nisashi,5,5,Les Six Samouraïs - Nisashi,4,4,,0,0,pt,pt,missing_name|missing_printing
33f1f92b-877f-49c1-ad87-29977d6d8cdf,0,monster,6966,64398890,1,The Six Samurai - Yaichi,9,5,Los Seis Samuráis - Yaichi,4,4,Die Sechs Samurai - Yaichi,5,5,Les Six Samouraïs - Yaichi,4,4,,0,0,pt,pt,missing_name|missing_printing
782efb27-a239-4aed-b809-a74c7c2b63c1,0,monster,6963,69025477,1,The Six Samurai - Yariza,9,5,Los Seis Samuráis - Yariza,4,4,Die Sechs Samurai - Yariza,5,5,Les Six Samouraïs - Yariza,4,4,,0,0,pt,pt,missing_name|missing_printing
feb797ab-2979-405f-a81c-f68f13da7e26,0,monster,7407,05592689,1,Samsara Lotus,3,1,Loto de Samsara,1,1,Samsaralotus,1,1,Lotus du Samsara,2,1,,0,0,pt,pt,missing_name|missing_printing
19b7a411-0f89-44ed-94a7-7ad979515c8c,0,spell,9126,22539270,1,Scrap Lube,2,1,Lubricante de Chatarra,1,1,Schrott-Schmiermittel,1,1,Lubrifiant de Ferraille,1,1,,0,0,pt,pt,missing_name|missing_printing
2244ce83-81e8-44bd-b4cd-8b75997c5b2d,0,monster,8079,74440055,1,Cactus Fighter,3,1,Luchador Cactus,1,1,Kaktuskämpfer,1,1,Guerrier Cactus,1,1,,0,0,pt,pt,missing_name|missing_printing
cf894b82-3982-40e9-ba1a-dc1dd4187fc3,0,monster,7710,60410769,1,Jutte Fighter,3,1,Luchador con Jutte,1,1,Juttekämpfer,1,1,Guerrier au Jitte,1,1,,0,0,pt,pt,missing_name|missing_printing
2f26a224-afba-4993-aff6-f1fd9308eb6e,0,monster,6892,08806072,1,Combo Fighter,3,1,Luchador del Combo,0,0,Kombokämpfer,1,1,Guerrier des Combos,1,1,Lutador de Combo,0,0,,es|pt,missing_printing
ad3d3632-9cfe-4655-928c-5a885f6a6e0c,0,monster,10051,66066482,1,Inzektor Firefly,3,1,Luciérnaga Inzektor,2,1,Insektor Glühwürmchen,1,1,Inzektor Luciole,1,1,,0,0,pt,pt,missing_name|missing_printing
7187f09d-a48a-4bfd-8ff1-0508e7951072,0,monster,4189,03985011,1,Lucky Trinket,0,0,Lucky Trinket,0,0,Lucky Trinket | Ränkeschmied,0,0,Bibelot Chanceux | Lucky Trinket,0,0,,0,0,pt,en|es|de|fr|pt,missing_name|missing_printing
8891252f-bf3e-4ed3-87c4-0bd859449f2b,0,trap,9788,57115864,1,Lumenize,3,1,Luminizar,1,1,Erleuchten,1,1,Lumièrisation,1,1,,0,0,pt,pt,missing_name|missing_printing
fa18e0b9-5ee5-45c9-9c81-00fcf5d02390,0,monster,4266,62210247,1,Lunar Queen Elzaim,0,0,Lunar Queen Elzaim,0,0,Lunar Queen Elzaim | Mondkönigin Elzaim,0,0,La Reine Lunaire d’Elzaim | Lunar Queen Elzaim,0,0,,0,0,pt,en|es|de|fr|pt,missing_name|missing_printing
2642640e-5361-4829-9755-7d03b4906c2c,0,trap,8364,34545235,1,Iron Core Luster,3,1,Lustre del Núcleo de Hierro,1,1,Glanz des Eisenkerns,1,1,Explosion du Noyau d'Énergie,1,1,,0,0,pt,pt,missing_name|missing_printing
0c5e2ce5-8ffb-4b6b-8520-d241c55638f6,0,spell,4356,45895206,1,Dark-Piercing Light,2,2,Luz Perfora-Oscuridad,1,1,Dunkel durchdringendes Licht,1,1,Lumière Perce-Ténèbres,1,1,,0,0,pt,pt,missing_name|missing_printing
934b564a-7435-4c41-b01d-22f7aeb65016,0,trap,9011,83027236,1,Light of Destruction,2,1,Luz de la Destrucción,1,1,Licht der Zerstörung,1,1,Lumière de la Destruction,1,1,,0,0,pt,pt,missing_name|missing_printing
c88325f6-5030-4f23-92cd-8851a4aa84a2,0,spell,10186,52340274,1,Galaxy Queen's Light,3,1,Luz de la Reina de la Galaxia,1,1,Licht der Galaxiekönigin,1,1,Lumière de la Reine Galactique,1,1,,0,0,pt,pt,missing_name|missing_printing
386db81f-eee6-434e-9605-ff5b0d8c7b4d,0,spell,4313,39897277,1,Elf's Light,2,2,Luz del Elfo,1,1,Elfenlicht,1,1,Lumière de l'Elfe,1,1,,0,0,pt,pt,missing_name|missing_printing
dbd091ca-0b8c-4a7e-b4a9-63802721a80e,0,trap,8226,58990631,1,Automatic Laser,3,1,Láser Automático,1,1,Automatischer Laser,1,1,Laser à Visée Automatique,1,1,,0,0,pt,pt,missing_name|missing_printing
8f645383-d1fd-485b-a756-58ed9c5514dc,0,spell,8828,29228350,1,Dragon Laser,3,1,Láser Dragón,1,1,Drachenlaser,1,1,Dragon Laser,1,1,,0,0,pt,pt,missing_name|missing_printing
1de02a3a-a921-4e1e-9d5d-23dc33404f57,0,spell,5270,05494820,1,Cyclon Laser,5,4,Láser de Ciclón,1,1,Zyklonenlaser,2,2,Laser Cyclon,2,2,,0,0,pt,pt,missing_name|missing_printing
d713fb4a-d586-4445-b607-7d2424aefbb6,0,spell,6940,11471117,1,Light Laser,3,1,Láser de la Luz,1,1,Lichtlaser,1,1,Laser de Lumière,1,1,Laser de Luz,0,0,,pt,missing_printing
3f50c0ed-f408-4d9e-8ed1-f2a85c9a68e4,0,trap,7648,97234686,1,Gladiator Lash,3,1,Látigo de Gladiador,1,1,Gladiatorpeitsche,1,1,Fouet du Gladiateur,2,1,,0,0,pt,pt,missing_name|missing_printing
4b17fd87-567c-45e1-980a-39e4e2713db3,0,monster,4210,98795934,1,Mabarrel,0,0,Mabarrel,0,0,Mabarrel,0,0,Mabarrel,0,0,,0,0,pt,en|es|de|fr|pt,missing_name|missing_printing
c1a9841c-6fb6-4964-8b35-f03227f4778e,0,monster,4654,38116136,1,Machine Attacker,0,0,Machine Attacker,0,0,Machine Attacker,0,0,Machine Attacker,0,0,,0,0,pt,en|es|de|fr|pt,missing_name|missing_printing
a9a82fea-3565-4820-9249-ba94b40da37b,0,monster,7564,13314457,1,Deepsea Macrotrema,3,1,Macrotrema de Aguas Profundas,1,1,Tiefsee-Kiemenschlitzaal,1,1,Anguille des Abysses,1,1,,0,0,pt,pt,missing_name|missing_printing
20f00e40-e1aa-4631-a403-7fbe46314184,0,monster,4238,43905751,1,Madjinn Gunn,0,0,Madjinn Gunn,0,0,Madjinn Gunn | Madschinn Gunn,0,0,Madjinn Gunn,0,0,,0,0,pt,en|es|de|fr|pt,missing_name|missing_printing
cf3c8b1e-1a5f-459b-bbd4-768182bbac9b,0,monster,10313,82579942,1,Lightray Madoor,3,1,Madoor Rayoluz,1,1,Lichtstrahl-Madoor,1,1,Madoor Rayon Lumineux,1,1,,0,0,pt,pt,missing_name|missing_printing
fa207963-b2c9-47c9-98d8-06e2d29d4936,0,monster,6805,24104865,1,Alien Mother,6,2,Madre Alienígena,2,1,Außerirdische Mutter,5,2,Mère Alien,4,2,,0,0,pt,pt,missing_name|missing_printing
4a61138c-0c89-4895-85e6-0b85ad294042,0,monster,10305,21524779,1,Mahunder,3,1,Madretrueno,1,1,Madonner,1,1,Matonerre,1,1,,0,0,pt,pt,missing_name|missing_printing
49f5b057-2f29-5a08-b5da-e12cd6d92102,0,,22987,,0,Melffy Godmommy,1,1,Madrinita Melffy,1,1,Melffy-Patenmami,1,1,Marraimommy Melffy,1,1,Melffy Godmommy,1,1,,,missing_passcode|missing_art
0c695628-974c-4f34-9603-0cb7761b0639,0,monster,8182,16191953,1,Master Gig,4,2,Maestro Gig,2,1,Meister Gig,2,1,Maître de la Destruction Psy,2,1,,0,0,pt,pt,missing_name|missing_printing
46de8b73-84f1-4fe7-9b4d-bba47ae40abb,0,monster,8622,81336148,1,Sword Master,3,1,Maestro de la Espada,2,1,Schwertmeister,1,1,Maître de l'Épée,1,1,,0,0,pt,pt,missing_name|missing_printing
86ff4e88-0f54-47f8-940d-1b51af93503f,0,monster,6893,44800181,1,Combo Master,5,1,Maestro del Combo,0,0,Kombomeister,2,1,Maître des Combos,2,1,Mestre do Combo,0,0,,es|pt,missing_printing
35349ce6-26d9-4056-8988-f4a5d854717f,0,monster,8464,47459126,1,Tuned Magician,3,1,Maga Afinada,1,1,Abgestimmter Magier,1,1,Magicien Syntonisateur,1,1,,0,0,pt,pt,missing_name|missing_printing
2c6784de-e9a5-4292-9835-9e441d6fc550,0,monster,10177,65301952,1,Alchemic Magician,3,1,Maga Alquímica,1,1,Alchemistische Magierin,1,1,Magicienne Alchimique,1,1,,0,0,pt,pt,missing_name|missing_printing
26ce3f90-c367-4ef6-a896-9420c3aa0f6e,0,monster,8448,28966434,1,Solitaire Magician,3,1,Maga Solitaria,1,1,Solitär-Magierin,1,1,Magicienne Solitaire,1,1,,0,0,pt,pt,missing_name|missing_printing
90ee668b-1f02-4f4f-bdff-54e10daf7ec1,0,monster,10132,50613779,1,Damage Mage,3,1,Maga del Daño,1,1,Schadensmagierin,1,1,Mage de Dommages,1,1,,0,0,pt,pt,missing_name|missing_printing
e9b71867-a68c-4f62-968b-a0a8abfefed6,0,monster,10113,10000030,1,Magi Magi ☆ Magician Gal,0,0,Magi Magi ☆ Magician Gal,0,0,Magi Magi ☆ Magician Gal,0,0,Magi Magi ☆ Magician Gal,0,0,,0,0,pt,en|es|de|fr|pt,missing_name|missing_printing
e99a8d7e-e338-48a0-810c-2f6258634d2e,0,spell,8214,51773900,1,Calming Magic,3,1,Magia Tranquilizadora,1,1,Beruhigende Magie,1,1,Magie Apaisante,1,1,,0,0,pt,pt,missing_name|missing_printing
5f83ea15-9b84-4353-be9d-ec462ec77658,0,spell,7622,00313513,1,Spell Gear,3,1,Magia del Mecanismo,1,1,Zauberantrieb,1,1,Rouage Magique,1,1,,0,0,pt,pt,missing_name|missing_printing
eb9cce40-babd-481e-8a35-e43db00bf48e,0,monster,22088,03287359,2,Magical Musket Mastermind Caspar,0,0,,0,0,,0,0,,0,0,,0,0,es|de|fr|pt,en|es|de|fr|pt,missing_name|missing_printing
9feec5d4-7872-48bb-b10e-8075e26c280a,0,trap,5577,85758066,1,Magical Trick Mirror,1,0,Magical Trick Mirror,0,0,Magical Trick Mirror,0,0,Magical Trick Mirror,0,0,,0,0,pt,es|de|fr|pt,missing_name|missing_printing
0385f269-5ad4-4fc8-ad18-dc07539df23b,0,skill,,,1,Magician's Scales (Skill Card),1,1,,0,0,,0,0,,0,0,,0,0,es|de|fr|pt,es|de|fr|pt,missing_passcode|missing_name|missing_printing
791d8076-9d94-4f55-81e1-6898f54f887e,0,monster,10247,89521713,1,Madolche Cruffssant,3,1,Magidulce Cruffssant,1,1,Magidolce Cwaussant,1,1,Croufsant Magidolce,1,1,,0,0,pt,pt,missing_name|missing_printing
0a6f76a8-4a3f-491a-9d4a-43c94d533ca1,0,monster,10248,26016357,1,Madolche Marmalmaide,3,1,Magidulce Marmalmaide,1,1,Magidolce Marmelzofe,1,1,Marmabonne Magidolce,1,1,,0,0,pt,pt,missing_name|missing_printing
0a3e496a-b44e-40bc-837b-108a70ece788,0,trap,10296,23681456,1,Madolchepalooza,3,1,Magidulcepalooza,1,1,Magidolce-Party,1,1,Magidolcepalooza,1,1,,0,0,pt,pt,missing_name|missing_printing
48b4ea70-85b9-42ef-8818-13a20a33724f,0,monster,8799,47929865,1,Magidog,3,1,Magiperro,1,1,Magiehund,1,1,Chien Magique,1,1,,0,0,pt,pt,missing_name|missing_printing
cb28ae52-42ab-4a05-9e6e-79fe70c8210e,0,monster,7875,29947751,1,Morphtronic Magnen,3,1,Magnen Morfotrónico,1,1,Morphtronischer Magnet,1,1,Magnéton Morphtronique,1,1,,0,0,pt,pt,missing_name|missing_printing
4113fa35-3741-41c4-9dfc-26ec883b110e,0,monster,8298,45593005,1,Morphtronic Magnen Bar,3,1,Magnen Morfotrónico en Barra,1,1,Morphtronischer Stabmagnet,1,1,Aimant Morphtronique,1,1,,0,0,pt,pt,missing_name|missing_printing
29f175f8-59ed-43ac-a08c-9412ef9cd086,0,monster,9115,21113684,1,Supreme Arcanite Magician,3,1,Mago Arcanista Supremo,2,1,Oberster Arkanitmagier,2,1,Magicien Arcanite Suprême,2,1,,0,0,pt,pt,missing_name|missing_printing
d33f7522-c68b-4c8a-9714-0df3ac102d7d,0,monster,9057,24103628,1,Phantom Magician,3,1,Mago Fantasma,1,1,Phantommagier,1,1,Magicien Fantôme,1,1,,0,0,pt,pt,missing_name|missing_printing
192c2da9-7a09-4971-9374-5d9b433b359c,0,monster,10322,,1,Legendary Magician of Dark,3,2,Mago Legendario de Oscuridad,1,1,Legendärer Magier des Dunklen,1,1,Magicien Légendaire Sombre,1,1,Lendário Mago de Negro,1,1,,,missing_passcode
6ab5d982-4fa3-434b-b8a7-89c5416c8bfd,0,monster,6500,06337436,1,Rapid-Fire Magician,7,3,Mago de Fuego Rápido,2,1,Schnellfeuer-Magier,4,2,Magicien à Rafales,3,2,,0,0,pt,pt,missing_name|missing_printing
74f2a57f-f8f3-4758-afb2-2cdd44f2b9da,0,monster,6815,58132856,1,Toy Magician,4,2,Mago de Juguete,1,1,Spielzeugmagier,2,2,Magicien Jouet,1,1,,0,0,pt,pt,missing_name|missing_printing
ff213f4a-ff4c-4ee9-9e7d-c7df0d45b7b6,0,monster,7690,62154416,1,Frequency Magician,3,1,Mago de la Frecuencia,1,1,Frequenzmagier,1,1,Magicien des Fréquences,1,1,,0,0,pt,pt,missing_name|missing_printing
47bbef4a-4fe4-430b-ab3a-e59f90b310f0,0,monster,8085,63101919,1,Tempest Magician,4,2,Mago de la Tempestad,2,2,Gewittermagierin,2,2,Sorcière de la Calamité,2,2,,0,0,pt,pt,missing_name|missing_printing
aea815da-b257-57d5-9495-e16ca0e2b29e,0,,22976,,0,Magician of Dark Chaos - Black Chaos,3,1,Mago del Caos Oscuro - Caos Negro,3,1,Magier des dunklen Chaos - Schwarzes Chaos,3,1,Magicien du Chaos des Ténèbres - Chaos Sombre,3,1,Mago do Caos Negro - Caos das Trevas,3,1,,,missing_passcode|missing_art
0be6856f-51f2-4272-98f8-661b5b84df90,0,monster,5373,40695128,1,Maharaghi,6,4,Maharaghi,1,1,Maharaghi,2,2,Maharaghi,2,2,,0,0,pt,pt,missing_name|missing_printing
ddc7ad2e-3788-4184-a95d-79ad1ebee948,0,monster,4637,79629370,1,Maiden of the Moonlight,1,1,Maiden of the Moonlight,0,0,Maiden of the Moonlight | Mondlicht-Jungfrau,0,0,Maiden of the Moonlight | Vierge de la Lumière de Lune,0,0,,0,0,pt,es|de|fr|pt,missing_name|missing_printing
cf7b9e32-714d-48de-b19a-3753fe0caaec,0,token,,74983882,1,Maize Token,0,0,Maize Token,0,0,Maize Token,0,0,Maize Token,0,0,,0,0,pt,en|es|de|fr|pt,missing_name|missing_printing
04b14b1b-b9ac-4794-bc5d-aca55878810d,0,monster,9327,67211766,1,Majioshaleon,3,1,Majioshaleón,1,1,Majioshaleon,1,1,Majioshaleon,1,1,,0,0,pt,pt,missing_name|missing_printing
44f0b396-93be-46c5-968a-9780cef21d4d,0,skill,,,1,Major in Paleontology,1,1,,0,0,,0,0,,0,0,,0,0,es|de|fr|pt,es|de|fr|pt,missing_passcode|missing_name|missing_printing
80eab4a9-0892-4916-b782-2f543e7b6f0c,0,trap,6626,06137095,1,Malfunction,7,3,Mal Funcionamiento | Mal funcionamiento,3,2,Fehlfunktion,3,2,Dysfonction,3,2,,0,0,pt,pt,missing_name|missing_printing
c434eb32-d31c-4a4b-ace2-904c2c4c33fb,0,trap,7132,69724380,1,Terrible Deal,3,1,Mal Trato,1,1,Schlechter Handel,1,1,Échange Terrible,1,1,,0,0,pt,pt,missing_name|missing_printing
18d9990a-ee28-4925-8d5c-6bd8dab65475,0,trap,4694,40633297,1,Bad Reaction to Simochi,4,3,Mala Reacción de Simochi,1,1,Simochi-Allergie,1,1,Effets Secondaires,1,1,,0,0,pt,pt,missing_name|missing_printing
e9a94ad2-facf-4db7-b430-46e89888f219,0,trap,5441,02926176,1,Curse of Royal,4,3,Maldición Real,2,2,Fluch der Königsfamilie,2,2,Malédiction du Roi,2,2,Maldição Real,0,0,,pt,missing_printing
6dfef0f0-b338-46b1-83e2-00e2c67bcda9,0,skill,,,1,Malevolence of the Millennium Ring,1,1,,0,0,,0,0,,0,0,,0,0,es|de|fr|pt,es|de|fr|pt,missing_passcode|missing_name|missing_printing
9dd76cd5-eef9-414e-ae27-c1618a064f9d,0,monster,6608,14255590,1,Malice Ascendant,4,2,Malicia en Alza,1,1,Bösartiger Anwärter,1,1,Ascendant Malveillant,1,1,,0,0,pt,pt,missing_name|missing_printing
5911c3e7-414c-4a35-8cf5-b8c19152c689,0,monster,9044,00598988,1,Malefic Rainbow Dragon,2,1,Malicioso Dragón Arco Iris,1,1,Niederträchtiger Regenbogendrache,1,1,Dragon Arc-en-Ciel Corrompu,1,1,,0,0,pt,pt,missing_name|missing_printing
a5ab3295-8102-491f-9c48-d7ff35871650,0,monster,8867,08310162,1,Malefic Paradox Dragon,2,1,Malicioso Dragón de la Paradoja,1,1,Niederträchtiger Paradoxdrache,1,1,Dragon Paradoxe Corrompu,1,1,,0,0,pt,pt,missing_name|missing_printing
b1ede1d7-5479-4e6f-a5be-dba456210238,0,skill,,,1,Malicious Motivation,1,1,,0,0,Hinterhältige Motive,1,1,Motivation Malveillante,1,1,,0,0,es|pt,es|pt,missing_passcode|missing_name|missing_printing
dbf7a067-733d-442b-afde-e39f6b94f7d4,0,trap,20590,20726052,1,Maliss <C> GWC-06,5,3,Maliss <C> GWC-06,3,2,Maliss <C> GWC-06,3,2,Maliss <C> GWC-06,3,2,Maliss <C> GWC-06,3,2,,,shared_passcode
a425a140-2c9c-4fc0-9605-5fdb32e66ba8,0,monster,21160,20938824,2,Maliss <P> March Hare,2,0,Maliss <P> Liebre de Marzo,2,1,Maliss <P> Märzhase,2,1,Maliss <P> Lièvre de Mars,2,1,Maliss <P> Lebre de Março,2,1,,,shared_passcode
8900bac3-3ccb-4f33-a31f-71c51ef13eb6,0,trap,20590,20726052,1,Maliss C GWC-06,0,0,,0,0,,0,0,,0,0,,0,0,es|de|fr|pt,en|es|de|fr|pt,missing_name|missing_printing|shared_passcode
0e358b73-dff0-4181-8d24-d2261a04ed1e,0,monster,21160,20938824,1,Maliss P March Hare,0,0,,0,0,,0,0,,0,0,,0,0,es|de|fr|pt,en|es|de|fr|pt,missing_name|missing_printing|shared_passcode
5516995d-307e-4ec7-b6e1-22d92273d3b8,0,token,,42671152,1,Malus Token,0,0,Malus Token,0,0,Malus Token,0,0,Malus Token,0,0,,0,0,pt,en|es|de|fr|pt,missing_name|missing_printing
ee413b91-1fd9-5481-951e-814d6a5f2f04,0,,22929,,0,Rustin Mammoth,1,1,Mamut Oxidado,1,1,Rostendes Mammut,1,1,Mammouth Rouilletainrable,1,1,Mamute Ferrugem,1,1,,,missing_passcode|missing_art
5d3c1a87-7205-4319-98cd-18125ba36057,0,monster,7846,43642620,1,Zombie Mammoth,3,1,Mamut Zombi,1,1,Zombiemammut,1,1,Mammouth Zombie,1,1,,0,0,pt,pt,missing_name|missing_printing
4b7237d5-cc3e-45a7-b9aa-cf7bc2544e56,0,trap,6813,86742443,1,Royal Writ of Taxation,3,1,Mandamiento Real de Impuestos,1,1,Königlicher Steuererlass,1,1,Ordre Royal de Taxation,1,1,,0,0,pt,pt,missing_name|missing_printing
7863301d-3d39-4311-8b52-db11c7a80da1,0,monster,5326,63018132,1,Dragon Manipulator,4,3,Manipulador de Dragones,1,1,Drachenmanipulator,1,1,Dresseur de Dragon,1,1,,0,0,pt,pt,missing_name|missing_printing
4b5cdbf6-d711-47f3-a2c1-f7f705329013,0,trap,8847,40555959,1,Phantom Hand,3,1,Mano Fantasma,1,1,Phantomhand,1,1,Main Fantôme,1,1,,0,0,pt,pt,missing_name|missing_printing
2ba9f228-55de-45b8-a5fa-071180b3a225,0,monster,8174,19642889,1,Koa'ki Meiru Powerhand,3,1,Mano Poderosa Koa'ki Meiru,1,1,Krafthand von Koa'ki Meiru,1,1,Robot Vrille Koa'ki Meiru,1,1,,0,0,pt,pt,missing_name|missing_printing
5bdfb4e4-f45a-45ff-bc35-be91d83e29b0,0,monster,4143,62793020,1,Mystery Hand,0,0,Mano de novela de misterio,0,0,Magische Hand | Mystery Hand,0,0,Main Mystèrieuse | Mystery Hand,0,0,,0,0,pt,en|es|de|fr|pt,missing_name|missing_printing
bbe01d78-6faf-4aa7-84a9-479cd72c0e20,0,monster,4141,52800428,1,Fiend's Hand,0,0,Mano del Demonio,0,0,Des Bösen Hand,0,0,Main de démon,0,0,,0,0,pt,en|es|de|fr|pt,missing_name|missing_printing
068b4fd3-8a47-4d23-bd0f-dff37392be64,0,monster,9580,46384403,1,Nimble Manta,3,1,Manta Ágil,2,1,Flinker Manta,1,1,Manta Agile,1,1,,0,0,pt,pt,missing_name|missing_printing
cf359c1a-e0d7-4176-a81a-abd3d3ccbaef,0,monster,7199,95166228,1,Grasschopper,3,1,Mantis Armado,1,1,Grasschneider,1,1,Sauterelle Faucheuse,1,1,,0,0,pt,pt,missing_name|missing_printing
c87cc6fb-1166-48de-adc2-57f60f6ada0c,0,monster,9174,85505315,1,Steelswarm Mantis,5,2,Mantis Horda de Acero,1,1,Stahlschar-Gottesanbeterin,1,1,Mante Colonie de Chrome,1,1,,0,0,pt,pt,missing_name|missing_printing
a4153925-460e-47d8-9786-171ad9003e8a,0,spell,8045,56074358,1,Morphtronic Map,3,1,Mapa Morfotrónico,1,1,Morphtronische Karte,1,1,Plan Morphtronique,1,1,,0,0,pt,pt,missing_name|missing_printing
425c1501-956f-4f99-84cc-ee821a758c54,0,trap,6583,54762426,1,Treasure Map,2,1,Mapa del Tesoro,1,1,Schatzkarte,1,1,Carte au Trésor,1,1,,0,0,pt,pt,missing_name|missing_printing
6dd2d310-c0d6-46f9-bf32-41dd658dff24,0,monster,10037,16366944,1,Moonlit Papillon,3,1,Mariposa Lunar,2,1,Mondlichtfalter,1,1,Papillon Lumière de Lune,1,1,,0,0,pt,pt,missing_name|missing_printing
739fc4ba-bc61-425a-a1bc-4e22d534d75a,0,monster,9080,71353388,1,Reed Butterfly,1,1,Mariposa de los Juncos,1,1,Schilf-Schmetterling,1,1,Papillon Captivant,1,1,,0,0,pt,pt,missing_name|missing_printing
2c6afc6d-2864-41d2-9e66-202b1123a7f9,0,monster,6801,99532708,1,Alien Mars,3,1,Marte Alienígena,0,0,Außerirdischer Mars,1,1,Alien Mars,1,1,,0,0,pt,es|pt,missing_name|missing_printing
4f8f15d5-e851-4a98-b9fa-4d30d23b0232,0,trap,6942,84361420,1,Edge Hammer,5,2,Martillo del Filo,1,1,Kantenhammer,2,2,Tête de Marteau,2,1,,0,0,pt,pt,missing_name|missing_printing
a377ec47-1c96-4ebd-b894-4c316a54dea1,0,monster,5930,17185260,1,Inferno Hammer,2,1,Martillo del Infierno,1,1,Infernohammer,1,1,Marteau Inferno,1,1,,0,0,pt,pt,missing_name|missing_printing
5e7d3f0d-1c74-4c08-97f3-22cdf42722c3,0,monster,,,1,Martyr of the Sacred Beasts,0,0,,0,0,,0,0,,0,0,,0,0,es|de|fr|pt,en|es|de|fr|pt,missing_passcode|missing_name|missing_printing
9185cb2d-65f1-4528-bb00-8232453fb9b5,0,monster,,,1,Masahiro the Dark Clown,0,0,,0,0,,0,0,,0,0,,0,0,es|de|fr|pt,en|es|de|fr|pt,missing_passcode|missing_name|missing_printing
1e6c4c35-c278-451a-b891-aa0d29b6ead7,0,monster,4188,77581312,1,Masked Clown,0,0,Masked Clown,0,0,Masked Clown | Maskierter Clown,0,0,Clown Masqué | Masked Clown,0,0,,0,0,pt,en|es|de|fr|pt,missing_name|missing_printing
49ef708d-a9ef-421c-9240-33a407ef95f4,0,monster,19391,,1,"Masterful Magician, Servant of the Sanctuary",7,2,,0,0,,0,0,,0,0,,0,0,es|de|fr|pt,es|de|fr|pt,missing_passcode|missing_name|missing_printing
42ee20f3-1207-48f3-a63d-02def088cd2b,0,spell,9351,41858121,1,Vylon Matter,3,1,Materia Vylon,1,1,Vylon-Materie,1,1,Matière Vylon,1,1,,0,0,pt,pt,missing_name|missing_printing
f101735d-37ec-4fc4-8215-af58bb3f1a57,0,spell,8920,74657662,1,Vylon Material,5,2,Material Vylon,1,1,Vylon-Material,1,1,Matériel Vylon,1,1,,0,0,pt,pt,missing_name|missing_printing
7828d3e5-3d68-493c-9d82-b646ff6a6d5a,0,monster,,,1,Maximum Gadget the Moving Fortress (L),0,0,,0,0,,0,0,,0,0,,0,0,es|de|fr|pt,en|es|de|fr|pt,missing_passcode|missing_name|missing_printing
98810e43-03af-48ed-816a-8423e35711af,0,monster,,,1,Maximum Gadget the Moving Fortress (R),0,0,,0,0,,0,0,,0,0,,0,0,es|de|fr|pt,en|es|de|fr|pt,missing_passcode|missing_name|missing_printing
4483918a-448e-4b6b-bfe0-4aa5a512c53b,0,trap,15592,51849216,1,Dragunity Oubliette,0,0,Mazmorra Dracounidad,0,0,Kerker der Dracheneinheit,0,0,Oubliette Dragunité,0,0,Masmorra da Dragunidade,0,0,,en|es|de|fr|pt,missing_printing
82654b75-49fb-478b-b258-32c3873bd36f,0,spell,6541,85852291,1,Magical Mallet,15,7,Mazo Mágico,7,4,Magischer Hammer,9,6,Maillet Magique,9,5,Martelo Mágico,0,0,,pt,missing_printing
ae901100-0733-4a09-904b-990f8dfa520d,0,monster,8857,74983881,1,Sweet Corn,3,1,Maíz Dulce,2,1,Süßer Mais,1,1,Maïs Doux,1,1,,0,0,pt,pt,missing_name|missing_printing
b6f199fb-c7cc-4319-9d82-22f5d7f72fd6,0,trap,7011,72150572,1,Anti-Fusion Device,3,1,Mecanismo Anti-Fusión,1,1,Antifusionsgerät,1,1,Dispositif d'Anti Fusion,1,1,Dispositivo Anti-Fusão,0,0,,pt,missing_printing
5919ae0e-8261-45c8-9903-9d39729ec1d4,0,skill,,,1,Middle Age Mechs (Skill Card),1,1,Mecanismos Medievales,1,1,Mittelalter-Mechs,1,1,Méca du Moyen Âge,1,1,,1,1,pt,,missing_passcode|missing_name
36ce0de4-58b1-4011-96fe-ca46ab95c1a1,0,monster,4447,50176820,1,Mech Bass,0,0,Mech Bass,0,0,Mech Bass | Mechanischer Barsch,0,0,Mech Bass | Poisson Mécanique,0,0,,0,0,pt,en|es|de|fr|pt,missing_name|missing_printing
845630ef-9065-47c5-932d-82a5fb41b9fa,0,monster,7724,10110717,1,Mecha Bunny,3,1,Mecha Conejo,1,1,Mecha-Häschen,1,1,Lapin Mécanique,1,1,,0,0,pt,pt,missing_name|missing_printing
0581a4f9-5541-48e7-ac5f-d41ad983edf9,0,monster,10255,40160226,1,Mecha Sea Dragon Plesion,3,1,Mecha Dragón Marino Plesion,1,1,Mecha-Meeresdrache Plesion,1,1,Plésion le Dragon des Mers Mécanique,1,1,,0,0,pt,pt,missing_name|missing_printing
0782e737-1315-4ee1-a36a-a6cbc2f3ad05,0,monster,6687,32918479,1,Majestic Mech - Senku,5,3,Mecha Majestuoso - Senku,2,2,Majestätischer Mech - Senku,2,2,Senku - Méca Majestueux,2,2,,0,0,pt,pt,missing_name|missing_printing
b24b225d-2c63-44df-afb6-40aa4124d0a9,0,monster,4542,94412545,1,Mechaleon,0,0,Mechaleon,0,0,Mechaleon,0,0,Mechaleon,0,0,,0,0,pt,en|es|de|fr|pt,missing_name|missing_printing
df11bea3-0832-4975-9dc3-17fcf132f292,0,trap,7006,10489311,1,Hero Medal,7,2,Medalla de Héroe,3,2,Heldenorden,3,2,Médaille du Héros,4,2,,0,0,pt,pt,missing_name|missing_printing
aefa41bc-3776-46c9-87c5-41f5a92529ac,0,spell,4840,20871001,1,Blue Medicine,2,2,Medicina Azul,1,1,Blaue Medizin,1,1,Médicament Bleu,1,1,,0,0,pt,pt,missing_name|missing_printing
7a53392c-c9e8-4f6f-b3e1-17d11ae43927,0,monster,8456,89810518,1,Reptilianne Medusa,3,1,Medusa Reptílica,2,1,Reptilianische Medusa,1,1,Méduse Reptilia,1,1,,0,0,pt,pt,missing_name|missing_printing
7aae61e4-23a6-4a23-918c-f421e557c8d3,0,monster,7334,81434470,1,Thousand-Eyes Jellyfish,3,1,Medusa de Mil Ojos,1,1,Tausendäugige Qualle,1,1,Méduse aux Mille Yeux,1,1,,0,0,pt,pt,missing_name|missing_printing
4c27f7ef-cfcf-4d5d-95b4-b8a82ef15857,0,monster,4277,23032273,1,Megirus Light,0,0,Megirus Light,0,0,Megirus Light,0,0,Megirus Light,0,0,,0,0,pt,en|es|de|fr|pt,missing_name|missing_printing
7f4f2e82-b642-4002-9c45-08b382cc85a9,0,monster,7116,47731128,1,"Mei-Kou, Master of Barriers",5,3,"Mei-Kou, Amo de Barreras",2,2,"Mei-Kou, Meister der Barrieren",3,3,"Mei-Kou, Maître des Barrières",3,3,"Mei-Kou, Mestre das Barreiras",0,0,,pt,missing_printing
fc6e5fdc-60a6-4770-957f-3cb8a8ef965c,0,trap,8511,18096222,1,Gemini Booster,3,1,Mejorador Géminis | Mejorador Gémminis,1,1,Zwillingsbooster,1,1,Générateur Gémeau,1,1,,0,0,pt,pt,missing_name|missing_printing
7e07a838-3a4f-4282-bbf2-a5c23d2f39a1,0,spell,9130,57201737,1,Leodrake's Mane,2,1,Melena del Flordragón,1,1,Mähne des Löwendrachlings,1,1,Crinière de Dragolion,1,1,,0,0,pt,pt,missing_name|missing_printing
9e6fa8c7-6679-45d8-8f11-9cb3a4f49af2,0,monster,9097,30230789,1,"Karakuri Merchant mdl 177 ""Inashichi""",1,1,"Mercader Karakuri mod 177 - ""Inashichi""",1,1,Karakuri-Händler Nr. 177 „Inashichi“,1,1,"Karakuri 177 ""Inashichi"" le Marchand",1,1,"Mercador Karakuri mdl 177 ""Inashichi""",0,0,,pt,missing_printing
56546597-d991-4262-b995-f628fa407454,0,monster,7565,49808196,1,Metabo Globster,3,1,Metabo Globster,1,1,Metabo Globster,1,1,Métabo Blob,1,1,,0,0,pt,pt,missing_name|missing_printing
7eb98362-4bf6-4caf-9992-255a12c76bf9,0,token,,49808197,1,Metabo Token,0,0,Metabo Token,0,0,Metabo Token,0,0,Metabo Token,0,0,,0,0,pt,en|es|de|fr|pt,missing_name|missing_printing
b832594e-a68e-4f06-8f42-588b0c522216,0,token,,24874631,1,Metal Fiend Token,0,0,Metal Fiend Token,0,0,Metal Fiend Token,0,0,Metal Fiend Token,0,0,,0,0,pt,en|es|de|fr|pt,missing_name|missing_printing
11096921-9955-4672-8be2-00402583bac8,0,monster,5929,,1,Meteo the Matchless,2,1,Meteo el Inigualable,0,0,Meto der Unübertroffene,0,0,Meteo l'Invincible,0,0,,0,0,pt,es|de|fr|pt,missing_passcode|missing_name|missing_printing
37b37170-e0d8-4d6a-b176-35dfa9b4da36,0,monster,20656,,1,Meteor Swarm Entry Dragon,0,0,,0,0,,0,0,,0,0,,0,0,es|de|fr|pt,en|es|de|fr|pt,missing_passcode|missing_name|missing_printing
3d247f1e-afc1-4a29-977f-c93a510c29bf,0,trap,9551,90075978,1,W Nebula Meteorite,3,1,Meteorito de la Nébula W,1,1,W-Nebel-Meteorit,1,1,Météorite de la Nébuleuse W,1,1,,0,0,pt,pt,missing_name|missing_printing
2f89c1f6-fbb9-4063-88bf-562bce99859f,0,trap,8678,56856951,1,Meteor Flare,3,1,Meteoro Bengala,1,1,Feuermeteor,1,1,Éruption Solaire,1,1,,0,0,pt,pt,missing_name|missing_printing
82a88010-103e-4e8a-9a5c-6546efd7bdda,0,monster,10151,12980373,1,Madolche Mewfeuille,3,1,Mewfeuille Magidulce,1,1,Magidolce Miauwaffel,1,1,Miaoufeuille Magidolce,1,1,,0,0,pt,pt,missing_name|missing_printing
ce98c1e9-a980-5ec4-911f-31574d3ac3e4,0,,23014,,0,Mind Shuffle,1,1,Mezcla Mental,1,1,Gedankenvermischung,1,1,Mélange d'Esprit,1,1,Embaralhamento Mental,1,1,,,missing_passcode|missing_art
d4ae6255-0683-451e-b7eb-30dd417922ad,0,trap,8068,14613029,1,Morphtronic Mix-up,3,1,Mezcla Morfotrónica,1,1,Morphtronisches Durcheinander,1,1,Confusion Morphtronique,1,1,,0,0,pt,pt,missing_name|missing_printing
6227ede0-70e2-481c-b62f-1cc2ad7c2632,0,monster,8168,10591919,1,Morphtronic Scopen,3,1,Microscopen Morfotrónico | Scopen Morfotrónico,1,1,Morphtronisches Mikroskop,1,1,Microscope Morphtronique,1,1,,0,0,pt,pt,missing_name|missing_printing
564e1ac2-9375-4db7-8b0e-6ca48ea7f99c,0,monster,4228,83678433,1,Midnight Fiend,0,0,Midnight Fiend,0,0,Midnight Fiend | Mitternachts Unterweltler,0,0,Démon de Minuit | Midnight Fiend,0,0,,0,0,pt,en|es|de|fr|pt,missing_name|missing_printing
8816e314-8e9d-55ae-868c-9866ba30777d,0,,22962,,0,Grain Blitzclique,1,1,Migra Blitzclique,1,1,Korn Blitzclique,1,1,Grain Blitzclique,1,1,Grão Blitzclique,1,1,,,missing_passcode|missing_art
391baa03-9756-4a13-a024-29c045259354,0,monster,9655,33225925,1,Milla the Temporal Magician,7,2,Milla la Maga Temporal,3,2,"Milla, die Zeitzauberin",3,2,Milla la Magicienne Temporelle,3,2,,0,0,pt,pt,missing_name|missing_printing
a4ee854c-bd71-4788-aa1d-4da78174194b,0,trap,8842,88928798,1,Guard Mines,4,2,Minas Guardianas,2,2,Wachminen,2,2,Défense Anti-Mines,2,2,,0,0,pt,pt,missing_name|missing_printing
798f5056-bda6-4937-9fc3-343caa9c3ac7,0,trap,,,2,Mind Shuffle,0,0,,0,0,,0,0,,0,0,,0,0,es|de|fr|pt,en|es|de|fr|pt,missing_passcode|missing_name|missing_printing
9b7ffc3e-2d08-4e64-9682-790f879ebe3e,0,token,,54537490,1,Mini Mare Mare Token,0,0,Mini Mare Mare Token,0,0,Mini Mare Mare Token,0,0,Mini Mare Mare Token,0,0,,0,0,pt,en|es|de|fr|pt,missing_name|missing_printing
6c314e99-5b8d-437b-9ebc-a96cac839d20,0,monster,4462,46864967,1,Minomushi Warrior,0,0,Minomushi Warrior,0,0,Minomushi Krieger | Minomushi Warrior,0,0,Guerrier de Minomushi | Minomushi Warrior,0,0,,0,0,pt,en|es|de|fr|pt,missing_name|missing_printing
5bf45415-6fc7-4a3e-88bd-e2e241b5cf25,0,skill,,,1,Looking into the Future,1,1,Mirando al Futuro,1,1,Blick in die Zukunft,1,1,Regard Tourné vers le Futur,1,1,,1,1,pt,,missing_passcode|missing_name
60cda61b-be7b-4d40-8d56-337dfdefd8b5,0,spell,7218,16437822,1,Flint Missile,3,1,Misil de Flint,1,1,Flint-Rakete,1,1,Missile Flint,1,1,,0,0,pt,pt,missing_name|missing_printing
0f8a72b5-fac7-5e74-877f-269dc0fae018,0,,23300,,0,Mixousia the Confounder,1,1,Mixousia la Confundidora,1,1,Mixousia die Verwirrende,1,1,Mixousia la Déconcerteuse,1,1,"Mixousia, a Que Confunde",1,1,,,missing_passcode|missing_art
2ec0f0bd-db15-4431-8a0b-97312ef220aa,0,monster,10144,87430304,1,Chronomaly Moai,3,1,Moai Cronómalo,1,1,Chronomaler Moai,1,1,Moai Chronomal,1,1,,0,0,pt,pt,missing_name|missing_printing
4c1cd33f-fd3b-440e-aadd-b4f8421fa9a4,0,spell,6468,61850482,1,Level Modulation,6,3,Modulación de Nivel,2,2,Levelmodulation,2,2,Modulation de Niveau,2,2,,0,0,pt,pt,missing_name|missing_printing
228d0dea-090b-440d-b5dd-2e23d3d47533,0,monster,8375,94878265,1,Moja,4,1,Moja,2,1,Moja,2,1,Doudou,2,1,,0,0,pt,pt,missing_name|missing_printing
80242c79-49a7-4f68-86b6-9c10d576d64a,0,skill,,,1,Mokey Mokey Madness,1,1,,0,0,,0,0,,0,0,,0,0,es|de|fr|pt,es|de|fr|pt,missing_passcode|missing_name|missing_printing
1dcf4e9f-5c52-4756-a461-d8c50b477cc3,0,monster,8899,89893715,1,Laval Miller,5,2,Molinero Laval,1,1,Laval-Müller,1,1,Meunier Laval,1,1,,0,0,pt,pt,missing_name|missing_printing
4d0e9e61-f1d3-4df3-8a4d-14e0913d2cfa,0,monster,5029,17192817,1,Molten Behemoth,2,1,Molten Behemoth,0,0,Geschmolzener Behemoth | Molten Behemoth,0,0,Béhémoth en Fusion | Molten Behemoth,0,0,,0,0,pt,es|de|fr|pt,missing_name|missing_printing
f116f252-8d7b-4dbb-baa7-28540cc5cfb5,0,monster,9593,19959742,1,Gishki Mollusk,4,2,Molusco Gishki,1,1,Gishki-Molluske,1,1,Mollusque Gishki,1,1,,0,0,pt,pt,missing_name|missing_printing
dac71734-0652-4f5d-98cb-1d6e6c45ad73,0,monster,5416,42994702,1,Wandering Mummy,3,2,Momia Errante,1,1,Wandernde Mumie,1,1,Momie Errante,1,1,,0,0,pt,pt,missing_name|missing_printing
1ba2f0b5-5f5e-49d7-b8ca-5c87251f7ad0,0,monster,5413,43716289,1,Poison Mummy,6,3,Momia Venenosa,2,2,Giftige Mumie,2,2,Momie Venimeuse,2,2,,0,0,pt,pt,missing_name|missing_printing
f91f7721-7497-45b1-974b-81e7298089d2,0,monster,5420,78266168,1,Giant Axe Mummy,3,2,Momia del Hacha Gigante,1,1,Riesige Axt-Mumie,1,1,Momie à la Hache Géante,1,1,,0,0,pt,pt,missing_name|missing_printing
327a3d5c-96aa-434e-a944-0eaa8d5b0e7e,0,monster,4593,07225792,1,Mon Larvas,0,0,Mon Larvas,0,0,Mon Larvas,0,0,Larves de Mon | Mon Larvas,0,0,,0,0,pt,en|es|de|fr|pt,missing_name|missing_printing
3c6e0ffc-c7cd-40f1-8d42-e24b4d7fa168,0,trap,7927,28284902,1,Morphtronic Monitron,3,1,Monitrón Morfotrónico,1,1,Morphtronischer Überwacher,1,1,Monitron Morphtronique,1,1,,0,0,pt,pt,missing_name|missing_printing
59b8e7ab-8ada-469b-a63f-917430fa5112,0,monster,8329,50781944,1,Ancient Crimson Ape,3,1,Mono Carmesí Antiguo,1,1,Antiker roter Affe,1,1,Ancien Primate Écarlate,1,1,,0,0,pt,pt,missing_name|missing_printing
88448cf7-f312-4329-b94f-7273869b7c53,0,monster,8941,58807980,1,Monoceros,3,1,Monoceronte,1,1,Monozeros,1,1,Monocéros,2,1,,0,0,pt,pt,missing_name|missing_printing
ec1b61d6-c20f-474d-b899-d6855af6a641,0,trap,7324,57006589,1,Energy-Absorbing Monolith,4,1,Monolito Absorbedor de Energía,2,1,Energieabsorbierender Monolith,3,1,Monolithe Absorbant d'Énergie,2,1,,0,0,pt,pt,missing_name|missing_printing
eb371f54-da8c-4d2e-8ff7-a8411002647f,0,monster,4408,84133008,1,Monster Eye,3,2,Monster Eye | Monstruo ojo,0,0,Monster Eye | Monsterauge,0,0,Œil de monstre,0,0,,0,0,pt,es|de|fr|pt,missing_name|missing_printing
62f2e1af-6cd3-4709-a7f3-896c92435e91,0,monster,4183,15820147,1,Monsturtle,0,0,Monsturtle,0,0,Monsterschildkröte | Monsturtle,0,0,Monsturtle | Tortue-Monstre,0,0,,0,0,pt,en|es|de|fr|pt,missing_name|missing_printing
d73c1b6d-533e-4b37-86fc-3c2e57557a30,0,monster,4296,45909477,1,Moon Envoy,2,1,Moon Envoy,0,0,Mondenkrieger | Moon Envoy,0,0,Envoyé de la Lune,1,1,,0,0,pt,es|de|pt,missing_name|missing_printing
8512bae5-00d2-4297-a589-3e80dfa773e2,0,token,,97452818,1,Moon Token,0,0,Moon Token,0,0,Moon Token,0,0,Moon Token,0,0,,0,0,pt,en|es|de|fr|pt,missing_name|missing_printing
5794fa65-dd5b-50eb-981a-3072ed9a05d5,0,,23414,,0,Moonlight at Dawn,1,1,,0,0,,0,0,,0,0,,0,0,es|de|fr|pt,es|de|fr|pt,missing_passcode|missing_name|missing_printing|missing_art
f7c45f21-5fe5-44b4-9490-bc7dcbcd7d60,0,spell,4344,58074572,1,Mooyan Curry,3,2,Mooyan Curry,0,0,Mooyan Curry,0,0,Mooyan Curry,0,0,,0,0,pt,es|de|fr|pt,missing_name|missing_printing
26698df9-6fa4-4621-bcdc-bffa4a2ce4e6,0,monster,9842,69846323,1,Piercing Moray,6,2,Morena Penetrante,2,1,Hornmuräne,3,2,Morue Perçante,3,2,Moreia Perfurante,0,0,,pt,missing_printing
8536bd2b-ab5e-48ad-afcf-59d08ab45fc5,0,monster,7337,71717923,1,Mormolith,4,2,Mormolith,2,2,Mormolith,2,2,Mormolithe,2,2,,0,0,pt,pt,missing_name|missing_printing
24557a19-0192-4f40-b02c-e9b0b8e5c048,0,monster,10035,43573231,1,Morpho Butterspy,3,1,Morpho Maripospía,1,1,Himmelsfalter-Spionling,1,1,Espillon Morpho,1,1,,0,0,pt,pt,missing_name|missing_printing
ef79f9ff-dac0-5c33-9d90-1917064f71a6,0,,23304,,0,Mortilux Heruvur,1,1,Mortilux Heruvur,1,1,Mortilux Heruvur,1,1,Mortilux Heruvur,1,1,Mortilux Heruvur,1,1,,,missing_passcode|missing_art
d4bf01aa-d7de-4d13-a21b-669ef9da65d5,0,monster,7439,50074522,1,Magnetic Mosquito,4,2,Mosquito Magnético,1,1,Magnetischer Moskito,2,2,Moustique Magnétique,2,2,Mosquito Magnético,0,0,,pt,missing_printing
e17050c3-cc11-440a-b1f0-b688c3b0d089,0,monster,8958,17285476,1,Naturia Mosquito,3,1,Mosquito Naturia,1,1,Naturia-Moskito,1,1,Moustique Naturia,2,1,,0,0,pt,pt,missing_name|missing_printing
3e93c2a1-d3eb-498d-bb39-00fe9f314e71,0,monster,7731,45620686,1,Noisy Gnat,7,2,Mosquito Ruidoso,3,2,Lauter Moskito,3,2,Cigale DJ,3,2,,0,0,pt,pt,missing_name|missing_printing
0b4ea8fb-af4c-4f83-8074-33085e55b748,0,monster,9721,31173519,1,Rai Rider,3,1,Motociclista Rai,1,1,Rai-Pilot,1,1,Motard Rai,1,1,,0,0,pt,pt,missing_name|missing_printing
279473d8-947f-4cab-8344-a4d4cc22db4c,0,spell,7908,07817703,1,Morphtronic Engine,3,1,Motor Morfotrónico,1,1,Morphtronisches Triebwerk,1,1,Unité d'Énergie Morphtronique,1,1,,0,0,pt,pt,missing_name|missing_printing
a4056883-cb09-4b58-b28c-e9b512f40a4f,0,spell,8044,20686759,1,Morphtronic Rusty Engine,3,1,Motor Oxidado Morfotrónico,1,1,Morphtronische Rostmaschine,1,1,Moteur Rouillé Morphtronique,1,1,,0,0,pt,pt,missing_name|missing_printing
47a755b7-0f54-40f4-bd07-1b20fb013278,0,monster,4035,04931562,1,Mountain Warrior,0,0,Mountain Warrior,0,0,Mountain Warrior,0,0,Mountain Warrior,0,0,,0,0,pt,en|es|de|fr|pt,missing_name|missing_printing
ef0b5a97-c89e-4d19-ada1-42edc8c6956f,0,monster,5042,70307656,1,Mucus Yolk,3,2,Mucus Yolk,1,1,Rotschleim,1,1,Vitelline,1,1,,0,0,pt,pt,missing_name|missing_printing
4b475641-cfc5-4ff0-aab0-dd5c882fb28d,0,monster,8321,98147766,1,Genetic Woman,3,1,Mujer Genética,1,1,Genmanipulierte Frau,1,1,Guerrière Génétique,1,1,,0,0,pt,pt,missing_name|missing_printing
036337c3-f105-4486-bc81-0e877c74e894,0,trap,7479,92595643,1,Fine,3,1,Multa,1,1,Strafe,1,1,Amende,1,1,,0,0,pt,pt,missing_name|missing_printing
178dfaf7-364c-4dea-8bcb-3dcc4d519e1d,0,token,,35514097,1,Multi Token,0,0,Multi Token,0,0,Multi Token,0,0,Multi Token,0,0,,0,0,pt,en|es|de|fr|pt,missing_name|missing_printing
ebb30098-8ce5-4495-b561-f5f04aa15256,0,skill,,,1,HERO World,1,1,Mundo HÉROE,1,1,HELDEN-Welt,1,1,Monde HÉROS,1,1,,1,1,pt,,missing_passcode|missing_name
e5a56a06-d937-42b3-92bf-bd85391ba4e2,0,monster,9743,42328171,1,Wind-Up Bat,3,1,Murciélago de Cuerda,1,1,Aufzieh-Fledermaus,1,1,Chauve-Souris Automate | Chauve-souris Automate,1,1,,0,0,pt,pt,missing_name|missing_printing
b305ebed-3384-4fc6-8bd2-53fecce6dae9,0,monster,4598,69992868,1,Muse-A,0,0,Musa - A,0,0,A-Muse | Muse-A,0,0,Muse-A,0,0,,0,0,pt,en|es|de|fr|pt,missing_name|missing_printing
df942ae4-9e4c-46aa-bbf5-01646d7fa1f5,0,monster,7662,57844634,1,Nimble Musasabi,3,1,Musasabi Ágil,1,1,Flinker Musasabi,1,1,Musasabi Agile,1,1,,0,0,pt,pt,missing_name|missing_printing
db2e61a4-e29c-478b-87e1-6d34649f1231,0,monster,7441,13857930,1,Neo-Spacian Twinkle Moss,3,1,Musgo Centelleante Neo Espacial,1,1,Neo-Weltraum Twinkle Moss,1,1,Limon Scintillant Néo-Spacien,1,1,,0,0,pt,pt,missing_name|missing_printing
3667c087-fd39-4065-9a89-97321f748341,0,monster,7157,29246354,1,Chrysalis Pinny,3,1,Musgo Crisálida,1,1,Verpuppter Pinny,1,1,Chiot Chrysalide,1,1,,0,0,pt,pt,missing_name|missing_printing
acb59976-51a5-45a9-966f-0a84b7480715,0,spell,8983,74717840,1,Landoise's Luminous Moss,3,1,Musgo Refulgente de Tierratuga,1,1,Landoises Leuchtmoos,1,1,Mousse Lumineuse Landoise,2,1,,0,0,pt,pt,missing_name|missing_printing
7010783f-69f5-421f-adde-9a14dea85863,0,monster,4014,14181608,1,Mushroom Man,2,1,Mushroom Man,0,0,Pilzmann,1,1,Champihomme,1,1,,0,0,pt,es|pt,missing_name|missing_printing
217ca5e6-31a9-4e70-a0c3-8a9f4e5898ae,0,monster,9452,24150026,1,"Karakuri Muso mdl 818 ""Haipa""",5,1,"Muso Karakuri Mod 818 - ""Haipa"" | Muso Karakuri mod. 818 - ""Haipa""",2,1,Karakuri-Muso Nr. 818 „Haipa“,2,1,"Karakuri 818 ""Haipa"" le Muso",2,1,,0,0,pt,pt,missing_name|missing_printing
c6e0deb7-9a5e-4fe2-bb42-7d095156e6c4,0,monster,9596,09837195,1,"Musto, Oracle of Gusto",4,2,"Musto, Oráculo de Gusto",1,1,"Musto, Orakel von Gusto",1,1,"Musto, Oracle de Gusto",1,1,,0,0,pt,pt,missing_name|missing_printing
e888393b-34ff-435b-b4a2-88701b4543b6,0,spell,5275,07165085,1,Bait Doll,8,4,Muñeca Señuelo,2,1,Köderpuppe,3,2,Poupée d'Appât,3,2,,0,0,pt,pt,missing_name|missing_printing
24d55f8f-4cfb-4120-9d64-5c8812c0311b,0,skill,,,1,My Precious Queen!,1,1,,0,0,Meine geschätzte Königin!,1,1,Ma Précieuse Reine!,1,1,,0,0,es|pt,es|pt,missing_passcode|missing_name|missing_printing
7bc4015a-bf55-4bfb-b9f5-ce35ddbae80e,0,spell,,,2,Mystic Box of Chaos,0,0,,0,0,,0,0,,0,0,,0,0,es|de|fr|pt,en|es|de|fr|pt,missing_passcode|missing_name|missing_printing
7e031f67-75ee-4418-bf14-6ef65b3144a8,0,monster,,,2,Mystical Celtic Sage,0,0,,0,0,,0,0,,0,0,,0,0,es|de|fr|pt,en|es|de|fr|pt,missing_passcode|missing_name|missing_printing
6e9ac9f0-5f30-4d89-96a7-153300ba0ffc,0,trap,5312,14318794,1,Life Absorbing Machine,4,3,Máquina Absorbe Vidas,0,0,Lebenabsorbierende Maschine,1,1,Absorbeur de Vie,1,1,,0,0,pt,es|pt,missing_name|missing_printing
256c87f3-4462-41e4-8d1f-a20f1bf1038e,0,monster,10139,25163248,1,Chronomaly Mayan Machine,3,1,Máquina Maya Cronómala,1,1,Chronomale Maya-Maschine,1,1,Machine Maya Chronomal,1,1,,0,0,pt,pt,missing_name|missing_printing
f3f8cace-dd9d-4628-a239-6d72b94c8e54,0,spell,5390,99173029,1,Spiritual Energy Settle Machine,4,3,Máquina de Energía Espiritual,1,1,Maschine der Ruhigen Geistesenergie,1,1,Arrangeur d'Énergie Spirituelle,1,1,,0,0,pt,pt,missing_name|missing_printing
dd8e1cba-9e31-50c5-a782-e0dc2b555866,0,,22958,,0,Martyr of the Sacred Beasts,1,1,Mártir de las Bestias Sagradas,1,1,Märtyrer der heiligen Ungeheuer,1,1,Martyr des Bêtes Sacrées,1,1,Mártir das Bestas Sagradas,1,1,,,missing_passcode|missing_art
77495033-8ab7-48c2-abce-4ccb4840a003,0,spell,5104,20765952,1,Mask of Dispel,5,4,Máscara de Disipar,1,1,Maske der Furcht,2,2,Masque de Dissipation,1,1,,0,0,pt,pt,missing_name|missing_printing
047d4fb9-32c7-4cef-8fb6-e0e42b7d2b8b,0,spell,5098,22610082,1,The Mask of Remnants,3,2,Máscara del Vestigio,2,2,Maske des Überrestes,2,2,Masque de Volonté et de Jugement,2,2,,0,0,pt,pt,missing_name|missing_printing
4f97f22f-13a5-419f-b4e5-9afb039f7671,0,trap,10199,86555018,1,Stonehenge Methods,3,1,Métodos de Stonehenge,1,1,Stonehenge-Techniken,1,1,Méthodes Stonehenge,1,1,,0,0,pt,pt,missing_name|missing_printing
c5500ce8-db4a-5b98-98e1-10c5d4e1f181,0,,22952,,0,Celtic Mystic,2,1,Místico Céltico,2,1,Keltenmystiker,2,1,Sage Mystique,2,1,Místico Céltica,2,1,,,missing_passcode|missing_art
82bd6757-2777-49f9-b51a-eee8e266a8f2,0,spell,7162,81913510,1,NEX,3,1,NEX,1,1,NEX,1,1,NEX,1,1,,0,0,pt,pt,missing_name|missing_printing
413ab38a-5c92-4415-acb2-c746e560fff0,0,token,,,1,NEYMAR JR,1,1,,0,0,,0,0,,0,0,,0,0,es|de|fr|pt,es|de|fr|pt,missing_passcode|missing_name|missing_printing
a057dd7c-19b6-494f-9078-7b0372161f3f,0,monster,,,1,NEYMAR JR (Normal),0,0,,0,0,,0,0,,0,0,,0,0,es|de|fr|pt,en|es|de|fr|pt,missing_passcode|missing_name|missing_printing
23c8e245-9fd9-46cb-80b8-3f44437770c5,0,monster,8628,79491903,1,Reptilianne Naga,3,1,Naga Reptílica,1,1,Reptilianische Naga,1,1,Naga Reptilia,1,1,,0,0,pt,pt,missing_name|missing_printing
1e9df6e7-1f89-481a-9d15-29bb329d9bf7,0,spell,11306,98931003,1,Nanana,0,0,Nanana,0,0,Nanana,0,0,Nanana,0,0,,0,0,pt,en|es|de|fr|pt,missing_name|missing_printing
795f1cd6-8e20-4a1a-93ad-754c2a86ff21,0,monster,4149,61454890,1,Necrolancer the Time-lord | Necrolancer the Time-lord (Updated from: Necrolancer the Timelord),2,1,Necrolancer el Tiempo-Señor | Necrolancer el Tiempo-Señor (Actualizado de: Necrolancer el Señor del Tiempo),0,0,Necrolancer der Zeitherrscher,1,1,"Nécrolancer, le Seigneur-Temps | Nécrolancer, le Seigneur-Temps (Actualisé de : Nécrolancer, le Seigneur du Temps)",1,1,,0,0,pt,es|pt,missing_name|missing_printing
d945cf8a-733d-4c3c-94a8-f3f2fffbf742,0,token,,74440056,1,Needle Token,0,0,Needle Token,0,0,Needle Token,0,0,Needle Token,0,0,,0,0,pt,en|es|de|fr|pt,missing_name|missing_printing
d39de067-89ae-43bd-81b5-931071e4cbaf,0,spell,6945,73148972,1,Ruthless Denial,3,1,Negación Despiadada,1,1,Rücksichtslose Verweigerung,1,1,Refus Catégorique,1,1,,0,0,pt,pt,missing_name|missing_printing
6a172c8a-b63f-4f0a-94f4-7502b9d83cac,0,monster,4258,01761063,1,Nekogal #1,2,1,Nekogal #1,1,1,Nekogal #1,1,1,Nekogal N°1,1,1,,1,1,pt,,missing_name
73fbb0d7-6d6b-4365-b968-b070fcf7dde1,0,monster,4633,43352213,1,Nekogal #2,2,1,Nekogal #2,1,1,Nekogal #2,1,1,Nekogal N°2,1,1,Nekogal N°2 | Nekogal Nº2,0,0,,pt,missing_printing
278493f4-88b5-4284-9839-9854183b0327,0,monster,7209,19594506,1,Neo Space Pathfinder,3,1,Neo Espace Pathfinder,1,1,Neoraum Path Finder,2,1,Éclaireur Néo-Space,2,1,,0,0,pt,pt,missing_name|missing_printing
c075f9d5-1734-444f-927b-4f34511b34b8,0,monster,22725,28331069,3,Neo Galaxy-Eyes Photon Dragon - Photon Howling,0,0,,0,0,,0,0,,0,0,,0,0,es|de|fr|pt,en|es|de|fr|pt,missing_name|missing_printing
5775dc84-32fe-41fe-b1fb-96acc0e164ea,0,monster,8537,60417395,1,Darkness Neosphere,4,2,Neoesfera de Oscuridad,1,1,Finsternis-Neosphäre,1,1,Néosphère des Ténèbres,1,1,,0,0,pt,pt,missing_name|missing_printing
68f83704-89dd-46e5-b848-75f86145353d,0,monster,7420,38107923,1,Dark Nephthys,7,2,Nephthys Oscura,3,2,Finstere Nephthys,3,2,Nephthys des Ténèbres,3,2,,0,0,pt,pt,missing_name|missing_printing
2825e8cb-730a-48c9-b7a0-ba7f8c9edcb3,0,trap,9685,51324455,1,Underworld Egg Clutch,2,1,Nidada de Huevos del Inframundo,1,1,Unterwelt-Eigelege,1,1,Couvée d'Œufs Démoniaques,1,1,,0,0,pt,pt,missing_name|missing_printing
d6439d27-0f45-43b3-87ce-b47c0f85e9bc,0,spell,8665,26640671,1,Spiders' Lair,3,1,Nido de Arañas,1,1,Versteck der Spinne,1,1,Antre des Araignées,1,1,,0,0,pt,pt,missing_name|missing_printing
9dfffe1b-5802-425c-b249-c17da56b7a18,0,token,,42956964,1,Nightmare Archfiend Token,0,0,Nightmare Archfiend Token,0,0,Nightmare Archfiend Token,0,0,Nightmare Archfiend Token,0,0,,0,0,pt,en|es|de|fr|pt,missing_name|missing_printing
917ad027-3869-4912-9824-468f06e4e09a,0,monster,9099,93724592,1,"Karakuri Ninja mdl 339 ""Sazank""",2,1,"Ninja Karakuri mod 339 - ""Sazank""",1,1,Karakuri-Ninja Nr. 339 „Sazank“,1,1,"Karakuri 339 ""Sazank"" le Ninja",1,1,,0,0,pt,pt,missing_name|missing_printing
b34a5662-ce8a-458b-9afe-ce3259f73965,0,monster,9319,06276588,1,"Karakuri Ninja mdl 919 ""Kuick""",2,1,"Ninja Karakuri mod 919 - ""Kuick""",1,1,Karakuri-Ninja Nr. 919 „Kuick“,1,1,"Karakuri 919 ""Kuick"" le Ninja",1,1,,0,0,pt,pt,missing_name|missing_printing
b094d734-ed18-41ea-a854-c368fdd02a6c,0,monster,9502,50615578,1,"Karakuri Ninja mdl 7749 ""Nanashick""",2,1,"Ninja Karakuri mod. 7749 - ""Nanashick""",1,1,Karakuri-Ninja Nr. 7749 „Nanashick“,1,1,"Karakuri 7749 ""Nanashick"" le Ninja",1,1,,0,0,pt,pt,missing_name|missing_printing
fe6b08a4-e377-480a-8312-4899d83b9a47,0,monster,9749,87483942,1,Senior Silver Ninja,3,1,Ninja Plateado Superior,1,1,Ältester Silber-Ninja,1,1,Ninja Argent Émérite,1,1,,0,0,pt,pt,missing_name|missing_printing
58880470-f8e7-4b05-afc7-0fe9165784a6,0,monster,8142,64160836,1,Alien Kid,3,1,Niño Alienígena,1,1,Außerirdisches Kind,1,1,Enfant Alien,1,1,,0,0,pt,pt,missing_name|missing_printing
71d226ea-b3d3-4a73-8c38-3aa2fc125121,0,trap,6943,10759529,1,Kid Guard,5,2,Niño Guardián,1,1,Kinderwächter,2,2,Garde d'Enfant,1,1,,0,0,pt,pt,missing_name|missing_printing
6ddcf040-8920-4094-91cd-c7199daefa9b,0,monster,6567,32679370,1,Hero Kid,8,4,Niño Héroe,2,2,Heldenkind,3,3,Gosse Héros,2,2,,0,0,pt,pt,missing_name|missing_printing
c61f558d-0749-4be1-bbc2-8a8bf5721b88,0,trap,6580,55985014,1,Miracle Kids,8,4,Niño Milagro,2,2,Wunderkind,3,3,Gosse du Miracle,2,2,,0,0,pt,pt,missing_name|missing_printing
df1cb02f-81f2-4ab0-8199-bcf8e003ded9,0,monster,4217,15510988,1,Thunder Kid,2,1,Niño Trueno,0,0,Donnerkind,1,1,Gosse du Tonnerre,1,1,,0,0,pt,es|pt,missing_name|missing_printing
71df4445-7cb0-4a75-a0ab-d985af7f8ac6,0,skill,-62,,1,"It's No Monster, It's a God!",1,1,"No Es un Monstruo, ¡Es un Dios!",1,1,"Das ist kein Monster, es ist ein Gott!",1,1,"Ce n'est pas un Monstre, c'est un Dieu !",1,1,,0,0,pt,pt,missing_passcode|missing_name|missing_printing
564a812d-21bb-454e-a30f-e048cdcb0052,0,skill,,,1,No One Suspects the Dark Scorpion Gang!,1,1,,1,1,,1,1,Personne ne Soupçonne la Bande du Scorpion Noir !,1,1,,1,1,es|de|pt,,missing_passcode|missing_name
39f96556-ced7-407f-b9d0-ac5f8d0f2e21,0,skill,,,1,Noah's Arc,1,1,,0,0,,0,0,,0,0,,0,0,es|de|fr|pt,es|de|fr|pt,missing_passcode|missing_name|missing_printing
7a54d5b6-bda4-44b0-9d96-83a8d6d7003e,0,monster,15870,90835938,1,"Starry Night, Starry Dragon",0,0,"Noche de Estrellas, Dragón de Estrellas",0,0,Sternendrache in sternenklarer Nacht,0,0,"Nuit Étoilée, Dragon Étoilé",0,0,"Noite Estrelada, Dragão Estrelado",0,0,,en|es|de|fr|pt,missing_printing
8f10b266-0d8f-4030-97f1-1c37ead00164,0,token,,15394084,1,Nordic Beast Token,0,0,Nordic Beast Token,0,0,Nordic Beast Token,0,0,Nordic Beast Token,0,0,,0,0,pt,en|es|de|fr|pt,missing_name|missing_printing
215161b0-d0ca-4002-86b4-19045c007487,0,monster,14048,00662854,1,Noritoshi in Darkest Rainment,3,2,,0,0,,0,0,,0,0,,0,0,es|de|fr|pt,es|de|fr|pt,missing_name|missing_printing
3b0450f0-ce3b-43da-a65f-2959c759dc6f,0,spell,4685,43694075,1,Novox's Prayer,1,1,Novox's Prayer,0,0,Novox' Gebet,0,0,La Prière de Novox,0,0,Oração de Novox,0,0,,es|de|fr|pt,missing_printing
23994269-737b-45af-b0e0-9c6208b9af90,0,skill,,,1,Now You See Them...,1,1,,0,0,Jetzt siehst du sie...,1,1,Vous les Voyez Maintenant...,1,1,,0,0,es|pt,es|pt,missing_passcode|missing_name|missing_printing
d56c7cee-5aa3-4f44-b5af-f43a69d5660e,0,spell,7271,82760689,1,Lucky Cloud,3,1,Nube Afortunada,1,1,Glückliche Wolke,1,1,Nuage de Chance,1,1,,0,0,pt,pt,missing_name|missing_printing
6985752b-d817-5701-9cbe-64e8f3c3ee8b,0,,22985,,0,Glitch Clutch Nullgainer,1,1,Nulobtenedor Aferrado a Glitch,1,1,Glitchgriff-Nullgainer,1,1,Captezéro la Poigne de l'Anomalie,1,1,Agarra-Glitch do Ganho-Nulo,1,1,,,missing_passcode|missing_art
7811a110-fc8f-4eb5-9613-57194fc5c236,0,monster,9912,83061014,1,Numen erat Testudo,2,1,Numen erat Testudo,1,1,Göttlich war die Schildkröte,1,1,Numen erat Testudo,1,1,,0,0,pt,pt,missing_name|missing_printing
60c96379-238c-4d26-be35-a233c32d1b85,0,monster,5096,12953226,1,Nuvia the Wicked,5,4,Nuvia el Malvado,1,1,"Nuvia, die Böse",2,2,Nuvia la Malfaisante,1,1,,0,0,pt,pt,missing_name|missing_printing
4922c1d7-4cbc-4092-a4ac-855ed8012d17,0,spell,8207,36623431,1,Iron Core of Koa'ki Meiru,5,3,Núcleo de Hierro de Koa'ki Meiru,3,2,Eisenkern von Koa'ki Meiru,3,2,Noyau d'Énergie Koa'ki Meiru,3,2,,0,0,pt,pt,missing_name|missing_printing
7aa9b740-340a-4b05-b408-28c22e3117eb,0,monster,10173,39139935,1,Number 33: Chronomaly Machu Mech,5,1,Número 33: Machu Mecha Cronómalo,2,1,Nummer 33: Chronomaler Machu-Mech,2,1,Numéro 33 : Machu Mech Chronomal | Numéro 33: Machu Mech Chronomal,2,1,,0,0,pt,pt,missing_name|missing_printing
fb5abc1f-6acd-4da0-96c9-708d98186c4d,0,monster,10307,84417082,1,Number 91: Thunder Spark Dragon,5,1,Número 91: Dragón de la Chispa del Trueno,2,1,Nummer 91: Donnerfunkendrache,2,1,Numéro 91 : Dragon Étincelles de Tonerre,2,1,,0,0,pt,pt,missing_name|missing_printing
b67e0407-e194-4829-a277-24f0fba6d847,0,monster,,,1,Obelisk the Tormentor (original),6,3,Obelisco el Atormentador,3,2,Obelisk der Peiniger,4,2,"Obelisk, le Tourmenteur",3,2,"Obelisco, o Atormentador",3,2,,,missing_passcode
e1ba4821-6e44-45ca-b194-3a3445f01f96,0,monster,4610,56713552,1,Obese Marmot of Nefariousness,3,2,Obese Marmot of Nefariousness,0,0,Obese Marmot of Nefariousness,0,0,Obese Marmot of Nefariousness,0,0,,0,0,pt,es|de|fr|pt,missing_name|missing_printing
1c004abb-fa7a-41f6-8492-42222d3d38dc,0,monster,4422,34743446,1,Blocker,2,1,Obstructor,0,0,Blocker,1,1,Bloqueur,1,1,,0,0,pt,es|pt,missing_name|missing_printing
a3a9f582-e997-5ea0-b6a6-4dbb773de979,0,,22981,,0,Invoked Oceanus,1,1,Océano Invokado,1,1,Beschworener Okeanos,1,1,Océanos l'Invokhé,1,1,"Oceanus, o Invokado",1,1,,,missing_passcode|missing_art
901497ed-c31b-4964-969c-9b350176b8bb,0,monster,9736,28877602,1,Evoltile Odonto,3,1,Odonto Evolutil,1,1,Evoltil Odonto,1,1,Évoltile Odonto,1,1,,0,0,pt,pt,missing_name|missing_printing
1b858ff3-888c-5d1c-a48a-f7174d4e5b3f,0,,22931,,0,Officiator of Doom Samuel,1,1,Oficiante de la Perdición Samuel,1,1,Zeremonienleiterin des Verderbens Samuel,1,1,Samuel l'Officiante de la Mort,1,1,Oficial da Perdição Samuel,1,1,,,missing_passcode|missing_art
ef1ef0fc-0af8-41ab-b86e-7e3d166eed1a,0,monster,6938,58098303,1,Flame Ogre,3,1,Ogro Flamígero,0,0,Flammenoger,1,1,Ogre Flambant,1,1,Ogro Flamejante,0,0,,es|pt,missing_printing
eec57069-441c-4abd-877a-b37deec4d119,0,monster,8968,87622767,1,Final Psychic Ogre,3,1,Ogro Psíquico Final,1,1,Letzter Psi-Oger,1,1,Ogre Psychique,2,1,,0,0,pt,pt,missing_name|missing_printing
93f8bacd-80e6-46d5-802c-8e772cc06da4,0,monster,8616,82670878,1,Ogre of the Scarlet Sorrow,3,1,Ogro de la Tristeza Escarlata,1,1,Oger des scharlachroten Leidens,1,1,Ogre de la Tristesse de Sang,1,1,,0,0,pt,pt,missing_name|missing_printing
2896ad27-6ba4-476f-9fed-530b6799e8d3,0,trap,,,1,Oh my Trap Hole!,0,0,,0,0,,0,0,,0,0,,0,0,es|de|fr|pt,en|es|de|fr|pt,missing_passcode|missing_name|missing_printing
9e3ff620-519d-4f31-9ce9-620b9184c99c,0,spell,,,1,Ojamandala,0,0,,0,0,,0,0,,0,0,,0,0,es|de|fr|pt,en|es|de|fr|pt,missing_passcode|missing_name|missing_printing
ff76d8e7-a07d-4e87-a1d0-dd8796b654f9,0,monster,4361,07562372,1,Megasonic Eye,3,2,Ojo Megasónico,1,1,Megaschall-Auge,1,1,Œil Mégasonique,1,1,,0,0,pt,pt,missing_name|missing_printing
3a847dde-69ad-4d3e-815c-1facbca9a24a,0,monster,4182,88435542,1,Fire Eye,0,0,Ojo de fuego,0,0,Feuerauge,0,0,Œil de Feu,0,0,Olho de Fogo,0,0,,en|es|de|fr|pt,missing_printing
0700214a-e01c-4298-b0cb-e2276b17b4fa,0,skill,-68,,1,Millennium Eye,1,1,Ojo del Milenio,1,1,Millenniumsauge,1,1,Œil du Millenium,1,1,Olho do Milênio,1,1,,,missing_passcode
83fb0512-3da0-4a52-b7a3-7c7514cda78d,0,trap,8999,96700602,1,Barrier Wave,3,1,Ola Barrera,1,1,Barrierewelle,1,1,Vague de Protection,2,1,,0,0,pt,pt,missing_name|missing_printing
6d65154e-f35a-4ad6-bc9c-a1901b5a2c08,0,spell,9936,77098449,1,Galaxy Wave,3,1,Ola Galáctica,1,1,Galaxiewelle,1,1,Vague Galactique,1,1,,0,0,pt,pt,missing_name|missing_printing
440964de-805e-46a8-8e10-85a2b40341a5,0,spell,8825,39440937,1,Intercept Wave,5,1,Ola Interceptadora,2,1,Abfangwelle,2,1,Fréquence de Perturbation,2,1,,0,0,pt,pt,missing_name|missing_printing
65b795ef-748a-4081-8d0f-4e038001f5e3,0,trap,9187,18816758,1,Infestation Wave,5,3,Ola de Infestacion | Ola de Infestación,1,1,Befallwelle,1,1,Vague d'Infestation,1,1,,0,0,pt,pt,missing_name|missing_printing
b2245caa-26ed-49e9-9403-40595580bb1d,0,spell,9035,63665606,1,Wave-Motion Inferno,3,1,Ola de Movimiento Infernal,1,1,Wellenbewegungsinferno,1,1,Vague d'Énergie Infernale,1,1,,0,0,pt,pt,missing_name|missing_printing
b0461cb1-a057-46a2-9ce1-d5cf19afa40d,0,trap,8998,60312997,1,Reanimation Wave,2,1,Ola de Reanimación,1,1,Reanimationswelle,1,1,Vague de Réanimation,2,1,,0,0,pt,pt,missing_name|missing_printing
87942f08-9ab7-4aac-96ec-fed1ede90be8,0,spell,8672,51790181,1,Pot of Benevolence,4,2,Olla de la Benevolencia,1,1,Topf der Güte,2,1,Pot de Bienveillance,1,1,,0,0,pt,pt,missing_name|missing_printing
dee66b08-e794-520b-a2ad-8d4d6255fe71,0,,23010,,0,Pot of Sloth,3,2,Olla de la Pereza,3,2,Topf der Faulheit,3,2,Pot de Paresse,3,2,Pote da Preguiça,3,2,,,missing_passcode|missing_art
25e1b79d-59dd-42e9-b5b9-74d8b0ed963f,0,monster,8184,79080761,1,Gigastone Omega,3,1,Omega Gigapiedra,1,1,Gigastein Omega,1,1,Goliath de Pierre Oméga,1,1,,0,0,pt,pt,missing_name|missing_printing
67c966a3-0d1e-4d40-8c0c-ebdb2dbf1ee2,0,monster,9394,93157004,1,Vylon Omega,4,2,Omega Vylon,1,1,Vylon Omega,1,1,Oméga Vylon,1,1,,0,0,pt,pt,missing_name|missing_printing
0cd8bf49-5c47-4c4f-b56e-c882ba07cb71,0,spell,9571,58441120,1,Harmonic Waves,2,1,Ondas Armónicas,1,1,Harmonische Welle,1,1,Vagues Harmoniques,1,1,,0,0,pt,pt,missing_name|missing_printing
52f6654e-f8b8-465e-a361-de42aa8cf34c,0,trap,9400,81218874,1,Infestation Ripples,4,2,Ondas de Infestación,1,1,Wellen des Befalls,1,1,Ricochets d'Infestation,1,1,,0,0,pt,pt,missing_name|missing_printing
d8e7bf2a-8b64-4b34-ad5e-f7e66c76193e,0,monster,4252,03606209,1,One Who Hunts Souls,0,0,One Who Hunts Souls,0,0,One Who Hunts Souls,0,0,One Who Hunts Souls,0,0,,0,0,pt,en|es|de|fr|pt,missing_name|missing_printing
29a8ae88-4741-46cd-a655-82fe5015cb7f,0,monster,10061,30494314,1,Red-Headed Oni,3,1,Oni Pelirrojo,2,1,Rotköpfiger Oni,1,1,Oni à la Tête Rouge,1,1,,0,0,pt,pt,missing_name|missing_printing
09d126ba-45a0-4c3f-9e78-2792da6f6b03,0,monster,9651,07953868,1,Blue-Blooded Oni,3,1,Oni de Sangre Azul,2,1,Blaublütiger Oni,1,1,Oni au Sang Bleu,1,1,,0,0,pt,pt,missing_name|missing_printing
f187f0c3-b1c0-45cb-8947-48c2f3de6527,0,monster,5372,14291024,1,Gradius' Option,4,3,Opción de Gradius,1,1,Gradius' Option,1,1,Option de Gradius,1,1,,0,0,pt,pt,missing_name|missing_printing
d5429b97-306c-459c-978f-f472a8b0a2b0,0,monster,7295,66707058,1,Goblin Black Ops,3,1,Operaciones Encubiertas Goblin,1,1,Verdeckte Goblinmission,1,1,Unité Gobeline d'Assassins,1,1,,0,0,pt,pt,missing_name|missing_printing
cf2c81d1-e664-4d13-aa64-3329a49e9dab,0,trap,9944,38643567,1,Inzektor Orb,3,1,Orbe Inzektor,1,1,Insektorkugel,1,1,Orbe Inzektor,1,1,,0,0,pt,pt,missing_name|missing_printing
6c31a4ee-f2ee-44e6-abf2-550ec8d3d883,0,spell,7681,74115234,1,Orb of Yasaka,3,1,Orbe de Yasaka,1,1,Kugel von Yasaka,1,1,Orbe de Yasaka,1,1,,0,0,pt,pt,missing_name|missing_printing
06ba58f8-8d07-55e6-bab1-2c0cfec3beb9,0,,23023,,0,S-Force World Sorting,1,1,Orden de los Mundos Fuerza-S,1,1,S-Kraft-Weltsortierung,1,1,Triage de Monde de la Force-S,1,1,Classificação Mundial Força-S,1,1,,,missing_passcode|missing_art
7eb76857-eb5b-4ae3-ad2f-49a0d6009f06,0,trap,7168,80678380,1,Snake Deity's Command,3,1,Orden del Dios Serpiente,1,1,Befehl der Schlangengottheit,1,1,Ordre du Dieu Serpent,1,1,,0,0,pt,pt,missing_name|missing_printing
e99e9c44-abee-4930-b0fc-459ad1f64771,0,skill,,,1,Order of the Queen,1,1,,1,1,,1,1,Ordre de la Reine,1,1,,1,1,es|de|pt,,missing_passcode|missing_name
cc1c5d9d-b73a-523e-b670-61c43796808c,0,,23007,,0,S-Force Origin,1,1,Origen Fuerza-S,1,1,S-Kraft-Ursprung,1,1,Origine de la Force-S,1,1,Origem da Força-S,1,1,,,missing_passcode|missing_art
3345cc68-9e13-44bc-932f-ec5fe68137c2,0,monster,4132,02971090,1,Orion the Battle King,0,0,Orion el rey de lucha,0,0,Orion der Kampfkönig | Orion the Battle King,0,0,Orion le Roi de Bataille | Orion the Battle King,0,0,,0,0,pt,en|es|de|fr|pt,missing_name|missing_printing
07c59cc1-9be3-4af0-aff0-818bfcb29ae9,0,monster,7667,19505896,1,Nettles,3,1,Ortigas,1,1,Nesseln,1,1,Orties,1,1,,0,0,pt,pt,missing_name|missing_printing
80dfc99d-4f77-4b74-a1d3-76288042fe4f,0,monster,8471,71519605,1,Oshaleon,3,1,Oshaleon,1,1,Oshaleon,1,1,Camélégant,1,1,,0,0,pt,pt,missing_name|missing_printing
8a0a6acf-62cf-4df8-98e4-f50b15010da2,0,spell,7129,60946968,1,"Otherworld - The ""A"" Zone",3,1,"Otromundo - La Zona ""A""",1,1,Jenseits - Die „A“-Zone,1,1,"La Zone ""A"" - Autre Monde",1,1,,0,0,pt,pt,missing_name|missing_printing
fb9834e1-8566-4d90-bbdf-328c311130e5,0,monster,4648,30451366,1,Mystical Sheep #1,2,2,Oveja Mística #1,1,1,Mystisches Schaf #1,1,1,Mouton Mystique N°1,1,1,,0,0,pt,pt,missing_name|missing_printing
5aad1b2e-d2fc-4dba-b8b2-3652beecd6a0,0,token,,83239740,1,Oyster Token,0,0,Oyster Token,0,0,Oyster Token,0,0,Oyster Token,0,0,,0,0,pt,en|es|de|fr|pt,missing_name|missing_printing
70498437-aaed-4e5f-9cc2-cee369310f26,0,monster,10304,84530620,1,Pahunder,3,1,Padretrueno,2,1,Padonner,1,1,Patonerre,1,1,,0,0,pt,pt,missing_name|missing_printing
80ac842f-3bdf-451e-b1ac-9d9848e07e2f,0,spell,4674,82878489,1,Shine Palace,3,1,Palacio Brillante,1,1,Glanzpalast,1,1,Château Lumineux,1,1,,0,0,pt,pt,missing_name|missing_printing
5e47ba6a-69ea-4243-8b6e-53576e38ba8a,0,monster,8642,39091951,1,Pandaborg,3,1,Pandaborg,1,1,Pandaborg,1,1,Pandaborg,1,1,,0,0,pt,pt,missing_name|missing_printing
0baa293d-ada8-40d7-afe6-6752eb2491ef,0,trap,8509,55117418,1,Nega-Ton Corepanel,3,1,Panel Nega-Ton,1,1,Annullo-Ton Kernpaneel,1,1,Noyau Absorbeur d'Habileté,1,1,,0,0,pt,pt,missing_name|missing_printing
34e86f57-bc9b-4323-90e2-5da5e53a2eae,0,trap,7650,60627999,1,Sanguine Swamp,3,1,Pantano Sanguíneo,1,1,Blutroter Sumpf,1,1,Marais de Sang,1,1,,0,0,pt,pt,missing_name|missing_printing
f2927200-38a5-4906-a6a8-f13b75e6b88e,0,spell,7164,54306223,1,Venom Swamp,5,2,Pantano Venenoso,1,1,Giftsumpf,2,2,Marais Venin,1,1,Pântano Peçonha,0,0,,pt,missing_printing
cc454f24-13d6-4c23-8759-f3fed6b97c91,0,spell,7627,02084239,1,Wetlands,3,1,Pantanos,1,1,Feuchtgebiete,1,1,Plaines Marécageuses,1,1,,0,0,pt,pt,missing_name|missing_printing
f3c93139-d709-4ff2-917b-6d1ae7c93315,0,monster,7156,43751755,1,Chrysalis Pantail,3,1,Pantera Crisálida,1,1,Verpuppter Panschwanz,1,1,Chaton Chrysalide,1,1,,0,0,pt,pt,missing_name|missing_printing
5df9c2b3-3a92-4c51-9618-27f07a61c0e9,0,monster,8462,74576482,1,Koa'ki Meiru Sea Panther,3,1,Pantera Marina Koa'ki Meiru,1,1,Seepanter von Koa'ki Meiru,2,1,Panthère de Mer Koa'ki Meiru,2,1,,0,0,pt,pt,missing_name|missing_printing
66dd6177-b307-40ea-9704-d164cf9cd3c4,0,monster,10211,73776643,1,Papa-Corn,3,1,Papá-Maiz,1,1,Papa Mais,1,1,Papa-Maïs,1,1,,0,0,pt,pt,missing_name|missing_printing
7bb9b60b-230f-44d8-9596-9233163b5a3e,0,monster,9507,22386234,1,Aurora Paragon,3,1,Parangón de la Aurora,1,1,Vorbild der Morgenröte,1,1,Saint Aurora,1,1,Anjo da Aurora,0,0,,pt,missing_printing
09acdf06-d77e-5449-a49f-f6ec5cd43c08,0,,23297,,0,Distrust Paranoia,1,1,Paranoia de Sospecha,1,1,Misstrauensparanoia,1,1,Paranoïa de Méfiance,1,1,Desconfiança Paranoia,1,1,,,missing_passcode|missing_art
9307e693-bb98-435f-9d99-67ea54d8a97a,0,trap,7321,52228131,1,Parry,3,1,Parar,1,1,Parieren,1,1,Parer,1,1,,0,0,pt,pt,missing_name|missing_printing
9686ca97-ec52-5164-8227-330702d63025,0,,22997,,0,Fallen Paradise of the Sacred Beasts,1,1,Paraíso Perdido de las Bestias Sagradas,1,1,Verlorenes Paradies der heiligen Ungeheuer,1,1,Paradis Perdu des Bêtes Sacrées,1,1,Paraíso Caído das Bestas Sagradas,1,1,,,missing_passcode|missing_art
40e5b892-e838-4754-9282-e2471a470ada,0,spell,8919,47658964,1,Searing Fire Wall,5,2,Pared de Fuego Ardiente,1,1,Lodernde Feuerwand,1,1,Mur de Feu Dévorant,2,1,,0,0,pt,pt,missing_name|missing_printing
4d374ac6-8a06-4531-bfe1-938cde8d2623,0,monster,7872,30069398,1,Wall of Ivy,3,1,Pared de Hiedra,1,1,Efeumauer,1,1,Mur de Lierre,1,1,,0,0,pt,pt,missing_name|missing_printing
d9d9a0e6-b660-494c-9f58-f8bcdb0482d2,0,trap,8922,37436476,1,Molten Whirlwind Wall,5,2,Pared de Remolino Fundido,1,1,Geschmolzene Wirbelwind-Wand,1,1,Mur Tourbillon de Lave,1,1,,0,0,pt,pt,missing_name|missing_printing
ee09a8f0-c43f-41eb-a998-4c132d64c079,0,monster,10258,40343749,1,House Duston,3,1,Particulines de la Casa,1,1,Haus-Staubon,1,1,Poussièron de Maison,1,1,,0,0,pt,pt,missing_name|missing_printing
64cc2525-7036-4169-b04c-b14d323ace5a,0,monster,4124,41422426,1,Supporter in the Shadows,0,0,Partidario en las Sombras,0,0,Helfer im Schatten,0,0,Adepte des ombres,0,0,,0,0,pt,en|es|de|fr|pt,missing_name|missing_printing
3b14bf93-b3b3-458c-a519-0e4e4a1f8c86,0,monster,10256,87564935,1,Metallizing Parasite - Soltite,3,1,Parásito - Soltita Metalizador,1,1,"Soltite, Metallparasit",1,1,Soltite - Parasite Métallisant,1,1,,0,0,pt,pt,missing_name|missing_printing
52221109-b293-43c4-a923-e0bd028f22a2,0,skill,-48,,1,Hidden Parasite,1,1,Parásito Oculto,1,1,Verborgener Parasit,1,1,Parasite Caché,1,1,Parasita Oculto,1,1,,,missing_passcode
f41192e5-e2d5-4153-921f-73b59d0b9f2a,0,spell,5434,77876207,1,Secret Pass to the Treasures,3,2,Pasaje Secreto a los Tesoros,1,1,Geheime Passage zum Schatz,1,1,Passage Secret vers les Trésors,1,1,,0,0,pt,pt,missing_name|missing_printing
bace05d1-d260-490b-a14d-4365831c212f,0,trap,7641,62784717,1,Tour of Doom,3,1,Paseo de la Perdición,1,1,Reise ins Verderben,1,1,Visite de la Faucheuse,1,1,,0,0,pt,pt,missing_name|missing_printing
d5f0a14b-cafc-4ee4-893c-ca4c5e43fffe,0,spell,8837,26257572,1,Corridor of Agony,3,1,Pasillo de Agonía,1,1,Korridor der Qualen,1,1,Couloir de l'Agonie,1,1,,0,0,pt,pt,missing_name|missing_printing
8f37e452-d834-54b3-be40-f8663502e7a4,0,,23008,,0,Melffy Footsteps,1,1,Pasitos Melffy,1,1,Melffy am Berg,1,1,"Un, Deux, Trois, Melffy",1,1,Estátua Melffy,1,1,,,missing_passcode|missing_art
b2b3570c-2023-4bd0-8bdf-e0f5f100a737,0,monster,8320,62742651,1,Armored Axon Kicker,3,1,Pateador de Axones Blindado,1,1,Gepanzerter Axonkicker,1,1,Champion Psyborg Blindé,1,1,,0,0,pt,pt,missing_name|missing_printing
36fea32d-bb61-45c2-a874-6f24cc319060,0,monster,8970,40101111,1,Ultimate Axon Kicker,3,1,Pateador de Axones Definitivo,1,1,Ultimativer Axonkicker,1,1,Démon Ultime Kinésique,1,1,,0,0,pt,pt,missing_name|missing_printing
386c1da0-3a62-470b-a074-14404b58c7ed,0,spell,9672,32703716,1,Fish and Kicks,3,1,Peces a Patadas,1,1,Fisch und Kicks,1,1,Poissons Carnivores,1,1,,0,0,pt,pt,missing_name|missing_printing
61f8e4b7-169a-421f-a00f-574b68effc9c,0,spell,9847,21507589,1,Fish and Swaps,3,1,Peces de Intercambio,1,1,Fisch für Grips,1,1,Troc de Poissons,1,1,,0,0,pt,pt,missing_name|missing_printing
15951447-6ee6-4db4-914c-1c802ed8b0a8,0,monster,4720,27054370,1,Firewing Pegasus,1,1,Pegaso Aladefuego,1,1,Feuerflügel-Pegasus,1,1,Pégase aux Ailes de Feu,1,1,,0,0,pt,pt,missing_name|missing_printing
e08a0e05-9fb0-4f4b-b32f-b47b4f8af753,0,monster,,,1,Pegasus/Monster A,0,0,,0,0,,0,0,,0,0,,0,0,es|de|fr|pt,en|es|de|fr|pt,missing_passcode|missing_name|missing_printing
b6e9dea2-99bb-4e53-8674-5778f9bfa5b5,0,monster,,,1,Pegasus/Monster B,0,0,,0,0,,0,0,,0,0,,0,0,es|de|fr|pt,en|es|de|fr|pt,missing_passcode|missing_name|missing_printing
eec4e8a8-2d4a-49ba-b17e-60b977c44d55,0,monster,,,1,Pegasus/Monster C,0,0,,0,0,,0,0,,0,0,,0,0,es|de|fr|pt,en|es|de|fr|pt,missing_passcode|missing_name|missing_printing
5500226a-ce0d-49b1-b9a9-c639b5464579,0,monster,,,1,Pegasus/Monster D,0,0,,0,0,,0,0,,0,0,,0,0,es|de|fr|pt,en|es|de|fr|pt,missing_passcode|missing_name|missing_printing
0e61fbda-0bc4-4d43-b21f-3ef979c686d6,0,spell,,,1,Pegasus/Spell A,0,0,,0,0,,0,0,,0,0,,0,0,es|de|fr|pt,en|es|de|fr|pt,missing_passcode|missing_name|missing_printing
2923dcd4-585c-4800-8bf2-e129439df75f,0,spell,,,1,Pegasus/Spell B,0,0,,0,0,,0,0,,0,0,,0,0,es|de|fr|pt,en|es|de|fr|pt,missing_passcode|missing_name|missing_printing
92432ba6-ec7b-40dc-978e-9a37ceb60ca7,0,spell,,,1,Pegasus/Spell C,0,0,,0,0,,0,0,,0,0,,0,0,es|de|fr|pt,en|es|de|fr|pt,missing_passcode|missing_name|missing_printing
8515a7ac-26dd-4bb5-b53e-1a0f122802d6,0,trap,,,1,Pegasus/Trap A,0,0,,0,0,,0,0,,0,0,,0,0,es|de|fr|pt,en|es|de|fr|pt,missing_passcode|missing_name|missing_printing
9dfd7dbe-78de-4978-929a-0ade903c57da,0,trap,9543,39531794,1,Brain Hazard,3,1,Peligro Cerebral,1,1,Hirngefährdung,1,1,Cerveau Dangereux,2,1,,0,0,pt,pt,missing_name|missing_printing
f1eca74e-3c12-43fc-8f87-0d4c6bb9220f,0,monster,9865,16480084,1,Evolsaur Pelta,3,1,Pelta Evolusaurio,1,1,Evolsaurier Pelta,1,1,Évolsaure Pelta,1,1,,0,0,pt,pt,missing_name|missing_printing
ed308fc1-dc3e-4a07-9147-edf400cae319,0,spell,6667,48653261,1,Guard Penalty,8,3,Penalizar la Guardia,3,2,Strafe des Wächters,3,2,Rançon du Garde,3,2,,0,0,pt,pt,missing_name|missing_printing
ab73f68c-362b-42a0-be12-a09a472c9c08,0,monster,9588,47228077,1,Vylon Pentachloro,4,2,Pentacloro Vylon,1,1,Vylon Pentachloro,1,1,Pentachloro Vylon,1,1,,0,0,pt,pt,missing_name|missing_printing
8346cf76-55cd-4b40-9e5b-d032d75af960,0,monster,9624,24137081,1,Drill Barnacle,3,1,Percebe Taladro,1,1,Bohr-Seepocke,1,1,Bernacle Foreuse,1,1,,0,0,pt,pt,missing_name|missing_printing
2b76c556-4338-443b-9b9f-b13416f8ff87,0,monster,22743,13203964,3,Perfectron Hydradrive Dragon,0,0,,0,0,,0,0,,0,0,,0,0,es|de|fr|pt,en|es|de|fr|pt,missing_name|missing_printing
1a9fe261-1178-4e43-92a3-72e2cd426c28,0,monster,8185,15475415,1,Alien Dog,3,1,Perro Alienígena,1,1,Außerirdischer Hund,1,1,Chien Alien,1,1,,0,0,pt,pt,missing_name|missing_printing
0868b8f8-502b-4ea2-9fb0-01c96170cbd4,0,monster,9318,70271583,1,"Karakuri Watchdog mdl 313 ""Saizan""",3,1,"Perro Karakuri mod. 313 - ""Saizan""",1,1,Karakuri-Wachhund Nr. 313 „Saizan“,1,1,"Karakuri 313 ""Saizan"" le Chien de Garde",1,1,,0,0,pt,pt,missing_name|missing_printing
965490e9-e3da-45b4-a38b-7ccd1492c31c,0,monster,9633,12076263,1,Wind-Up Dog,7,2,Perro de Cuerda,3,2,Aufzieh-Hund,3,2,Chien Automate,3,2,Cão de Corda,0,0,,pt,missing_printing
e5b2f1a6-3c4a-486e-bf32-2df2ca9bd183,0,monster,7884,27870033,1,Pursuit Chaser,3,1,Perseguidor,1,1,Verfolgender Jäger,1,1,Missile Chasseur,1,1,,0,0,pt,pt,missing_name|missing_printing
06bf3f7e-778e-4321-83b4-880c11e64d45,0,skill,-6,,1,Twisted Personality,2,2,Personalidad Retorcida,2,2,Verdrehte Persönlichkeit,2,2,Personnalité Tordue,2,2,Personalidade Deturpada,2,2,,,missing_passcode
8585e565-4e5c-5754-965b-aedd25873fd9,0,,23310,,0,Angelechy Disturbance,1,1,Perturbación Angelequia,1,1,Engelechy-Störung,1,1,Perturbation Angetélité,1,1,Distúrbio de Anjoléquia,1,1,,,missing_passcode|missing_art
4f3f6bfd-e29f-4251-b37c-b39e34868396,0,monster,9207,07582066,1,Psychic Nightmare,3,1,Pesadilla Psíquica,1,1,Psi-Albtraum,1,1,Démon du Cauchemar Psychique,1,1,,0,0,pt,pt,missing_name|missing_printing
821ac24f-105b-41fa-be23-aa5eb9a13fad,0,skill,-17,,1,Catch of the Day,2,2,Pescado del Día,2,2,Fang der Tages,2,2,Prise du Jour,2,2,Pesca do Dia,2,2,,,missing_passcode
2240c5c0-5ea6-44c9-83dd-938086f5eec5,0,spell,9929,42548470,1,Weights & Zenmaisures,3,1,Pesos & Zenmaididas,1,1,Gewichte und Zenmeistermessung,1,1,Poids et Zenmaisures,1,1,,0,0,pt,pt,missing_name|missing_printing
76f9d6f4-5d6e-49e0-9b28-4503681d4e9a,0,spell,8989,62472614,1,Pestilence,3,1,Pestilencia,1,1,Pest,1,1,Pestilence,2,1,,0,0,pt,pt,missing_name|missing_printing
032a0c8e-8660-469a-b82b-6489a01d4793,0,monster,7335,18828179,1,Cranium Fish,3,1,Pez Cráneo,1,1,Hirnschädelfisch,1,1,Poisson Encéphale,1,1,,0,0,pt,pt,missing_name|missing_printing
3fdaf11f-6442-4c77-b747-640ce2c54d77,0,monster,9038,02843014,1,Nimble Sunfish,3,1,Pez Sol Ágil,1,1,Flinker Sonnenbarsch,1,1,Poisson Lune Agile,1,1,,0,0,pt,pt,missing_name|missing_printing
8543dde2-aa3a-426c-b8f8-050319eb3cef,0,monster,10228,61254509,1,Tripod Fish,3,1,Pez Trípode,1,1,Dreibeinfisch,1,1,Poisson Tripode,1,1,,0,0,pt,pt,missing_name|missing_printing
ac2f0c7e-b7ea-4fff-a643-43ee759eb9dc,0,monster,5065,31987274,1,Flying Fish,4,3,Pez Volador,0,0,Fliegender Fisch,1,1,Poisson Volant,1,1,,0,0,pt,es|pt,missing_name|missing_printing
873c34af-70de-4bc3-9cac-d873c8095165,0,token,,02819436,1,Phantasm Spiral Token,0,0,Phantasm Spiral Token,0,0,Phantasm Spiral Token,0,0,Phantasm Spiral Token,0,0,,0,0,pt,en|es|de|fr|pt,missing_name|missing_printing
dc8caab3-7754-4d57-a38c-31c39187ea87,0,monster,,,1,Phantasmal Sacred Beasts of Chaos,0,0,,0,0,,0,0,,0,0,,0,0,es|de|fr|pt,en|es|de|fr|pt,missing_passcode|missing_name|missing_printing
506336b7-1107-4463-b065-48d69cbe30dc,0,monster,4185,77603950,1,Phantom Dewan,0,0,Phantom Dewan,0,0,Phantom Dewan,0,0,Fantôme Dewan | Phantom Dewan,0,0,,0,0,pt,en|es|de|fr|pt,missing_name|missing_printing
ae436961-0d2c-48be-97bf-9978f8d3476b,0,token,,01426715,1,Phantom Token,0,0,Phantom Token,0,0,Phantom Token,0,0,Phantom Token,0,0,,0,0,pt,en|es|de|fr|pt,missing_name|missing_printing
56ba690f-144c-5aaf-8656-3ca22c734305,0,,22971,,0,Phara the Primordial Goddess,3,1,Phara la Diosa Primordial,3,1,Phara die Urgöttin,3,1,Phara la Déesse Primordiale,3,1,"Phara, a Deusa Primordial",3,1,,,missing_passcode|missing_art
e4e0b193-18d0-4cee-ba40-14a6094b9b36,0,spell,7222,42709949,1,Phalanx Pike,3,1,Pica de la Falange,1,1,Phalanxspitze,1,1,Trident du Dieu Gardien,1,1,,0,0,pt,pt,missing_name|missing_printing
7bfd9f25-68a1-40fe-9c33-7af1db22cb5b,0,monster,4165,29948642,1,Dig Beak,2,1,Pico Excavador,1,1,Grabschnabel,1,1,Creuse Bec,1,1,Bico de Escavação,0,0,,pt,missing_printing
e87cc15e-02b5-4829-a1ea-799fa53a5e1a,0,spell,8664,90246973,1,Power Pickaxe,3,1,Picota Poderosa,1,1,Spitzhacke der Macht,1,1,Piolet de Puissance,1,1,,0,0,pt,pt,missing_name|missing_printing
ea74d867-306f-44eb-bd56-297b4accce22,0,monster,8309,06320631,1,Koa'ki Meiru Boulder,3,1,Piedra Koa'ki Meiru,1,1,Felsbrocken von Koa'ki Meiru,1,1,Golem Koa'ki Meiru,1,1,,0,0,pt,pt,missing_name|missing_printing
5a88711d-49a8-4a85-92e4-ba8e1e274c6f,0,spell,10195,40383551,1,Cold Feet,3,1,Pies Fríos,1,1,Kalte Füße,1,1,Pieds Glacés | Pieds Glacés (Actualisé de : Pieds froids),1,1,,0,0,pt,pt,missing_name|missing_printing
3e67a6dd-d32c-451f-b275-f994d4b34587,0,trap,7647,61840587,1,Portable Battery Pack,3,1,Pila Portátil,1,1,Transportabler Batteriepack,1,1,Batterie Portable,1,1,,0,0,pt,pt,missing_name|missing_printing
0031092c-b9c5-4d05-94b6-b1a028c30e37,0,monster,4367,05628232,1,Flying Penguin,1,1,Pingüino Volador,0,0,Fliegender Pinguin,0,0,Pingouin Volant,0,0,Pinguim Voador,1,1,,es|de|fr,missing_printing
e665db8c-1b54-4d08-a84e-8c45c9640e76,0,spell,8343,59385322,1,Core Blaster,3,1,Pistolero del Núcleo,1,1,Kernsprenger,1,1,Explosion de Noyau,2,1,,0,0,pt,pt,missing_name|missing_printing
77bb94c9-4711-4249-aafc-a981dea4caac,0,monster,9725,67445676,1,Pinecono,3,1,Piño,1,1,Zäpfelchen,1,1,Pinecono,1,1,,0,0,pt,pt,missing_name|missing_printing
d120ffa2-0ac7-4461-b03c-db552b9a3b8c,0,monster,7558,14258627,1,Gaia Plate the Earth Giant,7,2,"Placa Gaia, el Gigante de la Tierra",2,1,Gaia-Platte der Erdriese,2,1,"Gaia, Géant de Terre",2,1,,0,0,pt,pt,missing_name|missing_printing
9d6410b2-2f32-4900-a78f-3d6e398b2c06,0,monster,7112,11458071,1,Sky Scourge Enrise,5,1,Plaga del Cielo Enrise,2,1,Himmelsplage Enrise,2,1,Djinn Céleste Enrise,2,1,,0,0,pt,pt,missing_name|missing_printing
9a63ad56-a511-4926-bd68-982c918a1384,0,monster,7114,74841885,1,Sky Scourge Invicil,5,1,Plaga del Cielo Invicil,2,1,Himmelsplage Invincil,2,1,Djinn Céleste Invicil,2,1,,0,0,pt,pt,missing_name|missing_printing
7a41e857-3d2d-4dbf-ba99-e97caba512c9,0,monster,7113,48453776,1,Sky Scourge Norleras,5,1,Plaga del Cielo Norleras,3,1,Himmelsplage Nohrellas,2,1,Djinn Céleste Norleras,2,1,,0,0,pt,pt,missing_name|missing_printing
45e61398-abf1-4d24-89e4-7b8e52f09be7,0,trap,9716,69402394,1,Dark Scheme,2,1,Plan Oscuro,1,1,Finstere Pläne,1,1,Combine Ténébreuse,1,1,,0,0,pt,pt,missing_name|missing_printing
280caeea-0de5-4f21-8beb-0561c33e730e,0,trap,8688,70284332,1,Tuner's Scheme,3,2,Plan del Cantante,1,1,Empfänger-Komplott,1,1,Conspiration du Syntoniseur,1,1,,0,0,pt,pt,missing_name|missing_printing
9bcd2628-ae0e-4c94-8752-971f2b71357c,0,token,,28062326,1,Plant Token,0,0,Plant Token,0,0,Plant Token,0,0,Plant Token,0,0,,0,0,pt,en|es|de|fr|pt,missing_name|missing_printing
e4a0346b-583d-4da1-bc63-9125411cd6ed,0,monster,7666,82116191,1,Gigantic Cephalotus,3,1,Planta Carnívora Gigante,1,1,Gigantischer Zwergkrug,1,1,Plante Carnivore Géante,2,1,,0,0,pt,pt,missing_name|missing_printing
f1fc28de-9b08-4ca7-832b-91a0db9edafe,0,monster,4081,49127943,1,Man-Eating Plant,0,0,Planta Come-Hombres,0,0,Menschenfressende Pflanze,0,0,Plante Mangeuse d'Hommes,0,0,,0,0,pt,en|es|de|fr|pt,missing_name|missing_printing
cdb0518d-c669-4bca-9a57-f301ba7927a5,0,monster,6807,97697678,1,Flying Saucer Muusik'i,3,1,Platilo Volador Muusik'i,1,1,Fliegende Untertasse Muusik'i,1,1,"Muusik'i, Soucoupe Volante",2,1,,0,0,pt,pt,missing_name|missing_printing
35215f36-5728-4efc-a710-41b8d4d74995,0,monster,9899,20855340,1,Evoltile Pleuro,3,1,Pleuro Evolutil,1,1,Evoltil Pleuro,1,1,Évoltile Pleuro,1,1,,0,0,pt,pt,missing_name|missing_printing
adf2f261-b39d-4958-901e-4b78fbe675c5,0,trap,8222,22628574,1,Fake Feather,4,2,Pluma Falsa,2,2,Nachgemachte Feder,2,2,Plume de Duplication,2,2,,0,0,pt,pt,missing_name|missing_printing
18770af1-e5d5-483c-a55a-d1825f9b062e,0,trap,7354,30155789,1,Brutal Potion,2,1,Poción Brutal,1,1,Brutaler Trank,1,1,Potion de Brutalité,1,1,,0,0,pt,pt,missing_name|missing_printing
e0c4fac6-d7ae-5f82-bb59-ee6be56f7262,0,,23009,,0,Spiritual Power Recovery Potion,1,1,Poción de Recuperación de Poder Espiritual,1,1,Regenerationstrank der spirituellen Kraft,1,1,Potion de Récupération de Pouvoir Spirituel,1,1,Poção de Recuperação de Poder Espiritual,1,1,,,missing_passcode|missing_art
03a27683-2ed5-4840-9ee8-df4b3968f316,0,trap,8680,18739764,1,Destruct Potion,3,1,Poción de la Destrucción,1,1,Trank der Zerstörung,1,1,Potion de Destruction,1,1,,0,0,pt,pt,missing_name|missing_printing
a23f45e9-93da-4ac2-b850-471b41d3e5b0,0,spell,8489,57441100,1,Herculean Power,3,1,Poder Hercúleo,1,1,Herkulische Kraft,1,1,Force Herculéenne,1,1,,0,0,pt,pt,missing_name|missing_printing
a204a270-1c84-427a-895f-2e4b165ce1c3,0,trap,8225,11596936,1,Reckoned Power,3,1,Poder Reconocido,1,1,Vertraute Kraft,1,1,Pouvoir Redoutable,1,1,,0,0,pt,pt,missing_name|missing_printing
edf5de44-b163-4f83-95e8-2fd1d674540d,0,skill,-47,,1,Power of Dark,1,1,Poder de la Oscuridad,1,1,Macht der Finsternis,1,1,Pouvoir des Ténèbres,1,1,Poder das Trevas,1,1,,,missing_passcode
af02c1a7-4af1-4b86-bd83-40dc30090a43,0,skill,,,1,Powerful Group of Guys,1,1,Poderoso Grupo de Chicos,1,1,Starke Truppe von Kerlen,1,1,Groupe d'Hommes Puissants,1,1,,1,1,pt,,missing_passcode|missing_name
5c570658-546a-4dcd-ad39-790cf35eaef3,0,token,,86801872,1,Poisonous Snake Token,0,0,Poisonous Snake Token,0,0,Poisonous Snake Token,0,0,Poisonous Snake Token,0,0,,0,0,pt,en|es|de|fr|pt,missing_name|missing_printing
4899af90-6929-43dc-88ec-67ce9d07c022,0,monster,9648,08175346,1,Poki Draco,3,1,Poki Draco,1,1,Pokidraco,1,1,Poki Draco,1,1,,0,0,pt,pt,missing_name|missing_printing
488492d4-9981-4b0f-ae77-6ac6d8a77d1d,0,trap,6947,46031686,1,Damage Polarizer,3,1,Polarizador de Daño,1,1,Schadenspolarisator,1,1,Polarisateur de Dommages,1,1,,0,0,pt,pt,missing_name|missing_printing
ba274d31-13dc-48f1-922b-dfb6f69b3d16,0,monster,9640,47126872,1,Space-Time Police,5,1,Policía del Espacio-Tiempo,2,1,Raum-Zeit-Polizei,2,1,Policier Spatiotemporel,2,1,,0,0,pt,pt,missing_name|missing_printing
069efd1a-14db-4550-a83c-007c84b87839,0,monster,9175,22009013,1,Steelswarm Moth,5,2,Polilla Horda de Acero,1,1,Stahlschar-Motte,1,1,Papillon de Nuit Colonie de Chrome,1,1,,0,0,pt,pt,missing_name|missing_printing
6b65807f-1625-48bf-b7cc-dac18b612f3b,0,monster,8314,68087897,1,Scary Moth,3,1,Polilla Terrorífica,1,1,Schaurige Motte,1,1,Papillon du Chaos,2,1,,0,0,pt,pt,missing_name|missing_printing
06a67667-de77-40af-919d-9fa92a2f0cb0,0,spell,9607,65659181,1,Vylon Polytope,4,2,Politopo Vylon,1,1,Vylon-Polytop,1,1,Polytope Vylon,1,1,,0,0,pt,pt,missing_name|missing_printing
51694d3b-d98d-43c9-9367-ba455e350128,0,spell,9344,16708652,1,Karakuri Gold Dust,3,1,Polvo de Oro de los Karakuri,1,1,Karakuri-Goldstaub,1,1,Poussière d'Or Karakuri,1,1,,0,0,pt,pt,missing_name|missing_printing
22fc49a4-04dd-456a-b25e-86dc9387ae87,0,trap,6493,72287557,1,Chthonian Polymer,6,3,Polímero Infernal,2,2,Chthonian Polymer,3,2,Polymère Chthonien,2,2,,0,0,pt,pt,missing_name|missing_printing
dd2870e7-5f46-4ce6-8de7-993ca4f22ee1,0,monster,9218,67904682,1,Dark Flattop,3,1,Portaaviones Oscuro,1,1,Finsterer Träger,1,1,Porte-Avions des Ténèbres,1,1,,0,0,pt,pt,missing_name|missing_printing
41f5fa28-19f0-4f7c-8c42-93be8126ac31,0,trap,10289,58531587,1,Bubble Bringer,3,1,Portador de las Burbujas,1,1,Blasenproduzent,1,1,Fournisseur de Bulles,1,1,,0,0,pt,pt,missing_name|missing_printing
9867b8ca-ec1a-4378-8e80-b8d3eaf5a55a,0,monster,4564,55567161,1,Pot the Trick,0,0,Pot the Trick,0,0,Pot der Trickser | Pot the Trick,0,0,"Pot the Trick | Pot, l’Enjôler",0,0,,0,0,pt,en|es|de|fr|pt,missing_name|missing_printing
c837fa58-841e-4938-b923-3c45e50cb1a2,0,monster,8640,76218643,1,Black Potan,3,1,Potan Negro,1,1,Schwarzes Potan,1,1,Potan Sombre,1,1,,0,0,pt,pt,missing_name|missing_printing
11a5a2da-85cb-42f9-b17b-d735363308f5,0,monster,14235,54112932,1,Potato & Chips,0,0,Potato & Chips,0,0,Potato & Chips,0,0,Potato & Chips,0,0,,0,0,pt,en|es|de|fr|pt,missing_name|missing_printing
bd146f51-8ed8-4a48-be23-f732b2498e95,0,monster,18659,68075840,1,Power Pro Knight Sisters,0,0,Power Pro Knight Sisters,0,0,Power Pro Knight Sisters,0,0,Power Pro Knight Sisters,0,0,,0,0,pt,en|es|de|fr|pt,missing_name|missing_printing
1d7bc5d5-8e94-4984-97f4-2655975c4b88,0,monster,17344,49858495,1,Power Pro Lady Sisters,0,0,Power Pro Lady Sisters,0,0,Power Pro Lady Sisters,0,0,Power Pro Lady Sisters,0,0,,0,0,pt,en|es|de|fr|pt,missing_name|missing_printing
948ef08f-454f-48ea-b961-e9a9929344c3,0,spell,8050,28741524,1,Telekinetic Power Well,3,1,Pozo de Poder Telequinético,1,1,Brunnen der telekinetischen Kraft,1,1,Puits de Force Télékinésique,1,1,,0,0,pt,pt,missing_name|missing_printing
2b487866-11cc-48d2-af3f-a0055f2f14ba,0,monster,4488,33691040,1,Pragtical,2,1,Pragtical,0,0,Pragtical | Stachelsaurier,0,0,Pragtique,1,1,,0,0,pt,es|de|pt,missing_name|missing_printing
dfe600db-9d05-4f7b-8950-a69c1aa0f4af,0,skill,-46,,1,Heavy Metal Raiders,1,1,Predadores Métalicos Pesados,1,1,Schwermetall-Plünderer,1,1,Heavy Metal Raiders,1,1,,1,1,pt,,missing_passcode|missing_name
f381bbda-362c-4b83-adce-fee78f5fce45,0,monster,22922,82370493,2,Predaplant Dheadevil,0,0,,0,0,,0,0,,0,0,,0,0,es|de|fr|pt,en|es|de|fr|pt,missing_name|missing_printing
c17dcda7-ed96-498d-94b8-0b44df2f0876,0,skill,,,1,Premature Material,1,1,,0,0,Unfertiges Material,1,1,Matériel Prématuré,1,1,,0,0,es|pt,es|pt,missing_passcode|missing_name|missing_printing
41e58a50-be06-458a-8fd6-68a8516f53ba,0,skill,-42,,1,Prescience,1,1,Presciencia,1,1,Voraussicht,1,1,Préscience,1,1,Presciência,1,1,,,missing_passcode
d7f57b0d-9177-44d2-a463-0800065e4806,0,monster,8026,39703254,1,Inmato,7,2,Presomate,5,2,Insassomate,5,2,Prisomate,5,2,,0,0,pt,pt,missing_name|missing_printing
5ac54709-2829-4130-b113-f1a44afbd5a6,0,monster,8798,00525110,1,Cherry Inmato,3,1,Presomate Cherry,1,1,Kirsch-Insassomate,1,1,Prisomate Cerise,1,1,,0,0,pt,pt,missing_name|missing_printing
1f15b950-e9c4-4262-98a5-602ecbe62549,0,spell,5164,94425169,1,Spring of Rebirth,4,3,Primavera del Renacimiento,1,1,Quell der Wiedergeburt,1,1,Printemps de la Renaissance,1,1,,0,0,pt,pt,missing_name|missing_printing
4fe9dc87-f28d-4751-bbe8-6de14d7ecc1f,0,monster,6606,02316186,1,Princess Curran,6,2,Princesa Curran,2,1,Prinzessin Curran,2,1,Princesse Curran,2,1,,0,0,pt,pt,missing_name|missing_printing
0511f290-a6e6-446e-9a71-e0f12dfc78d6,0,monster,6605,75917088,1,Princess Pikeru,6,2,Princesa Pikeru,2,1,Prinzessin Pikeru,2,1,Princesse Pikeru,2,1,,0,0,pt,pt,missing_name|missing_printing
568d3bf9-34d1-4dbf-8541-b1311389d998,0,monster,5197,64752646,1,Fire Princess,8,6,Princesa de Fuego,3,3,Feuerprinzessin,4,4,Princesse du Feu,3,3,,0,0,pt,pt,missing_name|missing_printing
a5f71d29-86bd-4ffd-81d5-4103530d0a75,0,monster,8891,28348537,1,Blizzard Princess,4,2,Princesa de la Tormenta de Nieve,2,1,Blizzardprinzessin,2,1,Princesse du Blizzard,2,1,,0,0,pt,pt,missing_name|missing_printing
3e3d61ab-a7fd-4157-9664-d57f2002cca6,0,trap,9953,26586849,1,Royal Prison,3,1,Prisión Real,1,1,Königliches Gefängnis,1,1,Prison Royale,1,1,Prisão Real,0,0,,pt,missing_printing
1a533a63-df7d-4eef-812b-3b9b9cc668e9,0,trap,9009,20138923,1,Anti-Magic Prism,3,1,Prisma Antimagia,1,1,Antimagie-Prisma,1,1,Prisme Anti-Magie,2,1,,0,0,pt,pt,missing_name|missing_printing
ef60a424-06ad-4a65-98a6-d7abc916f73d,0,trap,6623,06859683,1,Success Probability 0%,6,3,Probabilidad de Éxito 0%,1,1,Siegeswahrscheinlichkeit 0%,2,2,Probabilité de Succès : 0%,1,1,,0,0,pt,pt,missing_name|missing_printing
e50dde9d-1947-5a79-b753-633c83b45cbf,0,,23309,,0,Angelechy Problem,1,1,Problema de Angelequia,1,1,Engelechy-Problem,1,1,Problème Angetélité,1,1,Problema de Anjoléquia,1,1,,,missing_passcode|missing_art
15c0194a-228b-4d0e-a802-2abe92273f0c,0,trap,5439,39537362,1,Ordeal of a Traveler,8,5,Problemas del Viajero,2,2,Belastungsprobe eines Reisenden,3,3,Ordalie du Voyageur,3,3,,0,0,pt,pt,missing_name|missing_printing
c0a60a4a-4e69-4fec-91ce-5c23466c5e87,0,skill,,,1,Professor of Alchemy,1,1,,1,1,,1,1,Professeur d'Alchimie,1,1,,1,1,es|de|pt,,missing_passcode|missing_name
1e5c095a-174c-491a-8967-3224ed2643b3,0,skill,-63,,1,Mythic Depths,1,1,Profundidades Míticas,1,1,Mystische Tiefen,1,1,Profondeurs Mythiques,1,1,Profundezas Míticas,1,1,,,missing_passcode
070dded8-da07-4f9f-a97c-9e4ae9e3858c,0,monster,8902,89770167,1,"Prominence, Molten Swordsman",5,2,"Prominencia, Espadachín Fundido",1,1,"Prominence, geschmolzener Schwertkämpfer",1,1,Prominence le Combattant en Fusion,1,1,,0,0,pt,pt,missing_name|missing_printing
afc60b43-d4e2-4c35-afdb-09a849068528,0,monster,6983,13846680,1,Firestorm Prominence,3,1,Prominenecia de la Tormenta de Feugo | Prominenecia de la Tormenta de Fuego,1,1,Feuersturmprotuberanz,1,1,Proéminence de la Tempête de Feu,1,1,,0,0,pt,pt,missing_name|missing_printing
58d9ec4e-e658-468d-a881-c8fb14a75db3,0,trap,,,1,Protective Stone Gardenscaping,0,0,,0,0,,0,0,,0,0,,0,0,es|de|fr|pt,en|es|de|fr|pt,missing_passcode|missing_name|missing_printing
a7d618b0-c023-494c-9a19-d0224b17f067,0,monster,8029,38981606,1,Desert Protector,3,1,Protector Desértico,1,1,Wüstenbeschützer,1,1,Protecteur du Désert,1,1,,0,0,pt,pt,missing_name|missing_printing
27d63b17-11be-488b-964b-56ee2678485a,0,monster,7717,85060248,1,Mind Protector,3,1,Protector de la Mente,1,1,Gedankenbeschützer,1,1,Défenseur Mental,1,1,,0,0,pt,pt,missing_name|missing_printing
0eac201f-eb22-46d4-947d-d70209987836,0,monster,9033,00176392,1,Koa'ki Meiru Prototype,3,1,Prototipo Koa'ki Meiru,1,1,Prototyp von Koa'ki Meiru,1,1,Prototype Koa'ki Meiru,1,1,,0,0,pt,pt,missing_name|missing_printing
11c2e4ef-26c1-403a-8bbb-8fe985cdcc3f,0,trap,8228,11373345,1,Proof of Powerlessness,3,1,Prueba de Indefensión,1,1,Beweis der Machtlosigkeit,1,1,Preuve d'Impuissance,1,1,,0,0,pt,pt,missing_name|missing_printing
4f991d50-e888-41d5-b827-431213005c9a,0,monster,6987,58012107,1,Alien Psychic,3,1,Psíquico Alienígena | Psíquico Alienígena (Actualizado de: Psíquico Alien),1,1,Außerirdisches Medium,1,1,Télépathe Alien,1,1,,0,0,pt,pt,missing_name|missing_printing
364b35bf-ad9f-4ab6-b1c2-ce0e64fd7ae6,0,monster,8181,80102359,1,Reinforced Human Psychic Borg,3,1,Psíquico Humano Cibernético Reforzado,1,1,Verstärkter menschlicher Psiborg,1,1,Super Psyborg,1,1,,0,0,pt,pt,missing_name|missing_printing
e138ebbe-9491-4b5c-8b58-a8f69031921e,0,trap,9789,93504463,1,Evolutionary Bridge,3,1,Puente Evolutivo,1,1,Brücke der Evolution,1,1,Couloir d'Évolution,1,1,,0,0,pt,pt,missing_name|missing_printing
27b9bcee-8213-4ab1-9458-c43813c5bbb0,0,spell,9774,07405310,1,Extra Gate,3,1,Puerta Extra,1,1,Tür nach draußen,1,1,Porte Supplémentaire,1,1,,0,0,pt,pt,missing_name|missing_printing
e76c232f-8089-407b-9d9c-fa28a764ffaf,0,monster,6229,36931229,1,Castle Gate,3,1,Puerta del Castillo,1,1,Burgtor,2,1,Portes du Château,2,1,,0,0,pt,pt,missing_name|missing_printing
59ed9cf5-223b-427a-b1d0-e66951398b98,0,monster,4061,41762634,1,Giant Flea,2,2,Pulga Gigante,1,1,Riesenfloh,1,1,Puce Géante,1,1,,0,0,pt,pt,missing_name|missing_printing
7eab2741-176d-46e4-b2b5-0fc2062c4b53,0,skill,,,1,Pulling the Strings,1,1,,0,0,,0,0,,0,0,,0,0,es|de|fr|pt,es|de|fr|pt,missing_passcode|missing_name|missing_printing
e6a08204-f044-5550-8c17-43409e2988bc,0,,22988,,0,Purification Power Patron,1,1,Purificación Modelo de Poder,1,1,Reinigungs-Machtpatron,1,1,Mécène du Pouvoir de la Purification,1,1,Patrono do Poder da Purificação,1,1,,,missing_passcode|missing_art
eccd4fd3-9435-4a3b-ae36-67098987cf5f,0,trap,10210,36378044,1,Lucky Punch,3,1,Puñetazo Afortunado,1,1,Glückstreffer,1,1,Coup de Poing Chanceux,1,1,,0,0,pt,pt,missing_name|missing_printing
d63e427b-5e52-4a8a-a30c-dcfe35351a3e,0,trap,5267,05616412,1,Destruction Punch,7,6,Puñetazo Destructor,2,2,Zerstörungshieb,3,3,Coup de Poing Destructeur,3,3,,0,0,pt,pt,missing_name|missing_printing
4ec7d584-1421-41dc-ade4-769ee153068a,0,spell,6844,40830387,1,Ancient Gear Fist,3,1,Puño de Mecanismo Antiguo,1,1,Antike Antriebsfaust,1,1,Poing Rouages Ancients,1,1,,0,0,pt,pt,missing_name|missing_printing
2d90eb90-7d05-47d6-97e4-e89c20f254fa,0,monster,4526,72929454,1,Turtle Bird,1,1,Pájaro Tortuga | Turtle Bird,0,0,Schildkrötenvogel | Turtle Bird,0,0,Oiseau Tortue | Turtle Bird,0,0,Pássaro Tartaruga,0,0,,es|de|fr|pt,missing_printing
febcba99-e2d6-41fe-9241-f29bf62fac82,0,monster,9566,86174055,1,Speed Bird,2,1,Pájaro Veloz,1,1,Rasender Vogel,1,1,Oiseau de Vitesse,1,1,,0,0,pt,pt,missing_name|missing_printing
e7766b2a-037a-4809-98cb-97f85f730292,0,monster,5257,71283180,1,Tornado Bird,6,5,Pájaro del Tornado,2,2,Tornadovogel,3,3,Oiseau Tornade,3,3,,0,0,pt,pt,missing_name|missing_printing
2632a581-7312-46e7-aa47-0b450e13fb75,0,trap,6518,92219931,1,Simultaneous Loss,4,2,Pérdida Simultánea,1,1,Gleichzeitiger Verlust,1,1,Perte Simultanée,1,1,,0,0,pt,pt,missing_name|missing_printing
b8016185-288f-4084-9068-5a2c69e86a17,0,monster,6869,50263751,1,Greed Quasar,3,1,Quasar de la Avaricia,1,1,Quasar der Raffgier,1,1,Quasar de Cupidité,1,1,,0,0,pt,pt,missing_name|missing_printing
5f3ef411-5815-4c4b-8943-d1de9dac9268,0,monster,9851,,1,Queen Nereia the Silvercrown,2,1,,0,0,,0,0,,0,0,,0,0,es|de|fr|pt,es|de|fr|pt,missing_passcode|missing_name|missing_printing
ec3019e0-c805-44aa-8673-e2f902fefaba,0,monster,4644,04179849,1,Queen of Autumn Leaves,1,1,Queen of Autumn Leaves,0,0,Königin Herbstlaub | Königin des Herbstlaubs | Queen of Autumn Leaves,0,0,Queen of Autumn Leaves | Reine des Feuilles de l'Automne | Reine des Feuilles d’Automne,0,0,,0,0,pt,es|de|fr|pt,missing_name|missing_printing
09b37ea0-8647-4d55-84e6-9127cdae510a,0,monster,8905,88958576,1,Laval Burner,5,2,Quemador Laval,1,1,Laval-Brenner,1,1,Brûleur Laval,1,1,,0,0,pt,pt,missing_name|missing_printing
077adf56-fd47-4f8d-bf92-eae0b20ba8d7,0,spell,8340,50418970,1,Spirit Burner,3,1,Quemador de Espíritus,1,1,Geisterbrenner,1,1,Absorption Spirituelle,2,1,,0,0,pt,pt,missing_name|missing_printing
1d12fd30-c0ae-4d52-9571-85856f8045a4,0,trap,7227,04466015,1,Venom Burn,3,1,Quemadura de Veneno,1,1,Giftverbrennung,1,1,Brûlure Venimeuse,1,1,,0,0,pt,pt,missing_name|missing_printing
bdf96a61-a4c7-4b79-a9e2-6e478dc2ad99,0,monster,4093,32344688,1,Dark Chimera,0,0,Quimera Oscura,0,0,Dunkle Chimära,0,0,Chimère des Ténèbres,0,0,Quimera Negra,0,0,,en|es|de|fr|pt,missing_printing
ed98332a-eb40-421d-bee6-317b55d9f78e,0,skill,,,1,Chemistry in Motion,1,1,Química en Movimiento,1,1,Chemie in Bewegung,1,1,Chimie en Action,1,1,,1,1,pt,,missing_passcode|missing_name
d4a1c036-e0d9-4585-bb9f-4f2625ec542d,0,monster,8404,46572756,1,R-Genex Ultimum,4,2,R-Genex Ultimum,1,1,R-Genex-Ultimum,1,1,Genex-R Ultimatum,1,1,,0,0,pt,pt,missing_name|missing_printing
6bd3c889-0edf-408a-86ed-3ad5bfcd41a9,0,monster,6604,49522489,1,Beelze Frog,4,2,RANA Beelze | RANA Beelze (Actualizado de: Rana Beelze),1,1,Teufelsfrosch,1,1,Grenouille Maléfique,1,1,,0,0,pt,pt,missing_name|missing_printing
39bb5828-920f-4313-86be-b1254faa389c,0,monster,6614,09910360,1,D.3.S. Frog,4,2,RANA D.3.S. | RANA D.3.S. (Actualizado de: Rana D.3.S.),1,1,D.3.S. Frosch,2,1,Grenouille D3S,1,1,,0,0,pt,pt,missing_name|missing_printing
c6e01176-d7e3-4372-a941-731f64f3a0ad,0,monster,8145,63948258,1,Submarine Frog,3,1,RANA Submarina | RANA Submarina (Actualizado de: Rana Submarina),1,1,U-Boot-Frosch,1,1,Grenouille Subaquatique,1,1,,0,0,pt,pt,missing_name|missing_printing
b5b1382c-7224-41ac-8069-d66a836c8098,0,monster,7943,81278754,1,Flip Flop Frog,3,1,RANA al Revés | RANA al Revés (Actualizado de: Rana al Revés),1,1,Flipp-Flopp-Frosch,2,1,Grenouille Flip Flap,1,1,,0,0,pt,pt,missing_name|missing_printing
505c88bc-0e0b-44ed-a483-55dd053c7741,0,trap,9546,38318146,1,Tyrant's Tantrum,3,1,Rabieta del Tirano,1,1,Wutanfall des Tyrannen,1,1,Colère du Tyran,1,1,,0,0,pt,pt,missing_name|missing_printing
01a07516-fb4f-4ed1-8ada-e2f7a6bbc575,0,token,,28674153,1,Radian Token,0,0,Radian Token,0,0,Radian Token,0,0,Radian Token,0,0,,0,0,pt,en|es|de|fr|pt,missing_name|missing_printing
aa702323-2f9e-4f9f-b5f0-b34e809a8564,0,monster,7879,55119278,1,Morphtronic Radion,3,1,Radión Morfotrónico,1,1,Morphtronisches Radio,1,1,Radion Morphtronique,1,1,,0,0,pt,pt,missing_name|missing_printing
2c537412-2f36-4d65-a0a5-c2a68ea1ce53,0,monster,8081,37829468,1,Rai-Jin,3,1,Rai-Jin,1,1,Rai-Jin,2,1,"Rai-Jin, Combattant du Tonnerre",1,1,,0,0,pt,pt,missing_name|missing_printing
139ca055-d776-460b-941b-5a17dc01161e,0,monster,8082,63223467,1,Rai-Mei,3,1,Rai-Mei,1,1,Rai-Mei,1,1,"Rai-Mei, Guerrière de la Foudre",1,1,,0,0,pt,pt,missing_name|missing_printing
2de517b4-afd2-4931-bbaa-8a1b5e50e1a8,0,monster,4500,29402771,1,Rainbow Marine Mermaid,0,0,Rainbow Marine Mermaid,0,0,Rainbow Marine Mermaid | Regenbogennixe,0,0,Rainbow Marine Mermaid | Sirène Marine d’Arc-en-Ciel,0,0,,0,0,pt,en|es|de|fr|pt,missing_name|missing_printing
f7f1dacd-8353-400a-94a8-a7003977e85c,0,monster,6778,41382147,1,Rallis the Star Bird,3,1,Rallis el Pájaro Estelar,1,1,"Rallis, der Sternenvogel",2,1,"Rallis, l'Oiseau-Étoile",2,1,,0,0,pt,pt,missing_name|missing_printing
190f6250-d7ea-428a-8814-54e832e3c5cc,0,monster,4635,16246527,1,Armored Rat,0,0,Rata Blindada,0,0,Panzerratte,0,0,Rat Cuirassé,0,0,,0,0,pt,en|es|de|fr|pt,missing_name|missing_printing
12b56a71-c917-446d-9180-3ecc474aeacc,0,monster,7191,33112041,1,Volcanic Rat,3,1,Rata Volcánica,1,1,Vulkanische Ratte,1,1,Rat Volcanique,1,1,Rato Vulcânico,0,0,,pt,missing_printing
d8be9503-9814-4907-a5c6-b97220a69bfa,0,monster,9897,57962537,1,Wind-Up Rat,3,1,Rata de Cuerda,1,1,Aufzieh-Ratte,1,1,Rat Automate,1,1,,0,0,pt,pt,missing_name|missing_printing
d739a640-fe3f-43da-bef0-cacd91960119,0,monster,8812,00135598,1,Key Mouse,3,1,Ratón Llave,1,1,Schlüsselmaus,1,1,Souris des Clés,1,1,,0,0,pt,pt,missing_name|missing_printing
43d1f502-c153-4f35-a21b-0673686952d5,0,monster,,,1,"Raviel, Lord of Phantasms - Sacred Beast of Endless Eternity",0,0,,0,0,,0,0,,0,0,,0,0,es|de|fr|pt,en|es|de|fr|pt,missing_passcode|missing_name|missing_printing
d2860493-4660-48c2-942b-752969eb5553,0,trap,6812,59258334,1,Brainwashing Beam,3,1,Rayo Lavacerebros,1,1,Gehirnwäschestrahl,1,1,Rayon de Lavage de Cerveau,1,1,,0,0,pt,pt,missing_name|missing_printing
7bbfb52f-c1db-5c1b-9681-6717c9f984e6,0,,23017,,0,Blitzclique Return Stroke,1,1,Rayo de Retorno Blitzclique,1,1,Blitzcliquen-Rückblitz,1,1,Décharge en Retour de la Blitzclique,1,1,Descarga de Retorno Blitzclique,1,1,,,missing_passcode|missing_art
cd227ee1-43a1-5e85-ae2e-dfba6b8c792e,0,,22974,,0,Twilight Specter Rayrage,1,1,Raypejismo Espectro del Crepúsculo,1,1,Zwielichtgespenst Raylussion,1,1,Crépuscule Spectral Rayrage,1,1,Espectro do Crepúsculo Rayragem,1,1,,,missing_passcode|missing_art
ffd2f505-eb1a-4496-b807-08f6ffff03a8,0,monster,,,1,"Rayrage, the Twilight Fiend",0,0,,0,0,,0,0,,0,0,,0,0,es|de|fr|pt,en|es|de|fr|pt,missing_passcode|missing_name|missing_printing
d4c8e343-decc-4bcf-a34e-803d493dcc4a,0,monster,8002,15175429,1,Spell Reactor ・RE | Spell Reactor・RE,3,1,Reactor de Hechizos · NEO | Reactor de Hechizos ・NEO,1,1,Zauberreaktor ・RE | Zauberreaktor•RE,1,1,Réacteur de Magie ・CIEL | Réacteur de Magie・CIEL,1,1,,0,0,pt,pt,missing_name|missing_printing
e58444c7-780f-4c6b-9755-e993b0e9997a,0,monster,7998,89493368,1,Summon Reactor ・SK | Summon Reactor・SK,3,1,Reactor de Invocación ・CIELO | Reactor de Invocación・CIELO,1,1,Beschwörungsreaktor ・SK | Beschwörungsreaktor·SK,1,1,Réacteur d'Invocation ・FEU,1,1,,0,0,pt,pt,missing_name|missing_printing
9d7a32bc-4d3d-4c2d-9f75-40ccd6d85d9c,0,monster,8000,52286175,1,Trap Reactor ・Y FI | Trap Reactor・Y FI,3,1,Reactor de Trampas ・ÍG,1,1,Fallenreaktor ・Y FI | Fallenreaktor•Y FI,1,1,Réacteur de Piège ・DU,1,1,,0,0,pt,pt,missing_name|missing_printing
945984b9-2209-4011-8381-e42c2b91e645,0,trap,7328,83778600,1,Foolish Revival,3,1,Reanimación Idiota,1,1,Törichte Rückkehr,1,1,Résurrection Absurde,1,1,,0,0,pt,pt,missing_name|missing_printing
918f38e7-24ce-4fd8-b1ab-3a4a28dddcd7,0,monster,7103,17415895,1,Volcanic Slicer,5,1,Rebanador Volcánico,2,1,Vulkanischer Häcksler,2,1,Trancheur Volcanique,2,1,,0,0,pt,pt,missing_name|missing_printing
ad1402ed-9a86-4e39-9b3d-44bbb6a1ac0c,0,monster,10034,17189532,1,Phantom Bounzer,3,1,Rebotador Fantasma,2,1,Phantom-Rausschmeißer,1,1,Fantôme Bounzer,1,1,,0,0,pt,pt,missing_name|missing_printing
6dafdf1b-ee96-4253-832c-e101f564b627,0,monster,10033,70194827,1,Blade Bounzer,3,1,Rebotador de la Hoja,1,1,Klingen-Rausschmeißer,1,1,Lame Bounzer,1,1,,0,0,pt,pt,missing_name|missing_printing
2697a58e-0e87-4998-9a8c-dda393d2410f,0,monster,10032,44790889,1,Hammer Bounzer,3,1,Rebotador del Martillo,2,1,Hammer-Rausschmeißer,1,1,Marteau Bounzer,1,1,,0,0,pt,pt,missing_name|missing_printing
f1f44f01-28c2-4834-a1e5-9fb34433619a,0,trap,10209,00983995,1,Rebound,3,1,Rebote,1,1,Abpraller,1,1,Rebond,1,1,,0,0,pt,pt,missing_name|missing_printing
c0cd1a90-3675-4626-a2dc-98878289ee3d,0,monster,8967,41224658,1,Ambitious Gofer,7,2,Recadero Ambicioso,3,2,Ehrgeiziger Handlanger,3,2,Gofer Ambitieux,4,2,,0,0,pt,pt,missing_name|missing_printing
043bf18a-5648-4dcb-ad42-68714725f460,0,trap,6676,36586443,1,Elemental Recharge,8,4,Recarga Elemental,2,2,Elementaraufladung,3,3,Recharge Élémentaire,2,2,,0,0,pt,pt,missing_name|missing_printing
3a937827-20c1-4712-b079-294dce27fa96,0,trap,7131,33725271,1,Volcanic Recharge,3,1,Recarga Volcánica,1,1,Vulkanische Wiederaufladung,1,1,Recharge Volcanique,1,1,,0,0,pt,pt,missing_name|missing_printing
11209919-ba7b-467b-9993-00edbc83e9ee,0,trap,7232,76137276,1,Spell Reclamation,3,1,Reclamación Mágica,1,1,Zauberreklamation,1,1,Capture de Magie,1,1,,0,0,pt,pt,missing_name|missing_printing
d8e08753-b927-4b92-a1e8-469ff87f5e28,0,trap,7233,02122975,1,Trap Reclamation,3,1,Reclamación de Trampa,1,1,Fallenreklamation,2,1,Capture de Piège,2,1,,0,0,pt,pt,missing_name|missing_printing
7874fc21-5a5b-4615-8ae6-bd465c2a99b4,0,spell,15589,52962804,1,Dragunity Draft,0,0,Reclutamiento Dracounidad,0,0,Einberufung der Dracheneinheit,0,0,Enrôlement Dragunité,0,0,Recrutamento da Dragunidade,0,0,,en|es|de|fr|pt,missing_printing
d060d58a-19b6-488c-99d2-cc4210431248,0,skill,,,1,Archfiend's Conscription,1,1,Reclutamiento del Archidemonio,1,1,,1,1,Conscription de l'Archdémon,1,1,,1,1,de|pt,,missing_passcode|missing_name
9eac1932-32d5-4997-9ec4-15c94bf6bc46,0,trap,22724,92936364,3,Red Dragon Archfiend's Chain,0,0,,0,0,,0,0,,0,0,,0,0,es|de|fr|pt,en|es|de|fr|pt,missing_name|missing_printing
09fcd3e3-df02-4726-8ade-a93b362c36cc,0,monster,22723,65541655,2,Red Nova Dragon - Burning Soul,0,0,,0,0,,0,0,,0,0,,0,0,es|de|fr|pt,en|es|de|fr|pt,missing_name|missing_printing
1310d271-35ab-4d61-b549-771851152594,0,skill,,,1,Red-Eye Inferno,1,1,,0,0,,0,0,,0,0,,0,0,es|de|fr|pt,es|de|fr|pt,missing_passcode|missing_name|missing_printing
af4c415c-8858-4960-b4b5-019bb4b5c263,0,monster,9383,36331074,1,"Reeze, Whirlwind of Gusto",4,2,"Reeze, Remolino de Gusto",1,1,"Reeze, Wirbelwind von Gusto",1,1,"Reeze, Tourbillon de Gusto",1,1,,0,0,pt,pt,missing_name|missing_printing
f75e8957-ab28-44cc-a12e-604bdc09022d,0,trap,8843,15313433,1,Infernity Reflector,3,1,Reflector Inférnico,1,1,Ewig infernaler Reflektor,1,1,Miroir Enfernité,1,1,,0,0,pt,pt,missing_name|missing_printing
9f178dd1-dd77-4466-9803-3defe6733e38,0,spell,5395,61844784,1,Magic Reflector,6,4,Reflector Mágico,2,2,Magischer Reflektor,3,2,Réflecteur Magique,3,2,,0,0,pt,pt,missing_name|missing_printing
dd84e3f9-92dc-4eb2-9955-e66182fea9c8,0,trap,8676,83467607,1,Nature's Reflection,3,1,Reflejo de la Naturaleza,1,1,Spiegelung der Natur,1,1,Reflet de la Nature,1,1,,0,0,pt,pt,missing_name|missing_printing
c50e43a3-856b-42a1-a358-2a6a089dbc92,0,trap,4826,35563539,1,Mystical Refpanel,3,1,Refpanel Mística,1,1,Mystischer Blendspiegel,2,1,Miroir Mystique,1,1,,0,0,pt,pt,missing_name|missing_printing
7a1f837b-d695-4674-9d03-e1c943aa7bcb,0,trap,8363,08057630,1,Core Reinforcement,3,1,Refuerzo del Núcleo,1,1,Kernverstärkung,1,1,Renforcement de Noyau,1,1,,0,0,pt,pt,missing_name|missing_printing
5f5f3566-16e2-40b8-870c-67edda64cf0f,0,spell,9239,52128900,1,Synchro Gift,3,1,Regalo Sincro,1,1,Synchrogeschenk,2,1,Cadeau Synchro,1,1,,0,0,pt,pt,missing_name|missing_printing
eb308568-321d-4e93-97b0-7bb1e69a9021,0,spell,9767,72355441,1,Xyz Gift,5,1,Regalo Xyz,2,1,Xyz-Geschenk,2,1,Cadeau Xyz,2,1,,0,0,pt,pt,missing_name|missing_printing
d1cec181-92c0-4596-9263-45b343b5070c,0,trap,7923,93912845,1,Revival Gift,3,1,Regalo de la Reanimación,1,1,Geschenk der Auferstehung,1,1,Cadeau de Rétablissement,1,1,,0,0,pt,pt,missing_name|missing_printing
839f0427-4d89-4893-a133-c51ff97bb7ea,0,monster,4369,68401546,1,Fairy's Gift,3,2,Regalo del Hada,1,1,Geschenk der Fee,1,1,Cadeau de Fée,1,1,,0,0,pt,pt,missing_name|missing_printing
329b87d6-fb27-4700-bb03-10c8ea3e7cdc,0,trap,8072,49980185,1,Supernatural Regeneration | Supernatural Regeneration (Updated from: Metaphysical Regeneration),2,1,Regeneración Sobrenatural | Regeneración Sobrenatural (Actualizado de: Regeneración Metafísica),1,1,Übernatürliche Regeneration | Übernatürliche Regeneration (Geändert von: Metaphysische Regeneration),1,1,Régénération Surnaturelle | Régénération Surnaturelle (Actualisé de : Régénération Métaphysique),1,1,,0,0,pt,pt,missing_name|missing_printing
98d99783-74f8-465a-b1f6-14214ddfd9aa,0,token,,31986289,1,Regenerating Rose Token,0,0,Regenerating Rose Token,0,0,Regenerating Rose Token,0,0,Regenerating Rose Token,0,0,,0,0,pt,en|es|de|fr|pt,missing_name|missing_printing
ca41aafd-684b-4479-981e-06132ae3e2f3,0,spell,21196,31786838,1,Regenesis,0,0,,0,0,,0,0,,0,0,,0,0,es|de|fr|pt,en|es|de|fr|pt,missing_name|missing_printing|shared_passcode
3135fb54-c398-5988-a6ed-e3685e9d6f40,0,,23011,,0,Ragged Records of Rites,1,1,Registros de Rituales Desgarrados,1,1,Zerrissene Aufzeichnungen der Riten,1,1,Archives Décrépites de Rites,1,1,Registros Destroçados de Ritos,1,1,,,missing_passcode|missing_art
35e4ff42-3858-4275-89ce-ee1a1dfc9172,0,trap,7383,85854214,1,Hero's Rule 2,3,1,Regla del Héroe Nº2,1,1,Heldenregel 2,1,1,Règle des Héros 2,1,1,,0,0,pt,pt,missing_name|missing_printing
82024e4e-a6bb-4665-a913-588e5e2b38b3,0,trap,8221,86223870,1,Level Retuner,5,3,Regresador del Nivel,3,2,Stufenumstimmer,3,2,Modificateur de Niveau,3,2,,0,0,pt,pt,missing_name|missing_printing
c8864e90-c2d7-445f-a9e6-b32c9b22270a,0,trap,6946,10537981,1,Return Soul,3,1,Regresar el Alma,1,1,Seele zurückbringen,1,1,Retourne Âme,1,1,Retorno da Alma,0,0,,pt,missing_printing
a8436a9d-4659-4ef2-a955-273b805677be,0,trap,10098,47247413,1,Return,2,1,Regreso,1,1,Reklamation,1,1,Retour,1,1,,0,0,pt,pt,missing_name|missing_printing
f2799781-d3eb-4963-a32d-90b1a1c213e5,0,spell,9848,57902193,1,Painful Return,3,1,Regreso Doloroso,1,1,Schmerzhafte Rückkehr,2,1,Retour Douloureux,1,1,,0,0,pt,pt,missing_name|missing_printing
58d8f33f-d01b-4227-b503-d02a5ff22579,0,spell,6536,27191436,1,Burst Return,5,2,Regreso del Estallido,1,1,Burst Rückkehr,2,2,Retour Explosif,1,1,,0,0,pt,pt,missing_name|missing_printing
45973a28-4cd5-45d6-af9d-32661eb24ad8,0,spell,7312,24285858,1,Gladiator's Return,7,3,Regreso del Gladiador,2,2,Rückkehr des Gladiators,3,3,Le Retour des Gladiateurs,2,2,,0,0,pt,pt,missing_name|missing_printing
d2793931-e99a-453d-8dac-24b9d844b9f7,0,monster,8442,20210570,1,Regulus,3,1,Regulus,1,1,Regulus,1,1,Alpha Leonis,1,1,,0,0,pt,pt,missing_name|missing_printing
6c25efd8-f56d-4238-8e0d-d53821a5c833,0,spell,21196,31786838,1,Regenesis (card),2,0,Regénesis,2,1,Regenesis,2,1,Regenèse,2,1,Regênese,2,1,,,shared_passcode
a1baa378-0657-46a6-9701-2da7d8cc4bba,0,monster,10072,90726340,1,Queen Dragun Djinn,3,1,Reina Dragoon Genio,2,1,Königin Dragoondschinn,1,1,Génie Reine Dragun,1,1,Rainha Dragun Djinn,0,0,,pt,missing_printing
77936500-99e0-4bd9-9567-edaa3083a2b5,0,monster,8625,80513550,1,Dragon Queen of Tragic Endings,3,1,Reina Dragón de los Finales Trágicos,1,1,Drachenkönigin des unheilvollen Endes,1,1,Reine Dragon de la Destinée Tragique,1,1,,0,0,pt,pt,missing_name|missing_printing
b9fd9114-2223-42da-8475-466b4fd8d228,0,monster,7498,14462257,1,Ice Queen,6,3,Reina de Hielo,1,1,Eiskönigin,3,3,Reine de Glace,1,1,,0,0,pt,pt,missing_name|missing_printing
49f00873-3739-4c2f-b006-229d27e7fa4c,0,monster,6534,,1,Queen of Fate - Eternia,2,1,Reina del Destino - Eternia,0,0,Königin des Schicksals - Eternia,0,0,Éternia la Reine du Destin,0,0,,0,0,pt,es|de|fr|pt,missing_passcode|missing_name|missing_printing
52b9f3a8-5864-4c38-9c73-c4ba2e166238,0,skill,-26,,1,Dinosaur Kingdom,1,1,Reino Dinosaurio,1,1,Reich der Dinosaurier,1,1,Royaume des Dinosaures,1,1,Reino dos Dinossauros,1,1,,,missing_passcode
42bba501-8915-464b-8eaa-6effbb83170c,0,spell,20600,55154344,2,Ryu-Ge Realm - Wyrm Winds,4,1,Reino Ryu-Ge - Vientos de Wyrms,4,1,Ryuge-Reich - Wyrmwinde,4,1,Royaume Ryu-Ge - Vents de Wyrm,4,1,Reino Ryu-Ge - Ventos Wyrm,4,1,,,shared_passcode
e16cd3a9-dd11-4d06-bc2b-91aed20af55f,0,trap,7767,21488686,1,Psychic Rejuvenation,3,1,Rejuvenecimiento Psíquico,1,1,Psi-Verjüngung,1,1,Guérison Psychique,1,1,,0,0,pt,pt,missing_name|missing_printing
0efc1bbe-4eba-487e-b7d4-340e42152390,0,skill,,,1,Chillin' Outback,1,1,Relax Rural,1,1,Chillen im Hinterland,1,1,À la Cool,1,1,,1,1,pt,,missing_passcode|missing_name
98112abd-661f-42bf-b154-d336713a17e2,0,trap,9149,79178930,1,Karakuri Klock,2,1,Reloj Karakuri,1,1,Karakuri-Wecker,1,1,Horloge Karakuri,1,1,,0,0,pt,pt,missing_name|missing_printing
b0930595-b96c-44bd-ac68-b57d009dcc5f,0,monster,4622,43530283,1,Hourglass of Courage,3,1,Reloj de Arena del Coraje,1,1,Sanduhr des Muts,1,1,Sablier du Courage,1,1,,0,0,pt,pt,missing_name|missing_printing
b12b789d-0c0b-4be7-8ea8-64c83ab59013,0,trap,5447,01082946,1,Pyro Clock of Destiny,2,1,Reloj de Fuego del Destino,0,0,Pyro-Uhr des Schicksals,0,0,Horloge Pyro de la Destinée,0,0,Relógio de Fogo do Destino,0,0,,es|de|fr|pt,missing_printing
48e65356-4af1-4b77-9c61-615c3f0369fc,0,trap,9000,22205600,1,Chain Whirlwind,3,1,Remolino de Cadenas,1,1,Kettenwirbelwind,1,1,Tornade de Chaîne,2,1,,0,0,pt,pt,missing_name|missing_printing
0bedfb2b-6e2a-4b0b-9128-452d2b86ff73,0,trap,9689,86690572,1,Burgeoning Whirlflame,3,1,Remolino de Fuego Floreciente,1,1,Auflodernder Flammenwirbel,1,1,Vortex de Feu Grandissant,1,1,,0,0,pt,pt,missing_name|missing_printing
44148daa-8277-489b-8bb8-3a9cf2c286df,0,trap,9611,91822647,1,Whirlwind of Gusto,4,2,Remolino de Gusto,1,1,Wirbelwind von Gusto,1,1,Tourbillon de Gusto,1,1,,0,0,pt,pt,missing_name|missing_printing
7e194ec6-5ea5-43da-a867-2c5bf0e37730,0,spell,6905,37011715,1,Miraculous Rebirth,6,2,Renacimiento Milagroso,0,0,Wundersame Wiedergeburt,3,2,Renaissance Miraculeuse,3,2,,0,0,pt,es|pt,missing_name|missing_printing
d9906879-285e-47f9-8c6e-d7110467e514,0,trap,13285,54658815,1,Remote Rebirth,3,2,Renacimiento Remoto,0,0,Fernwiedergeburt,0,0,Renaissance Télécommandée,0,0,Renascimento Remoto,0,0,,es|de|fr|pt,missing_printing
dc20174f-3bf7-4e67-87e0-690017fae2a8,0,spell,7216,43644025,1,Cocoon Rebirth,3,1,Renacimiento de Crisálida,1,1,Kokon-Wiedergeburt,1,1,Renaissance Chrysalide,1,1,,0,0,pt,pt,missing_name|missing_printing
809e981b-022d-4098-860a-4687aff336b8,0,monster,7885,53274132,1,Iron Chain Repairman,3,1,Reparador de Cadena de Hierro,2,1,Eisenketten-Mechaniker,1,1,Forgeron Chaîne de Fer,1,1,,0,0,pt,pt,missing_name|missing_printing
cabf8c74-132f-4f68-a839-38bc2ce83206,0,token,,21179144,1,Reptilianne Token,0,0,Reptilianne Token,0,0,Reptilianne Token,0,0,Reptilianne Token,0,0,,0,0,pt,en|es|de|fr|pt,missing_name|missing_printing
547dacc0-8116-4e04-ba59-a971f02331e6,0,monster,8304,34659866,1,Darksea Rescue,3,1,Rescate Maroscuro,1,1,Finstermeer-Rettungsboot,1,1,Canot de la Mer Sombre,1,1,,0,0,pt,pt,missing_name|missing_printing
3f6f0c50-84a8-4fe8-b507-3a8c22b6d07a,0,spell,9343,80204957,1,Karakuri Cash Cache,2,1,Reserva de Dinero de los Karakuri,1,1,Karakuri-Geldspeicher,1,1,Coffre-Fort Karakuri,1,1,,0,0,pt,pt,missing_name|missing_printing
629463d3-f248-4437-9e6e-2cdd79d0236d,0,spell,4669,20101223,1,Breath of Light,3,2,Respiración de la luz,0,0,Breath of Life | Breath of Light,0,0,Souffle de lumière,0,0,,0,0,pt,es|de|fr|pt,missing_name|missing_printing
4b589aef-af64-47c3-8ab9-9be1a5363c87,0,spell,15591,25845518,1,Dragunity Glow,0,0,Resplandor Dracounidad,0,0,Glühen der Dracheneinheit,0,0,Éclat Dragunité,0,0,Brilho da Dragunidade,0,0,,en|es|de|fr|pt,missing_printing
dfe55431-3425-4e7a-981c-4c8a89f7b970,0,spell,4705,31066283,1,Revival of Dokurorider,2,2,Resurgimiento de Dokurorider,1,1,Wiedergeburt des Dokuro-Reiters,1,1,Résurrection de Dokurorider,1,1,,0,0,pt,pt,missing_name|missing_printing
98bbd429-a4f3-4cc7-9725-5032601b325e,0,monster,6794,64382839,1,Zeta Reticulant,3,1,Reticulante Zeta,1,1,Zetaretikulant,2,1,Zeta le Moléculaire,1,1,,0,0,pt,pt,missing_name|missing_printing
68965445-5979-4cc2-b3a8-960cf811faa8,0,trap,6712,43340443,1,Forced Back,6,2,Retirada Forzada,2,1,Zurückgezwungen,2,1,Recul Forcé,2,1,,0,0,pt,pt,missing_name|missing_printing
996dc217-76a3-4289-9eab-1e4dab45c9bb,0,spell,5109,19827717,1,Return of the Doomed,5,4,Retorno de los Condenados,1,1,Rückkehr der Verdammten,2,2,Le Retour du Damné,1,1,,0,0,pt,pt,missing_name|missing_printing
f3b47884-1f3b-5446-ab34-3728ed0bdcda,0,,23028,,0,Annihilate Retroglight,1,1,Retroluz Aniquiladora,1,1,Auslöschungs-Rücklauflicht,1,1,Lumière Rétrograde d'Annihilation,1,1,Aniquilar Luz Retrógrada,1,1,,,missing_passcode|missing_art
b470149a-62a7-479a-adfa-d878aae54f52,0,spell,,97227123,1,Return of the Duelist,0,0,,0,0,,0,0,,0,0,,0,0,es|de|fr|pt,en|es|de|fr|pt,missing_name|missing_printing|shared_passcode
05efd8a8-17f2-5e55-83c4-f026d56d1a2f,0,,22930,,0,Officiating Reverie,1,1,Reverie Oficiando,1,1,Zeremonienleitende Reverie,1,1,Reverie l'Officiante,1,1,Oficiante Reverie,1,1,,,missing_passcode|missing_art
ce564962-acae-4486-a3a2-d3ddc5cdffb9,0,spell,7163,18302224,1,Reverse of Neos,5,2,Reversión de Neos,2,2,Umkehrung von Neos,2,2,Retour de Néos,2,2,,0,0,pt,pt,missing_name|missing_printing
e1c83202-ea4f-47ed-b293-ae57b10ab821,0,trap,7933,27340877,1,DNA Checkup,3,1,Revisión del ADN,1,1,DNA-Untersuchung,2,1,Analyse DNA,1,1,,0,0,pt,pt,missing_name|missing_printing
7ddf5714-67aa-40fc-a4f2-75d3db89935e,0,spell,7382,49469105,1,Revoke Fusion,3,1,Revocar Fusión,1,1,Fusion widerrufen,1,1,Révoque Fusion,1,1,,0,0,pt,pt,missing_name|missing_printing
5c8d2c7d-5b0f-4bce-95be-69a8802e7c7e,0,spell,4871,99518961,1,Restructer Revolution,4,3,Revolución Restructer,3,3,Restructer Revolution,3,3,Restructer Révolution,3,3,,1,1,pt,,missing_name
c04ca5bd-ff71-4c66-a709-0c2c97b9b120,0,monster,22720,66664203,2,Revolution Cyber Dragon,0,0,,0,0,,0,0,,0,0,,0,0,es|de|fr|pt,en|es|de|fr|pt,missing_name|missing_printing
27c181f4-c8dd-4604-ac17-19882d7070b6,0,monster,8805,75675029,1,Memory Crush King,3,1,Rey Aplasta Memoria,1,1,König der Erinnerungszerstörung,1,1,Roi de la Destruction Mémorielle,1,1,,0,0,pt,pt,missing_name|missing_printing
f03a13bd-bd77-42bd-81d1-b0b3197d1426,0,monster,4264,99426834,1,Beastking of the Swamps,4,4,Rey Bestia de los Pantanos,3,3,Bestienkönig der Sümpfe,3,3,Roi-Bête des Marais,3,3,,0,0,pt,pt,missing_name|missing_printing
8222f077-626e-4d3b-99d3-0f0cf4fbc998,0,monster,6723,03167573,1,Puppet King,3,1,Rey Marioneta,1,1,König der Puppen,1,1,Roi des Poupées,1,1,,0,0,pt,pt,missing_name|missing_printing
2ade5932-45b0-46ce-b8e2-f25d09ae907a,0,monster,7203,20438745,1,King Pyron,3,1,Rey Pyron,1,1,König Pyron,1,1,"Pyron, Roi Ardent",1,1,,0,0,pt,pt,missing_name|missing_printing
2bcd0637-d72d-4d3b-bc54-ae57fd1e6587,0,monster,6533,,1,King of Destruction - Xexex,2,1,Rey de la Destrucción - Xexex,0,0,König der Zerstörung - Xexex,0,0,Xexex le Roi de la Destruction,0,0,,0,0,pt,es|de|fr|pt,missing_passcode|missing_name|missing_printing
3dc81d7b-36c8-4ee6-bba4-b6f4e49bbaad,0,monster,8377,67757079,1,King of the Beasts,3,1,Rey de las Bestias,1,1,König der Ungeheuer,1,1,Roi des Bêtes,1,1,,0,0,pt,pt,missing_name|missing_printing
d7eaad40-3414-442e-90b6-c2e5f8c37fa6,0,monster,4449,23659124,1,Sea King Dragon,0,0,Rey dragón de mar,0,0,Seekönigdrache,0,0,Roi dragon des mers,0,0,,0,0,pt,en|es|de|fr|pt,missing_name|missing_printing
46f1bf23-3eb1-4997-aa56-cdf63485d9ef,0,monster,6895,03784434,1,Rampaging Rhynos,5,1,Rinoceronte Arrasador,0,0,Wütender Rhynos,4,1,Rhynos Saccageurs,2,1,,0,0,pt,es|pt,missing_name|missing_printing
16d262ab-a8eb-4226-88f1-13250224dc3c,0,spell,,20250830,1,Ritual Sanctuary (alternate password),0,0,,0,0,,0,0,,0,0,,0,0,es|de|fr|pt,en|es|de|fr|pt,missing_name|missing_printing
ca14a539-b0a0-40ca-83e3-184e2a121f4a,0,spell,8491,60234913,1,Ritual of Grace,3,1,Ritual de Gracia,1,1,Ritual der Anmut,1,1,Rituel de la Rédemption,1,1,,0,0,pt,pt,missing_name|missing_printing
6be15bad-eabb-4eb3-b0f5-46e9cea84ff4,0,spell,4677,81756897,1,Zera Ritual,2,2,Ritual de Zera,0,0,Zera-Ritual,1,1,Rituel de Zéra,1,1,Ritual de Zera,0,0,,es|pt,missing_printing
5f04c89d-5366-4ffe-af8b-e24e8f56cc8b,0,spell,8669,52913738,1,Ritual of Destruction,3,1,Ritual de la Destrucción,1,1,Ritual der Zerstörung,1,1,Rituel de Destruction,1,1,,0,0,pt,pt,missing_name|missing_printing
d8f5b06e-16f5-5b7f-9247-3081d0bb927d,0,,22993,,0,Light and Darkness Ritual,1,1,Ritual de la Luz y la Oscuridad,1,1,Ritual von Licht und Finsternis,1,1,Rituel de la Lumière et des Ténèbres,1,1,Ritual da Luz e das Trevas,1,1,,,missing_passcode|missing_art
7aff0490-791c-4957-bacf-e8ef709dc718,0,skill,-33,,1,Ritual of Black Mastery,1,1,Ritual del Dominio Negro,1,1,Ritual der schwarzen Meisterschaft,1,1,Rituel de la Maîtrise Noire,1,1,Ritual da Maestria Negra,1,1,,,missing_passcode
9b390d67-9d29-4363-b8c5-5f2d1b3e35dc,0,spell,4680,81933259,1,Beastly Mirror Ritual,2,1,Ritual del Espejo Bestial,1,1,Abscheuliches Spiegelritual,1,1,Rituel du Miroir Bestial,1,1,,0,0,pt,pt,missing_name|missing_printing
61fb6641-5d08-4c49-82bd-dd339ea17c77,0,spell,,,2,Ritual of Light and Darkness,0,0,,0,0,,0,0,,0,0,,0,0,es|de|fr|pt,en|es|de|fr|pt,missing_passcode|missing_name|missing_printing
cc08efa1-bf81-4c5e-aadb-6143dedea851,0,trap,20601,55154344|81549048,2,Ryu-Ge Rivalry,4,1,Rivalidad Ryu-Ge | Ryu-Ge Eternal Recurrence of Trailokya,4,1,Ryu-Ge Eternal Recurrence of Trailokya | Ryuge-Rivalität,4,1,Rivalité Ryu-Ge | Ryu-Ge Eternal Recurrence of Trailokya,4,1,Rivalidade de Ryu-Ge,4,1,,,shared_passcode
1518ef07-c375-480a-a5a5-35849e59f4cc,0,trap,7755,24268052,1,Defense Draw,6,4,Robo Defensivo,3,3,Verteidigungsziehen,4,4,Pioche de Défense,4,4,,0,0,pt,pt,missing_name|missing_printing
0959d4fc-7ead-45a5-abdc-c3cf2fc22f77,0,trap,7229,77859858,1,Destructive Draw,3,1,Robo Destructor,1,1,Zerstörerisches Ziehen,1,1,Pioche de la Destruction,1,1,,0,0,pt,pt,missing_name|missing_printing
a75e8ca8-c9cb-47e2-b2ca-83cba9fd3413,0,skill,-34,,1,Final Draw,2,2,Robo Final,2,2,Letztes Ziehen,2,2,Pioche Finale,2,2,Compra Definitiva,2,2,,,missing_passcode
b1044735-7760-473d-b7a1-efbd5a1cdbda,0,skill,-21,,1,Destiny Draw,3,2,Robo del Destino,3,2,Schicksalsziehen,2,2,Pioche de la Destinée,2,2,Sacar o Destino,2,2,,,missing_passcode
55a85c18-d51a-497d-8621-33074830f343,0,monster,5072,92421852,1,Robolady,3,2,Robolady,0,0,Robolady | Robot-Lady,0,0,Robolady,0,0,Robodama,0,0,,es|de|fr|pt,missing_printing
d9d0377c-182f-4d10-a02e-c1d5eb703a40,0,monster,4586,76775123,1,Patrol Robo,3,3,Robopatrulla,1,1,Spähroboter,1,1,Robot Patrouilleur,1,1,,0,0,pt,pt,missing_name|missing_printing
1f69ee54-def5-47dd-9a91-ddde515e6ad6,0,monster,5073,38916461,1,Roboyarou,3,2,Roboyarou,0,0,Robot-Yarou | Roboyarou,0,0,Roboyarou,0,0,Robosoldado,0,0,,es|de|fr|pt,missing_printing
8affc5d1-837d-456c-8fca-1ddf961a736f,0,monster,4461,10476868,1,Barrel Rock,0,0,Roca de Cañón,0,0,Geschützfelsen,0,0,Roc Fût,0,0,,0,0,pt,en|es|de|fr|pt,missing_name|missing_printing
64d90514-37f7-4b01-b8c8-887eecd46425,0,monster,4269,62193699,1,Rock Ogre Grotto #2,0,0,Rock Ogre Grotto #2,0,0,Rock Ogre Grotto #2 | Steinoger Grotto #2,0,0,Ogre de Pierre Grotto N°2 | Rock Ogre Grotto #2,0,0,,0,0,pt,en|es|de|fr|pt,missing_name|missing_printing
beda18dd-6cee-4df5-a570-f4cf16c4f89a,0,monster,4625,82818645,1,Rock Spirit,0,0,Rock Spirit,0,0,Rock Spirit,0,0,Rock Spirit,0,0,,0,0,pt,en|es|de|fr|pt,missing_name|missing_printing
497fdcd9-d6a2-4c4d-ad51-5c8626ea0f72,0,token,,51987572,1,Rockstone Token,0,0,Rockstone Token,0,0,Rockstone Token,0,0,Rockstone Token,0,0,,0,0,pt,en|es|de|fr|pt,missing_name|missing_printing
061c4625-4eb7-4c4d-848a-a063b7b922bf,0,monster,22732,53481938,3,Rokket Barrage,0,0,,0,0,,0,0,,0,0,,0,0,es|de|fr|pt,en|es|de|fr|pt,missing_name|missing_printing
5915b832-7221-422f-86a6-3c7b012da80a,0,monster,4128,76704943,1,Yamatano Dragon Scroll,0,0,Rollo de pergamino de dragón de Yamatano,0,0,Yamatano Dragon Scroll | Yamatano-Drachenrolle,0,0,Rouleau de Dragon de Yamatano | Yamatano Dragon Scroll,0,0,,0,0,pt,en|es|de|fr|pt,missing_name|missing_printing
b8520d1c-026f-40cd-9216-e358b5791366,0,monster,10180,64689404,1,Sword Breaker,3,1,Rompe Espadas,1,1,Schwertbrecher,2,1,Briseur d'Épée,1,1,,0,0,pt,pt,missing_name|missing_printing
63aa70ce-b03d-4ce9-9b48-5224b2b6190b,0,monster,7377,87798440,1,Armor Breaker,3,1,Rompearmadura,1,1,Rüstungsbrecher,1,1,Brise Armure,1,1,,0,0,pt,pt,missing_name|missing_printing
9f303fbc-0072-4cb8-a277-68bd97fb71dc,0,monster,8781,51047350,1,Card Breaker,5,2,Rompecartas,3,2,Kartenbrecher,3,2,Briseur de Carte,2,2,,0,0,pt,pt,missing_name|missing_printing
7439b469-e9e5-4083-ac11-d1dc11902e61,0,monster,6499,70948327,1,Nanobreaker,4,2,Rompepequeños,1,1,Nanobrecher,1,1,Nano Casseur,1,1,,0,0,pt,pt,missing_name|missing_printing
2673dbb8-302c-4f40-b7fc-cfd4aef13238,0,trap,8512,54094821,1,Ritual Buster,3,1,Romperituales,1,1,Ritualsprenger,1,1,Briseur de Rituel,1,1,,0,0,pt,pt,missing_name|missing_printing
faad3e95-86d2-47b8-a651-902439e8d989,0,spell,9669,32835363,1,Cracking,3,1,Rompiendo,1,1,Hacken,1,1,Fracture,1,1,,0,0,pt,pt,missing_name|missing_printing
d9be5e68-7e3a-4fd4-ba6b-d63d6d5dc3b1,0,monster,7408,31986288,1,Regenerating Rose,3,1,Rosa Regeneradora,1,1,Nachwachsende Rose,1,1,Rose Démoniaque de Génération,2,1,,0,0,pt,pt,missing_name|missing_printing
e7cec23c-18ea-4a32-82ca-f5a6a6c8c17d,0,token,,71645243,1,Rose Token,0,0,Rose Token,0,0,Rose Token,0,0,Rose Token,0,0,,0,0,pt,en|es|de|fr|pt,missing_name|missing_printing
7695e660-5959-4bd1-81ca-dc44fde5ba69,0,monster,9579,10389794,1,Doom Donuts,3,1,Rosquillas de la Perdición,2,1,Donut der Verdammnis,1,1,Beignet de la Mort,1,1,,0,0,pt,pt,missing_name|missing_printing
563353a1-0a1d-4ba0-8e24-a027eb267158,0,skill,,,1,Royal Temple of the Kings,1,1,,0,0,,0,0,,0,0,,0,0,es|de|fr|pt,es|de|fr|pt,missing_passcode|missing_name|missing_printing
e7a8687b-9872-4f88-944f-a450c0ef73da,0,monster,7707,61632317,1,Sinister Sprocket,3,1,Rueda Dentada Siniestra,1,1,Unheimlicher Zahnkranz,1,1,Engrenage des Ténèbres,2,1,,0,0,pt,pt,missing_name|missing_printing
52fbda8a-7a4e-4302-9daf-4e155ba8e6ce,0,spell,8146,99342953,1,Code A Ancient Ruins,3,1,Ruinas Antiguas Código A,1,1,Code A Antike Ruinen,1,1,Ruines Anciennes Code A,1,1,,0,0,pt,pt,missing_name|missing_printing
e842528d-c6db-4968-a841-8740ddb47b17,0,trap,8851,86821010,1,Power Break,3,1,Ruptura Poderosa,1,1,Kraftabriss,1,1,Coupure de Courant,1,1,,0,0,pt,pt,missing_name|missing_printing
79f3ca6c-d982-4b0d-a307-e95a67d4c988,0,trap,5398,61622107,1,Bubble Crash,4,3,Ruptura de la Burbuja,1,1,Zuviel des Guten,1,1,Crash Boursier,1,1,,0,0,pt,pt,missing_name|missing_printing
a15a7ac2-1935-4e4f-9122-c778a8aba080,0,trap,7478,66100045,1,Transmigration Break,3,1,Ruptura de la Transmigración,1,1,Auswanderungsstopp,1,1,Rupture de Transmigration,1,1,,0,0,pt,pt,missing_name|missing_printing
977ff417-08a8-4d2a-8e7b-b9fad228e07e,0,skill,,,1,Ruthless Means,1,1,,1,1,,1,1,Moyens Impitoyables,1,1,,1,1,es|de|pt,,missing_passcode|missing_name
5a57cb93-c032-4b5a-8179-7e3636e02a64,0,spell,20580,06798031,1,Ryzeal Cross,0,0,,0,0,,0,0,,0,0,,0,0,es|de|fr|pt,en|es|de|fr|pt,missing_name|missing_printing|shared_passcode
02afd5fb-0ebe-41a7-ac82-72ab419ddcc2,0,spell,9935,30600344,1,Xyz Burst,3,1,Ráfaga Xyz,1,1,Xyz-Ausbruch,1,1,Impact Xyz,1,1,Explosão Xyz,0,0,,pt,missing_printing
fb80e78e-9601-40d0-bd97-79f83844efec,0,spell,6994,73262676,1,"""A"" Cell Scatter Burst",3,1,"Ráfaga de Dispersión de Celda ""A""",1,1,„A“-Zellen-Streuexplosion,1,1,"Charge à Dispersion Cellule ""A""",1,1,,0,0,pt,pt,missing_name|missing_printing
c327921a-d1dc-4fa5-908b-38db420ad73d,0,trap,15878,58374502,1,Starry Knight Blast,0,0,Ráfaga del Cabalnoche de Estrellas,0,0,Feuerböe der Sternenritter,0,0,Souffle du Chevalier Étoilé,0,0,Explosão de Cavalestrela,0,0,,en|es|de|fr|pt,missing_printing
457e50cd-7eec-454a-845c-b3513caab958,0,trap,10302,22747316,1,Retort,3,1,Réplica,2,1,Retourkutsche,1,1,Riposte,1,1,,0,0,pt,pt,missing_name|missing_printing
013a2d99-55ad-41b4-8453-d413d9b8948d,0,trap,9368,40736921,1,Xing Zhen Hu Replica,3,1,Réplica de Xing Zhen Hu,1,1,Kopie von Xing Zhen Hu,1,1,Réplique de Xing Zhen Hu,1,1,,0,0,pt,pt,missing_name|missing_printing
e5ecf422-a48c-52e0-8b1a-6a3c2e4e472b,0,,23006,,0,The Phantom Knights' Rank-Up-Magic Requiem,1,1,Réquiem de la Magia de Subida de Rango de Los Caballeros Fantasma,1,1,Rangsteigerungszauber-Requiem für die Phantomritter,1,1,Les Chevaliers Fantômes du Requiem Magie-Rang-Plus,1,1,Magia de Aumento de Classe Réquiem de Os Cavaleiros Fantasmas,1,1,,,missing_passcode|missing_art
e44e6e4f-9398-4500-af34-d9f89acd32ab,0,monster,9646,45282603,1,Saambell the Summoner,3,1,Saambell la Invocadora,1,1,"Saambell, die Beschwörerin",1,1,Saambell l'Invocatrice,1,1,,0,0,pt,pt,missing_name|missing_printing
c33747df-ea8c-4c16-aa0c-c3cb0358b417,0,monster,6971,26669055,1,Sage of Silence,5,1,Sabia del Silencio | Sabio del Silencio,2,1,Weiser des Schweigens,2,1,Sage du Silence,2,1,,0,0,pt,pt,missing_name|missing_printing
0ab5313b-251e-4da0-8b17-727bb68aa203,0,monster,5230,92377303,1,Dark Sage,6,5,Sabio Oscuro,3,3,Dunkler Gelehrter,3,3,Sage des Ténèbres,2,2,Sábio Negro,0,0,,pt,missing_printing
dae07d10-c931-429b-ba11-2d40aa3e72a0,0,monster,6972,62054060,1,Sage of Stillness,3,1,Sabio de la Quietud,1,1,Weiser der Stille,1,1,Sage du Calme,1,1,,0,0,pt,pt,missing_name|missing_printing
82130818-e176-4d6e-a651-b5ac9c18996b,0,monster,7821,23115241,1,X-Saber Anu Piranha,3,2,Sable-X Anu Piraña,1,1,X-Säbel Anu Piranha,1,1,"Anapelera, Sabre X",1,1,,0,0,pt,pt,missing_name|missing_printing
825f99e4-7652-4ad4-ab39-d8b7baa21536,0,monster,7536,53100061,1,X-Saber Axel,4,2,Sable-X Axel,1,1,X-Säbel Axel,1,1,"Axel, Sabre X",1,1,,0,0,pt,pt,missing_name|missing_printing
08c36612-0e06-4693-928e-b4c65e43bc05,0,monster,7822,50604950,1,X-Saber Galahad,4,3,Sable-X Galahad,2,2,X-Säbel Galahad,2,2,"Galahad, Sabre X",2,2,,0,0,pt,pt,missing_name|missing_printing
1ae7e9c7-36af-49b3-b69f-dadadb5e40ea,0,monster,7538,26993374,1,X-Saber Uruz,4,2,Sable-X Uruz,1,1,X-Säbel Uruz,1,1,"Wolf, Sabre X",1,1,,0,0,pt,pt,missing_name|missing_printing
e9f10114-53cb-4ca8-85eb-500dc15f101e,0,monster,7835,83810690,1,X-Saber Wayne,3,2,Sable-X Wayne,1,1,X-Säbel Wayne,1,1,"Wayne, Sabre X",1,1,,0,0,pt,pt,missing_name|missing_printing
48011b52-8deb-4016-b9cd-72f58177eb0c,0,monster,8521,42024143,1,XX-Saber Gardestrike,5,2,Sable-XX Gardestrike,3,2,XX-Säbel-Gardist,3,2,"Briseur de Garde, Sabre XX",3,2,,0,0,pt,pt,missing_name|missing_printing
a8f3dffe-cc89-4677-a039-a306366cfc2b,0,monster,5381,02134346,1,Asura Priest,13,7,Sacerdote de Asura,4,3,Asura-Priester,4,3,Prêtre d'Asura,4,3,,0,0,pt,pt,missing_name|missing_printing
d752c457-5640-4f0b-812c-0c251a61b604,0,monster,7426,27869883,1,Shadowpriestess of Ohm,3,1,Sacerdotisa Sombría de Ohm,1,1,Schattenpriesterin von Ohm,1,1,Prêtresse Ohm des Ténèbres,1,1,,0,0,pt,pt,missing_name|missing_printing
038163ab-6c4d-4ced-9ecc-a73379b290bf,0,monster,21411,36608728,2,Saiba the Soldier Swordsmith,0,0,,0,0,,0,0,,0,0,,0,0,es|de|fr|pt,en|es|de|fr|pt,missing_name|missing_printing
97c16c0f-be99-4844-803b-0f27af2d8f6d,0,monster,12046,,1,"Sakyo, Swordmaster of the Far East",2,1,,0,0,,0,0,,0,0,,0,0,es|de|fr|pt,es|de|fr|pt,missing_passcode|missing_name|missing_printing
1fd77ee5-a09b-4755-b43b-a8f8ec82f64a,0,monster,15846,67797569,1,Lavalval Salamander,0,0,Salamandra Lavalval,0,0,Lavalval-Salamander,0,0,Salamandre Lavalval,0,0,Salamandra Lavalval,0,0,,en|es|de|fr|pt,missing_printing
c3936ab0-5454-41b5-9ecb-5e4677b23ba4,0,trap,6622,70865988,1,Full Salvo,7,3,Salva Completa,3,2,Volle Salve,3,2,Salve Intégrale,3,2,,1,1,pt,,missing_name
ea82931d-ac8e-499a-b5a4-5c9b49748ecf,0,monster,7825,59482302,1,Ally Salvo,3,2,Salva de Aliado,1,1,Salve der Verbündeten,1,1,Bombe Alliée,1,1,,0,0,pt,pt,missing_name|missing_printing
838d878f-fc41-46e2-aa22-9cccd392038b,0,spell,6618,44182827,1,Samsara,4,2,Samsara,1,1,Samsara,1,1,Samsara,1,1,,0,0,pt,pt,missing_name|missing_printing
75276cd2-0c03-428a-b713-56c80aa59aca,0,monster,8737,14344682,1,Samurai Sword Baron,3,1,Samurai Barón de la Espada,1,1,Samuraischwert-Baron,1,1,Maître Samouraï des Katanas,1,1,,0,0,pt,pt,missing_name|missing_printing
df0ffea3-7cba-43a9-89c4-3426d3eff0bf,0,monster,7428,90642597,1,Future Samurai,5,3,Samurái del Futuro,3,3,Zukunftssamurai,3,3,Samouraï du Futur,3,3,,0,0,pt,pt,missing_name|missing_printing
4afe3df1-11de-48b5-b6cb-17437ccf99ab,0,monster,13347,00662853,1,Sanctity of Dragon,2,1,,0,0,,0,0,,0,0,,0,0,es|de|fr|pt,es|de|fr|pt,missing_name|missing_printing
583036a6-a16a-40c2-bdd1-c3b7e160eb90,0,trap,7136,95096437,1,Secrets of the Gallant,3,1,Secretos del Cortés,1,1,Geheimnisse des Galanten,1,1,Les Secrets de la Bravoure,1,1,,0,0,pt,pt,missing_name|missing_printing
12252b54-26ce-41d8-b7af-d1f9a61db87a,0,monster,4274,15507080,1,Sectarian of Secrets,2,1,Sectario de los Secretos,0,0,Sektierer der Geheimnisse,1,1,Sectaire des Secrets,1,1,,0,0,pt,es|pt,missing_name|missing_printing
f13cc87b-3b08-4d16-87bd-d9cf5e8a9658,0,token,,93104633,1,Security Token,0,0,Security Token,0,0,Security Token,0,0,Security Token,0,0,,0,0,pt,en|es|de|fr|pt,missing_name|missing_printing
52447072-e6e2-43b0-8ecc-3bc9d8e1d1cd,0,skill,,,1,See Me Rolling,1,1,,0,0,,0,0,,0,0,,0,0,es|de|fr|pt,es|de|fr|pt,missing_passcode|missing_name|missing_printing
fdb508a3-d551-41b1-a943-97b601b87c4a,0,token,,38041941,1,Seed Token,0,0,Seed Token,0,0,Seed Token,0,0,Seed Token,0,0,,0,0,pt,en|es|de|fr|pt,missing_name|missing_printing
c2b2b428-c13d-4221-b1ea-94d832efe0f6,0,spell,9608,01644289,1,Vylon Segment,4,2,Segmento Vylon,1,1,Vylon-Segment,1,1,Segment Vylon,1,1,,0,0,pt,pt,missing_name|missing_printing
9c6745e8-48f0-4b2d-9796-3ce49b1e2636,0,monster,8782,88032368,1,Second Booster,5,2,Segunda Expansión,2,2,Zweite Triebwerksstufe,2,2,Appareil de Support,2,2,,0,0,pt,pt,missing_name|missing_printing
57c25791-21f8-4553-851a-aa6f1ba13df8,0,trap,9544,75525309,1,Six Style - Dual Wield,4,2,Seis Estilos - Dos Armas,2,2,Sechs-Stil - Beidhändigkeit,2,2,Six Styles - Double Lame,2,2,,0,0,pt,pt,missing_name|missing_printing
7edb09bc-590e-40f0-963f-fcc095903224,0,spell,8054,54913680,1,Six Scrolls of the Samurai,3,1,Seis Pergaminos de los Samurái,1,1,Sechs Schriftrollen der Samurai,1,1,Six Parchemins des Samouraïs | Six Parchemins des Samouraïs (Actualisé de : Parchemins des Six Samouraïs),1,1,,0,0,pt,pt,missing_name|missing_printing
fd11a91d-ae6d-5ffc-940d-be98ba2f6bce,0,,22932,,0,GMX Partner Selandea,2,1,"Selandea, Socio GMX",2,1,GMX-Gesellschafter Selandea,2,1,"Selandea, Partenaire GMX",2,1,"Selandea, o Sócio da GMX",2,1,,,missing_passcode|missing_art
8e1e5c17-feed-4aa5-9dcd-fbeb3a633977,0,trap,8997,23327298,1,Parallel Selection,3,1,Seleccion Paralela | Selección Paralela,1,1,Parallelauswahl,1,1,Sélection Parallèle,2,1,,0,0,pt,pt,missing_name|missing_printing
17626845-5a61-4cab-85c1-6f95de8945df,0,trap,7012,09145181,1,Ritual Sealing,3,1,Sellado del Ritual,1,1,Ritualverschluss,1,1,Scellement de Rituel,1,1,,0,0,pt,pt,missing_name|missing_printing
d4053c96-1e1c-4190-8d1c-f483ee6b2bf9,0,spell,10079,25377819,1,Hieratic Seal of Convocation,3,1,Sello Hierático de la Convocatoria,2,1,Priesterliches Siegel der Einberufung,1,1,Sceau Hiératique de la Convocation,1,1,Selo Hierático da Convocação,0,0,,pt,missing_printing
f65f5fdf-9c11-4ebc-9b22-78e4e06fb145,0,spell,15848,39680372,1,Hieratic Seal of Creation,0,0,Sello Hierático de la Creación,0,0,Priesterliches Siegel der Schöpfung,0,0,Sceau Hiératique de la Création,0,0,Selo Hierático da Criação,0,0,,en|es|de|fr|pt,missing_printing
3848eb6f-49c0-4675-b075-ccfa6ed393fb,0,spell,10080,51365514,1,Hieratic Seal of Supremacy,3,1,Sello Hierático de la Supremacía,2,1,Priesterliches Siegel der Überlegenheit,1,1,Sceau Hiératique de la Suprématie,1,1,Selo Hierático da Supremacia,0,0,,pt,missing_printing
c480d5ab-72d8-472f-b44a-80bef965a7a1,0,trap,10123,53670497,1,Hieratic Seal From the Ashes,3,1,Sello Hierático de las Cenizas,2,1,Priesterliches Siegel aus der Asche,1,1,Sceau Hiératique des Cendres,2,1,Selo Hierático das Cinzas,0,0,,pt,missing_printing
37484e17-c49a-4950-98ac-8eff11949241,0,trap,10094,11975962,1,Hieratic Seal of Banishment,3,1,Sello Hierático del Destierro,1,1,Priesterliches Siegel der Verbannung,1,1,Sceau Hiératique du Bannissement,1,1,Selo Hierático do Banimento,0,0,,pt,missing_printing
88110e6e-b9ab-43e9-8623-646d0f63dc9d,0,trap,10095,47360060,1,Hieratic Seal of Reflection,3,1,Sello Hierático del Reflejo,1,1,Priesterliches Siegel der Reflexion,1,1,Sceau Hiératique du Reflet,1,1,Selo Hierático da Reflexão,0,0,,pt,missing_printing
a8143082-546c-48be-a55e-8bf5333ed962,0,trap,8514,17874674,1,Seal of Wickedness,3,1,Sello de Perversidad,1,1,Siegel der Bosheit,1,1,Sceau de Cruauté,1,1,,0,0,pt,pt,missing_name|missing_printing
8b6ce833-0e5f-485d-b194-353965b2bc50,0,spell,5011,97809599,1,Seal of the Ancients,2,2,Sello de los Antiguos,1,1,Siegel der Alten,1,1,Sceau des Anciens,1,1,,0,0,pt,pt,missing_name|missing_printing
8ab3458b-f098-4fe4-8980-cd4988df614b,0,spell,7902,18752938,1,Seed of Deception,3,1,Semilla del Engaño,1,1,Samen der Täuschung,1,1,Graines de Fourberie,1,1,,0,0,pt,pt,missing_name|missing_printing
a48015f4-2788-4e5b-ae6e-842a1372bf1b,0,monster,8158,96553688,1,Phoenixian Seed,3,1,Semilla del Fénix,1,1,Phönixianischer Samen,1,1,Graine Phénix,1,1,,0,0,pt,pt,missing_name|missing_printing
96a1799f-1ade-4bb7-85c8-500495266515,0,trap,5753,55948544,1,Judgment of the Pharaoh,4,1,Sentencia del Faraón,0,0,Urteil des Pharaoh,0,0,Jugement du Pharaon,0,0,,0,0,pt,es|de|fr|pt,missing_name|missing_printing
3a159738-9c46-4cd5-83b8-e997b80de393,0,spell,4670,56606928,1,Eternal Drought,2,1,Sequía Eterna,1,1,Ewige Dürre,1,1,Sécheresse Éternelle,1,1,,0,0,pt,pt,missing_name|missing_printing
fb1f6163-ef3a-4d6d-a22c-85cd763ee896,0,monster,4291,82742611,1,Serpent Marauder,0,0,Serpent Marauder,0,0,Plünderschlange,0,0,Maraudeur Serpent | Serpent Marauder,0,0,,0,0,pt,en|es|de|fr|pt,missing_name|missing_printing
7804246e-8aa0-47a2-a006-02229bb37c29,0,monster,6962,32626733,1,Spiral Serpent,7,2,Serpiente Espiral,3,2,Spiralschlange,3,2,Serpent Spirale,3,2,,0,0,pt,pt,missing_name|missing_printing
ea0c3852-9979-42df-b685-3566f0152236,0,monster,8032,37869028,1,Hydra Viper,3,1,Serpiente Hidra,1,1,Hydraviper,1,1,Hydre Vipère,1,1,,0,0,pt,pt,missing_name|missing_printing
ac7530b6-4448-4936-a694-d63fa2004ead,0,monster,8458,42303365,1,Reptilianne Viper,3,1,Serpiente Reptílica,1,1,Reptilianische Viper,1,1,Vipère Reptilia,1,1,,0,0,pt,pt,missing_name|missing_printing
09fecdc4-9fbc-423b-a80e-09ba02c26445,0,monster,7180,73899015,1,Venom Snake,3,1,Serpiente Venenosa,1,1,Giftschlange,1,1,Vipére Venin,1,1,,0,0,pt,pt,missing_name|missing_printing
8fa1ac4f-0747-4c24-92b4-38d48cac2f0d,0,monster,7886,80769747,1,Iron Chain Snake,3,1,Serpiente de Cadena de Hierro,1,1,Eisenketten-Schlange,1,1,Serpent Chaîne de Fer,1,1,,0,0,pt,pt,missing_name|missing_printing
e5e708a3-39e8-43cd-bc44-75aa76127926,0,monster,5043,02792265,1,Servant of Catabolism,2,1,Servant of Catabolism | Sirviente del Catabolismo,0,0,Diener des Katabolismus | Servant of Catabolism,0,0,Servant of Catabolism,0,0,Servo do Catabolismo,0,0,,es|de|fr|pt,missing_printing
083c0536-a484-4488-8044-89895f12f597,0,skill,,,1,Setting Sun,1,1,,1,1,,1,1,Soleil Couchant,1,1,,1,1,es|de|pt,,missing_passcode|missing_name
fcc1b08d-1887-45b8-bb5d-073e4074f5e1,0,monster,8033,63253763,1,Alien Overlord,3,1,Señor Supremo Alienígena,1,1,Außerirdischer Oberherr,1,1,Seigneur de Guerre Alien,1,1,,0,0,pt,pt,missing_name|missing_printing
081cbade-7e08-403d-8e94-dd1defaf2005,0,monster,15847,03292267,1,Hieratic Sky Dragon Overlord of Heliopolis,0,0,Señor Supremo Dragón Celestial Hierático de Heliópolis,0,0,Priesterlicher Himmelsdrachen-Overlord von Heliopolis,0,0,Dragon Céleste Hiératique du Seigneur d'Héliopolis,0,0,Dragão Celeste Hierático Suserano de Heliópolis,0,0,,en|es|de|fr|pt,missing_printing
fed32d70-a527-4473-b0be-d1d0db96a82c,0,monster,10071,64332231,1,Hieratic Sun Dragon Overlord of Heliopolis,5,2,Señor Supremo Dragón Solar Hierático de Heliópolis,3,2,Priesterlicher Sonnendrachen-Overlord von Heliopolis,3,2,Dragon Hiératique du Seigneur Soleil d'Héliopolis,3,2,Dragão Solar Hierático Suserano de Heliópolis,0,0,,pt,missing_printing
3e0e4643-8095-4d7e-a158-047610f6cda3,0,monster,8299,72992744,1,Jester Lord,4,2,Señor de Bufones,1,1,Narrenlord,1,1,Bouffon Jongleur,1,1,,0,0,pt,pt,missing_name|missing_printing
1932e267-0c24-4ed5-bf57-973e34a98664,0,monster,8463,10060427,1,Koa'ki Meiru Rooklord,3,1,Señor de Grajos Koa'ki Meiru,1,1,Turmherr von Koa'ki Meiru,1,1,Maître des Tours Koa'ki Meiru,1,1,,0,0,pt,pt,missing_name|missing_printing
ed941f36-51e4-4bb8-8774-cd1c9c27d72e,0,monster,8906,14047624,1,Laval Judgment Lord,5,2,Señor del Juicio Laval,1,1,Laval-Urteilsherrscher,1,1,Seigneur du Jugement Laval,1,1,,0,0,pt,pt,missing_name|missing_printing
a20f17b7-f628-4493-999c-0abe39d4ef03,0,monster,10059,67511500,1,Lady of D.,3,1,Señora de D.,2,1,Herrin der Drachen,2,1,Dame des D,1,1,,0,0,pt,pt,missing_name|missing_printing
eca7776b-bfc4-4c64-8034-a02c3f245036,0,trap,7919,67630339,1,Confusion Chaff,5,2,Señuelo de la Confusión,2,2,Wirres Gemetzel,2,2,Leurre de Confusion,3,2,,0,0,pt,pt,missing_name|missing_printing
852a16dc-d192-5f58-83c9-e594947cca36,0,,23301,,0,Shamanite Shamanknight,1,1,Shamanite Caballero Chamán,1,1,Schamanit-Schamanenritter,1,1,Shamanite le Chevalier Shamanique,1,1,Cavaleiro Xamã Xamanita,1,1,,,missing_passcode|missing_art
fef2cd19-a228-4c42-9573-e1c3019bd0e2,0,monster,12733,,1,"Shelga, the Tri-Warlord",2,1,,0,0,,0,0,,0,0,,0,0,es|de|fr|pt,es|de|fr|pt,missing_passcode|missing_name|missing_printing
37dbc68f-8718-4869-9f5a-b9c45d23c98d,0,monster,8267,27416701,1,Shiba-Warrior Taro,2,1,Shiba-Warrior Taro,0,0,Shiba-Warrior Taro,0,0,Shiba-Warrior Taro,0,0,,0,0,pt,es|de|fr|pt,missing_name|missing_printing
0859df54-6bc9-499d-8da9-367b55bdd34a,0,monster,7429,26046205,1,Vengeful Shinobi,4,2,Shinobi Vengativo,2,2,Rachsüchtiger Shinobi,2,2,Shinobi Vengeur,2,2,,0,0,pt,pt,missing_name|missing_printing
3e4d0751-9623-498a-8ad4-67caf6fe4a22,0,monster,4788,75372290,1,Total Defense Shogun,4,3,Shogun de la Defensa Total,2,2,Totaler-Abwehr-Shogun,2,2,Shogun Défense Totale,2,2,,0,0,pt,pt,missing_name|missing_printing
d919e983-bad2-4c9b-89c5-c581e4e711b1,0,skill,,,1,Shouldering a Destiny,1,1,,0,0,,0,0,,0,0,,0,0,es|de|fr|pt,es|de|fr|pt,missing_passcode|missing_name|missing_printing
46f48197-aaee-46d8-8d8a-6c385fba3001,0,monster,4420,71950093,1,Shovel Crusher,2,1,Shovel Crusher,0,0,Schaufelbrecher,1,1,Broyo-Pelleteuse,1,1,Pás esmagadoras,0,0,,es|pt,missing_printing
f60f00ae-8c42-437c-9d03-6f1fa35c9e24,0,monster,7055,10449150,1,Shuttleroid,0,0,Shuttleroid,0,0,Shuttleroid,0,0,Shuttleroid,0,0,,0,0,pt,en|es|de|fr|pt,missing_name|missing_printing
789dbd5f-be14-4c80-b580-478e608bbf9b,0,monster,9373,02407147,1,Laval Volcano Handmaiden,4,2,Sierva del Volcán Laval,1,1,Laval-Vulkan-Dienstmädchen,1,1,Servante Volcan Laval,1,1,Criada do Vulcão Laval,0,0,,pt,missing_printing
303f5a16-1b93-4ce5-b0aa-9218025d8e5f,0,monster,5305,89258225,1,Winged Minion,5,4,Siervo Alado,1,1,Geflügelter Scherge,1,1,Minion Ailé,1,1,,0,0,pt,pt,missing_name|missing_printing
60cd1867-f95d-4ca2-8a13-53eb0a768e5a,0,trap,7165,81791932,1,Snake Whistle,3,1,Silbato de Serpiente,1,1,Schlangenpfeife,1,1,Sifflet des Serpents,1,1,,0,0,pt,pt,missing_name|missing_printing
b49429aa-eeb4-5db5-a1f7-a6c896bea792,0,,23415,,0,Silver Belfry Battery Bastion,1,1,,0,0,,0,0,,0,0,,0,0,es|de|fr|pt,es|de|fr|pt,missing_passcode|missing_name|missing_printing|missing_art
4cafe508-7918-4eef-9a22-5eaedb654608,0,monster,8939,96914272,1,Egotistical Ape,3,1,Simio Egotista,1,1,Egoistischer Affe,1,1,Gorille Narcissique,2,1,,0,0,pt,pt,missing_name|missing_printing
677bd034-bc3c-463b-85f3-160281d8927e,0,monster,8587,31975743,1,Ape Magician,3,1,Simio Mago,1,1,Affenmagier,1,1,Singe Sorcier,1,1,,0,0,pt,pt,missing_name|missing_printing
71f1be7c-4b89-491e-95df-6777b5acbf9a,0,monster,7290,03030892,1,Test Ape,3,1,Simio de Prueba,1,1,Versuchsaffe,1,1,Singe de Laboratoire,1,1,,0,0,pt,pt,missing_name|missing_printing
dddeaf0b-c58e-45ed-b08b-6c472565a680,0,monster,6720,14989021,1,"Simorgh, Bird of Divinity",4,2,"Simorgh, Pájaro Divino",0,0,"Simorgh, Vogel der Göttlichkeit",2,1,"Simorgh, Oiseau de la Divinité",2,1,,0,0,pt,es|pt,missing_name|missing_printing
e8849cf0-eb49-4889-a710-4d768e453393,0,trap,8854,75105429,1,Synchro Ejection,3,1,Sincroeyección,1,1,Synchrovertreibung,1,1,Propulsion Synchronique,1,1,,0,0,pt,pt,missing_name|missing_printing
0483281d-850c-4cb2-8d04-3d47a80cd2d9,0,monster,8780,25652655,1,Changer Synchron,3,1,Sincrón Cambiador,1,1,Ändersynchron,1,1,Alternateur Synchronique,1,1,,0,0,pt,pt,missing_name|missing_printing
0274ebee-4982-4892-8483-058905cda759,0,skill,-7,,1,Tribal Synergy,1,1,Sinergía Tribal,1,1,Stammessynergie,1,1,Synergie Tribale,1,1,Sinergia Tribal,1,1,,,missing_passcode
086d7fc4-fd56-4bdc-b0a7-d4df20defc46,0,token,,60406592,1,Sinister Seed Token,0,0,Sinister Seed Token,0,0,Sinister Seed Token,0,0,Sinister Seed Token,0,0,,0,0,pt,en|es|de|fr|pt,missing_name|missing_printing
76f292d2-a13a-4470-a588-0c234f867655,0,token,,70391589,1,Siphon Token,0,0,Siphon Token,0,0,Siphon Token,0,0,Siphon Token,0,0,,0,0,pt,en|es|de|fr|pt,missing_name|missing_printing
587a3fd2-bafb-4080-8244-c800df1237e4,0,monster,5204,85802526,1,Cure Mermaid,5,4,Sirena Curadora,1,1,Heilende Nixe,2,2,Sirène Guérisseuse,1,1,,0,0,pt,pt,missing_name|missing_printing
0cc24c8c-c579-418d-85b6-622ef4d59add,0,monster,7800,33455338,1,Maniacal Servant,3,1,Sirviente Maníaco,1,1,Wahnsinniger Diener,1,1,Servant du Dieu Fou,1,1,,0,0,pt,pt,missing_name|missing_printing
fb3c0772-a265-460e-8754-85439eb0e415,0,monster,8626,16008155,1,Reptilianne Servant,3,1,Sirviente Reptílico,1,1,Reptilianischer Diener,1,1,Servante Reptilia,1,1,,0,0,pt,pt,missing_name|missing_printing
f4ff1316-18dc-4228-98fb-c8400b467380,0,spell,8041,21702241,1,Vengeful Servant,3,1,Sirviente Vengativo,1,1,Rachsüchtiger Diener,1,1,Serviteur du Châtiment,1,1,,0,0,pt,pt,missing_name|missing_printing
a0108af3-8c59-4190-ae40-cbe9fc0b0502,0,skill,-28,,1,Servants of the Fallen King,1,1,Sirvientes del Rey Caído,1,1,Diener des gefallenen Königs,1,1,Serviteurs du Roi Déchu,1,1,Servos do Rei Caído,1,1,,,missing_passcode
16ff7a32-48d1-4ee2-b70d-bcb41ce97e3f,0,monster,10262,75620895,1,One-Eyed Skill Gainer,3,1,Skill Gainer Tuerto,1,1,Einäugiger Fertigkeitsdieb,1,1,Acquéreur de Compétence à un Œil,1,1,,0,0,pt,pt,missing_name|missing_printing
3885abe4-952c-4b25-acaa-94bcd77a937d,0,monster,,,2,Skull Archfiend of Chaos,0,0,,0,0,,0,0,,0,0,,0,0,es|de|fr|pt,en|es|de|fr|pt,missing_passcode|missing_name|missing_printing
d7365b12-52c1-4382-b99a-257816cb6908,0,monster,4710,03627449,1,Skull Guardian,1,1,Skull Guardian,0,0,Skull Guardian | Totenkopfwächter,0,0,Gardien du Crâne | Skull Guardian,0,0,,0,0,pt,es|de|fr|pt,missing_name|missing_printing
e68445d1-dbe9-44bf-8955-83b008f43713,0,monster,8611,,1,"Skuna, the Leonine Rakan",2,1,,0,0,,0,0,,0,0,,0,0,es|de|fr|pt,es|de|fr|pt,missing_passcode|missing_name|missing_printing
39d03baf-c1af-4b3c-9b87-3ca93189cf0f,0,monster,4430,95288024,1,Sky Dragon,1,1,Sky Dragon,0,0,Himmelsdrache | Sky Dragon,0,0,Dragon Céleste | Sky Dragon,0,0,,0,0,pt,es|de|fr|pt,missing_name|missing_printing
d68bb5e4-b249-4fa1-874b-b08699a9089d,0,skill,,,1,Sky God Revelation,1,1,,0,0,,0,0,,0,0,,0,0,es|de|fr|pt,es|de|fr|pt,missing_passcode|missing_name|missing_printing
3903be73-8395-473e-bd14-797fef94e6f7,0,monster,14797,,1,Skyfaring Castle of the Black Forest,4,3,,0,0,,0,0,,0,0,,0,0,es|de|fr|pt,es|de|fr|pt,missing_passcode|missing_name|missing_printing
ace02ae9-3972-48cf-b160-23f9484fdbfe,0,spell,,,1,Skyfire of the Sacred Beast,0,0,,0,0,,0,0,,0,0,,0,0,es|de|fr|pt,en|es|de|fr|pt,missing_passcode|missing_name|missing_printing
d440ca13-e0e4-4954-acb4-7777af33ff09,0,monster,,,1,Slifer the Sky Dragon (original),5,3,Slifer el Dragón del Cielo,3,2,Slifer der Himmelsdrache,4,2,"Slifer, le Dragon Céleste",3,2,"Slifer, o Dragão Celeste",3,2,,,missing_passcode
78119ecf-b3ef-42ba-8512-ddd6d99c2429,0,skill,,,1,Slimey Disposition,1,1,,0,0,Schleimiges Wesen,1,1,Disposition Visqueuse,1,1,,0,0,es|pt,es|pt,missing_passcode|missing_name|missing_printing
bc7b12d0-95ca-4ee8-bb74-f33454d2b3b9,0,skill,,,1,Slimey Slimes,1,1,,0,0,Schleimiger Schleim,1,1,Slimes Visqueux,1,1,,0,0,es|pt,es|pt,missing_passcode|missing_name|missing_printing
78c93e97-2fac-4539-904e-53a2a08a028d,0,monster,8016,75775867,1,Morphtronic Slingen,3,1,Slingen Morfotrónico,1,1,Morphtronische Schleuder,1,1,Frondon Morphtronique,1,1,,0,0,pt,pt,missing_name|missing_printing
e1aac9cd-dbbb-4cd6-964a-0f7f37901dae,0,monster,9037,35448319,1,Snyffus,3,1,Snyffus,1,1,Snyffus,2,1,Snyffus,1,1,,0,0,pt,pt,missing_name|missing_printing
6e171669-5301-4776-aa29-ba06ee1e844c,0,trap,9951,63193536,1,Over Capacity,2,1,Sobre Capacidad,2,1,Überkapazität,1,1,Surcapacité,1,1,,0,0,pt,pt,missing_name|missing_printing
315ff561-c837-421f-b104-ce908f6f41e5,0,trap,7254,23282832,1,Over Limit,5,2,Sobre el Límite,2,2,Über das Limit,2,2,Limite Dépassée,2,2,,0,0,pt,pt,missing_name|missing_printing
cb3d3d83-33f7-4b2e-b536-72af01af05ee,0,trap,9684,24920410,1,Overwind,3,1,Sobrecuerda,1,1,Überdrehen,1,1,Surcadence,1,1,,0,0,pt,pt,missing_name|missing_printing
e398073b-d33e-52f2-b7dc-93e784233986,0,,22960,,0,Surge Blitzclique,2,1,Sobretensión Blitzclique,2,1,Stoß Blitzclique,2,1,Surge Blitzclique,2,1,Surto Blitzclique,2,1,,,missing_passcode|missing_art
33a6d67e-741d-4f14-a237-da5d626d3371,0,monster,15864,92770064,1,Sunavalon Dryatrentiay,0,0,Solaravalon Driadentia,0,0,Sonnenavalon-Dryatrentiay,0,0,Dryarbre Solairavalon,0,0,Driatreantiay de Solaravalon,0,0,,en|es|de|fr|pt,missing_printing
be7f93b4-e280-405d-8932-da2cc0f0365d,0,monster,15861,93896655,1,Sunavalon Dryas,0,0,Solaravalon Dríada,0,0,Sonnenavalon-Dryas,0,0,Dryas Solairavalon,0,0,Dria de Solaravalon,0,0,,en|es|de|fr|pt,missing_printing
93abb4ac-8db1-4586-b1e6-09f980317334,0,monster,15863,65285459,1,Sunavalon Dryanome,0,0,Solaravalon Dríadanomo,0,0,Sonnenavalon-Dryanome,0,0,Dryanome Solairavalon,0,0,Drianome de Solaravalon,0,0,,en|es|de|fr|pt,missing_printing
cd1755fa-45e3-4e43-95fc-331c687e1d06,0,monster,15862,39880350,1,Sunavalon Dryades,0,0,Solaravalon Dríades,0,0,Sonnenavalon-Dryaden,0,0,Dryades Solairavalon,0,0,Dríades de Solaravalon,0,0,,en|es|de|fr|pt,missing_printing
5bab28ef-076e-41b9-b886-a24a1319a01f,0,monster,15860,66407907,1,Sunseed Twin,0,0,Solarsemilla Gemelo,0,0,Sonnensamen-Zwilling,0,0,Jumeaux Solairgraine,0,0,Gêmeos de Solarsemente,0,0,,en|es|de|fr|pt,missing_printing
ad5d9107-dfb6-46a7-88d1-7755acc9eb12,0,monster,15857,27520594,1,Sunseed Genius Loci,0,0,Solarsemilla Genius Loci,0,0,Sonnensamen-Genie Loci,0,0,Astucieux Loci Solairgraine,0,0,Gênio Loci de Solarsemente,0,0,,en|es|de|fr|pt,missing_printing
6846111a-cae0-4861-a5ed-85042ead1b56,0,monster,15859,30013902,1,Sunseed Shadow,0,0,Solarsemilla Sombra,0,0,Sonnensamen-Schatten,0,0,Ombre Solairgraine,0,0,Sombra de Solarsemente,0,0,,en|es|de|fr|pt,missing_printing
d944fa75-2347-46c2-82e7-dea0c0249c6a,0,monster,15867,91557476,1,Sunvine Thrasher,0,0,Solarvid Apaleador,0,0,Sonnenranken-Drescher,0,0,Batteuse Solairvigne,0,0,Agressor de Solarvinhas,0,0,,en|es|de|fr|pt,missing_printing
0df26919-7f49-45dd-989d-bcfbae2553b2,0,monster,15858,53618293,1,Sunvine Maiden,0,0,Solarvid Doncella,0,0,Sonnenranken-Maid,0,0,Vierge Solairvigne,0,0,Donzela de Solarvinhas,0,0,,en|es|de|fr|pt,missing_printing
7802612f-3b5f-490b-b0d6-298af7673b55,0,monster,15865,28168762,1,Sunvine Gardna,0,0,Solarvid Gardna,0,0,Sonnenranken-Wache,0,0,Gardna Solairvigne,0,0,Gardna de Solarvinhas,0,0,,en|es|de|fr|pt,missing_printing
1e78f5ad-9a83-4e9e-b44c-5d69546414bd,0,monster,15866,65563871,1,Sunvine Healer,0,0,Solarvid Sanadora,0,0,Sonnenranken-Heiler,0,0,Guérisseur Solairvigne,0,0,Curandeira de Solarvinhas,0,0,,en|es|de|fr|pt,missing_printing
e3f92100-d612-4b88-a7fd-c41b35fa55e2,0,spell,15868,27946124,1,Sunvine Shrine,0,0,Solarvid Santuario,0,0,Sonnenranken-Schrein,0,0,Sanctuaire Solairvigne,0,0,Santuário de Solarvinhas,0,0,,en|es|de|fr|pt,missing_printing
cd5c64b9-8c16-4f19-91a9-9d36184c64b6,0,monster,9081,17841097,1,Needle Soldier,2,1,Soldado Aguja,1,1,Nadelsoldat,1,1,Mitrailleur d'Aiguilles,1,1,,0,0,pt,pt,missing_name|missing_printing
3070f65b-0788-469c-b48e-7a50a9bb2a9c,0,monster,9635,84569017,1,Spearfish Soldier,3,1,Soldado Arponero,1,1,Speerfisch-Soldat,1,1,Soldat Marlin,1,1,,0,0,pt,pt,missing_name|missing_printing
90be49c4-8897-4eea-a459-8a62861124f2,0,monster,8434,68366996,1,Gemini Soldier,2,1,Soldado Géminis,1,1,Zwillingssoldat,1,1,Soldat Gémeau,1,1,,0,0,pt,pt,missing_name|missing_printing
04f1d5c5-7815-4510-9fe0-35633d107c78,0,monster,9096,03846170,1,"Karakuri Soldier mdl 236 ""Nisamu""",2,1,"Soldado Karakuri Mod 236 - ""Nisamu"" | Soldado Karakuri mod 236 - ""Nisamu""",1,1,Karakuri-Soldat Nr. 236 „Nisamu“,1,1,"Karakuri 236 ""Nisamu"" le Soldat",1,1,,0,0,pt,pt,missing_name|missing_printing
4848a1d5-8fa8-4bf8-9f34-9e7fc473f33a,0,monster,5337,20831168,1,Lizard Soldier,3,2,Soldado Lagarto,0,0,Echsensoldat,0,0,Lizard Soldier | Soldat Lézard,0,0,,0,0,pt,es|de|fr|pt,missing_name|missing_printing
20e99715-b418-4489-bee1-1cef5f491b42,0,monster,5092,86281779,1,Gadget Soldier,6,3,Soldado Mecanismo,0,0,Maschinensoldat,1,1,Soldat Gadget,1,1,,0,0,pt,es|pt,missing_name|missing_printing
4b8309a8-effb-43d6-a6c9-6540015bd887,0,monster,7190,97127906,1,Alien Shocktrooper,3,1,Soldado de Asalto Alienígena,1,1,Außerirdischer Schocksoldat,1,1,Soldat d'Élite Alien,1,1,,0,0,pt,pt,missing_name|missing_printing
bdbe4031-d000-4991-b97b-f72ec84d6f3b,0,monster,7490,53927679,1,Fire Trooper,3,1,Soldado de Asalto de Fuego,1,1,Feuersoldat,1,1,Soldat de Feu,1,1,,0,0,pt,pt,missing_name|missing_printing
48075ae6-a082-45a4-a5f6-85f164d4abd0,0,monster,7435,14702066,1,Cannon Soldier MK-2,3,1,Soldado de Cañón MK-2,1,1,Kanonensoldat MK-2,1,1,Soldat Canon MK-2,2,1,,0,0,pt,pt,missing_name|missing_printing
9eb59999-6fa6-4f47-87db-5009770c43cf,0,monster,9630,12299841,1,Wind-Up Soldier,7,2,Soldado de Cuerda,3,2,Aufzieh-Soldat,3,2,Soldat Automate,3,2,,0,0,pt,pt,missing_name|missing_printing
0638caa4-eb5c-462e-b055-ec0a171ab9cd,0,monster,6970,99675356,1,Shien's Footsoldier,4,2,Soldado de Infantería de Shien,2,2,Shiens Fußsoldaten,2,2,Fantassin de Shien,2,2,,0,0,pt,pt,missing_name|missing_printing
5c4e33d9-3f21-44f2-9866-f028849df881,0,monster,9089,79796561,1,Synchro Soldier,2,1,Soldado de Sincronía,1,1,Synchrosoldat,1,1,Soldat Synchro,1,1,,0,0,pt,pt,missing_name|missing_printing
6b08a6ce-6c71-414f-b942-277b3b802465,0,monster,5927,18318842,1,Abyss Soldier,6,4,Soldado del Abismo,2,2,Abgrund-Soldat,3,3,Soldat des Abysses,3,3,,0,0,pt,pt,missing_name|missing_printing
e93e2c2b-2a29-53d6-9604-5e504f7e8fa2,0,,22977,,0,Black Luster Soldier - Soldier of Light and Darkness,3,1,Soldado del Brillo Negro - Soldado de la Luz y la Oscuridad,3,1,Schwarz Glänzender Soldat - Soldat des Lichts und der Finsternis,3,1,Soldat du Lustre Noir - Soldat de la Lumière et des Ténèbres,3,1,Soldado do Lustro Negro - Soldado da Luz e das Trevas,3,1,,,missing_passcode|missing_art
e73503bb-faf2-4c78-bcbc-a8886a06411f,0,monster,6474,50916353,1,Chthonian Soldier,7,3,Soldado del Infierno,2,1,Chthonian Soldat,2,1,Soldat Chthonien,2,1,,0,0,pt,pt,missing_name|missing_printing
d38ea85f-d168-4000-9836-777576a49bc1,0,monster,5015,57482479,1,Luminous Soldier,4,3,Soldado del Sol,3,3,Leuchtender Soldat,3,3,Soldat Lumineux,3,3,Soldado do Sol,0,0,,pt,missing_printing
6926a85e-f84b-470f-8665-0088a850ff0b,0,monster,4517,84990171,1,Bean Soldier,2,2,Soldado judía,1,1,Bohnensoldat,1,1,Soldat Haricot,1,1,,0,0,pt,pt,missing_name|missing_printing
955f97a5-5ff6-439f-abb6-cc4eb8ae473a,0,trap,5490,02047519,1,Hidden Soldiers,6,3,Soldados Escondidos | Soldados Ocultos,1,1,Versteckter Soldat,1,1,Soldats Embusqués,1,1,,0,0,pt,pt,missing_name|missing_printing
da4ae319-9930-4a42-8f2e-d698f5c84c33,0,monster,4225,84794011,1,Solitude,0,0,Soledad,0,0,Einsamkeit,0,0,Solitude,0,0,,0,0,pt,en|es|de|fr|pt,missing_name|missing_printing
b193241a-971b-4dab-a63a-a328150edcae,0,skill,-25,,1,Shadow Reborn,1,1,Sombra Renacida,1,1,Wiedergeborener Schatten,1,1,Renaissance de l'Ombre,1,1,Reviver Sombra,1,1,,,missing_passcode
c7219493-838b-5d41-9fff-514b3f33160a,0,,23020,,0,Power Patron Shade of the Final Hour,1,1,Sombra de la Hora Final Modelo de Poder,1,1,Machtpatron-Schatten der letzten Stunde,1,1,Mécène du Pouvoir de l'Obscurité de la Dernière Heure,1,1,Sombra do Patrono do Poder da Hora Final,1,1,,,missing_passcode|missing_art
bf16f959-4ff2-5bd9-8a6f-5601dc2c6223,0,,22925,,0,Shade the Obscure,2,1,Sombra el Oscuro,2,1,Schatten der Unberühmte,2,1,Ombre l'Obscur,2,1,"Sombra, o Obscuro",2,1,,,missing_passcode|missing_art
208e3d62-6126-52d2-8bf3-e29af12df321,0,,22995,,0,Chaos Magical Hats,2,1,Sombreros Mágicos del Caos,2,1,Magische Chaoshüte,2,1,Chapeaux Magiques du Chaos,2,1,Cartolas Mágicas do Caos,2,1,,,missing_passcode|missing_art
13fc100b-1e69-56ed-bb2b-e7400e91a572,0,,22979,,0,Invoked Sorath,1,1,Sorath Invokado,1,1,Beschworener Sorath,1,1,Sorath l'Invokhé,1,1,"Sorath, o Invokado",1,1,,,missing_passcode|missing_art
b9b40eba-b7b3-56d9-a902-8488241a5579,0,,22983,,0,Melffys' Joyful Surprise,1,1,Sorpresa Feliz de Melffys,1,1,Freudige Überraschung der Melffys,1,1,Joyeuse Surprise des Melffys,1,1,Surpresa Alegre dos Melffys,1,1,,,missing_passcode|missing_art
54492626-c0a1-5446-9084-cab09b6f7412,0,,23024,,0,Melffy Playtime Surprise,1,1,Sorpresa en los Juegos Melffy,1,1,Melffy-Spielzeit-Überraschung,1,1,Surprise pour la Pause Melffy,1,1,Recreação Surpresa dos Melffy,1,1,,,missing_passcode|missing_art
9fc3b9bd-0d63-4c2b-9b8e-f94369c2b2b4,0,token,,82324106,1,Soul Token,0,0,Soul Token,0,0,Soul Token,0,0,Soul Token,0,0,,0,0,pt,en|es|de|fr|pt,missing_name|missing_printing
e9e53139-d976-40cf-910f-9903bfeabcb7,0,spell,14236,90506641,1,Soul Unseal,0,0,Soul Unseal,0,0,Soul Unseal,0,0,Soul Unseal,0,0,,0,0,pt,en|es|de|fr|pt,missing_name|missing_printing
7b4fefec-6f83-4510-832c-bf538d18400b,0,monster,8702,39984786,1,Spawn Alligator,2,1,Spawn Alligator,0,0,Alligatorbrut,1,1,Spawn Alligator,0,0,,0,0,pt,es|fr|pt,missing_name|missing_printing
3fcfe7a3-4e6f-4218-ab06-cceeb2cd4b03,0,skill,-20,,1,Spell of Mask,0,0,,0,0,,0,0,,0,0,,0,0,es|de|fr|pt,en|es|de|fr|pt,missing_passcode|missing_name|missing_printing
755be717-78e6-427b-9c8f-314218f7faf5,0,monster,5086,52121290,1,Spherous Lady,5,3,Spherous Lady,0,0,Sphärische Lady,1,1,Lady Sphyra,1,1,,0,0,pt,es|pt,missing_name|missing_printing
2c92abe8-bfde-437c-b3f0-417c18ba2b87,0,monster,9395,29552709,1,Daigusto Sphreez,4,2,Sphreez Daigusto,1,1,Daigusto Sphreez,1,1,Daigusto Sphreez,1,1,,0,0,pt,pt,missing_name|missing_printing
2aef68bc-2928-4512-8185-decf804e3092,0,token,,44689689,1,Spinos Token,0,0,Spinos Token,0,0,Spinos Token,0,0,Spinos Token,0,0,,0,0,pt,en|es|de|fr|pt,missing_name|missing_printing
a9db53ba-494f-4c03-a81c-f6207216da4f,0,spell,5280,69832741,1,Spirit Elimination,4,3,Spirit Elimination,0,0,Geisteraustreibung,1,1,Élimination Spirit,1,1,,0,0,pt,es|pt,missing_name|missing_printing
5c57a68e-db22-4a06-a78c-1a6d6a6bc441,0,monster,4123,14037717,1,Spirit of the Books,1,1,Spirit of the Books,0,0,Geist der Bücher | Spirit of the Books,0,0,L'Esprit des Livres | Spirit of the Books,0,0,,0,0,pt,es|de|fr|pt,missing_name|missing_printing
3ac90296-cb90-4ec3-a18f-e6dd097f3aeb,0,monster,4531,34690519,1,Spirit of the Mountain,0,0,Spirit of the Mountain,0,0,Spirit of the Mountain,0,0,Spirit of the Mountain,0,0,,0,0,pt,en|es|de|fr|pt,missing_name|missing_printing
5bac6a9d-2c94-4d4e-986f-05b83d9b1761,0,spell,,,1,Spiritual Power Recovery Potion,0,0,,0,0,,0,0,,0,0,,0,0,es|de|fr|pt,en|es|de|fr|pt,missing_passcode|missing_name|missing_printing
91336baf-ad40-426f-9d4f-26bc1a60eb70,0,monster,5208,21175632,1,St. Joan,6,4,St.Joan,1,1,Heilige Johanna,2,2,Ste Jeanne,1,1,,0,0,pt,pt,missing_name|missing_printing
3ab86bc6-6099-4bdd-9a37-b03d48c342cf,0,skill,,,1,Stalked by the Rare Hunters,1,1,,0,0,Verfolgt von den Raritätenjägern,1,1,Traqué par les Pilleurs de l'Ombre,1,1,,0,0,es|pt,es|pt,missing_passcode|missing_name|missing_printing
2fcc454a-9993-46d0-8c84-a1230c1a53f9,0,monster,9482,02250266,1,Morphtronic Staplen,2,1,Staplen Morfotrónico,1,1,Morphtronischer Tacker,1,1,Agrafeuse Morphtronique,1,1,,0,0,pt,pt,missing_name|missing_printing
74fd852f-d0f0-4207-919b-d0bb4d92ef7a,0,monster,9247,,1,Stardust Divinity,2,1,,0,0,,0,0,,0,0,,0,0,es|de|fr|pt,es|de|fr|pt,missing_passcode|missing_name|missing_printing
4999f9fc-79d6-4f29-b46f-d4d8ce6bd229,0,monster,22728,27118421,3,Starving Venom Fusion Dragon of the Four Heavenly Dragons,0,0,,0,0,,0,0,,0,0,,0,0,es|de|fr|pt,en|es|de|fr|pt,missing_name|missing_printing
d6d80c41-aa08-46ea-9584-58216470d1df,0,token,,,1,Statue Token,0,0,,0,0,,0,0,,0,0,,0,0,es|de|fr|pt,en|es|de|fr|pt,missing_passcode|missing_name|missing_printing
ee989f83-e70b-484c-80b3-52b17cca7788,0,monster,20698,98588427,2,Steam Knight - BULLauncher,0,0,Steam Knight - BULLauncher,0,0,Steam Knight - BULLauncher,0,0,Steam Knight - BULLauncher,0,0,,0,0,pt,en|es|de|fr|pt,missing_name|missing_printing
d1927755-6db4-478c-b6b9-1f545ae2eb65,0,monster,18899,23923758,1,Steam Knight - Hamburk,0,0,Steam Knight - Hamburk,0,0,Steam Knight - Hamburk,0,0,Steam Knight - Hamburk,0,0,,0,0,pt,en|es|de|fr|pt,missing_name|missing_printing
32770016-815e-4212-baad-1720adf91ff0,0,token,,09047461,1,Steam Token,0,0,Steam Token,0,0,Steam Token,0,0,Steam Token,0,0,,0,0,pt,en|es|de|fr|pt,missing_name|missing_printing
31aeaa2d-7a30-422f-a024-f1552780172b,0,monster,4463,72269672,1,Stone Ghost,0,0,Stone Ghost,0,0,Steingeist | Stone Ghost,0,0,Fantôme en Pierre | Stone Ghost,0,0,,0,0,pt,en|es|de|fr|pt,missing_name|missing_printing
313738f8-7fe0-44e4-962b-28f78080ecd8,0,skill,,,1,Straight out of Neo Space!,1,1,,0,0,,0,0,,0,0,,0,0,es|de|fr|pt,es|de|fr|pt,missing_passcode|missing_name|missing_printing
9eeb26e9-4947-4144-b2dd-4c1aaef863ac,0,monster,4360,71068263,1,Stuffed Animal,2,2,Stuffed Animal,0,0,Plüschtier,0,0,Animal en peluche,0,0,,0,0,pt,es|de|fr|pt,missing_name|missing_printing
8fb26c71-726a-4f10-a3ed-fc6b3dfbb8e4,0,spell,,,1,Summer,0,0,,0,0,,0,0,,0,0,,0,0,es|de|fr|pt,en|es|de|fr|pt,missing_passcode|missing_name|missing_printing
b94c318a-1cfc-4826-835f-11f1b8ca14e1,0,spell,7306,26120084,1,Super Double Summon,3,1,Super Invocación Doble | Súper Invocación Doble,1,1,Super-Doppelbeschwörung,1,1,Super Double Invocation,1,1,,0,0,pt,pt,missing_name|missing_printing
954f7241-4409-4808-b3cd-e5bf7ea998ee,0,monster,5383,75923050,1,Super Robolady,3,2,Super Robolady,0,0,Super-Robot-Lady,0,0,Super Robolady,0,0,Super Robodama,0,0,,es|de|fr|pt,missing_printing
8154de0b-f30e-49ca-a6ad-c6d85a04635a,0,monster,5384,01412158,1,Super Roboyarou,3,2,Super Roboyarou,0,0,Super Roboyarou | Super-Robot-Yarou,0,0,Super Roboyarou,0,0,,0,0,pt,es|de|fr|pt,missing_name|missing_printing
66440e1d-d97e-4528-9794-a13b95dc7b98,0,monster,,,1,Super War-Lion,0,0,,0,0,Superkriegslöwe,0,0,,0,0,,0,0,es|fr|pt,en|es|de|fr|pt,missing_passcode|missing_name|missing_printing
acfcaffd-9c2b-4e29-a2e1-dacead2cbc7a,0,monster,9515,24221808,1,Overmind Archfiend,5,1,Supermente Archidemonio,2,1,Psigenie-Erzunterweltler,2,1,Archdémon Psycérébral,2,1,,0,0,pt,pt,missing_name|missing_printing
0291b9d9-1966-4e0f-84f3-d791e24749eb,0,monster,8247,32744558,1,R-Genex Overseer,4,2,Supervisor R-Genex,1,1,R-Genex-Aufseher,1,1,Genex-R Contrôleur,1,1,,0,0,pt,pt,missing_name|missing_printing
5dffce61-1f2d-4b14-9972-1d04711749c3,0,monster,5259,44072894,1,Supply,4,3,Supply,0,0,Nachschub,2,1,Ravitaillement,1,1,,0,0,pt,es|pt,missing_name|missing_printing
bdd48dfb-3f71-4f0c-a252-780f2cd5491e,0,trap,8677,19451302,1,Serpent Suppression,3,1,Supresión de la Serpiente,1,1,Schlangenunterdrückung,1,1,Constriction Reptilienne,1,1,,0,0,pt,pt,missing_name|missing_printing
7d9d34e1-e36e-4906-8750-77c2c317ee2d,0,monster,,,1,Surge Blitzclique,0,0,,0,0,,0,0,,0,0,,0,0,es|de|fr|pt,en|es|de|fr|pt,missing_passcode|missing_name|missing_printing
e8e391e4-7148-48f4-9506-e5567cf70234,0,monster,6704,81896370,1,Swift Birdman Joe,5,3,Swift Birdman Joe,1,1,Schneller Vogelmann Joe,2,2,"Jo, l'Homme-Oiseau Prompt",2,2,,0,0,pt,pt,missing_name|missing_printing
23b70cba-f260-4ac3-a3d1-420acbf68622,0,skill,,,1,Symbol of Pride,1,1,,0,0,,0,0,,0,0,,0,0,es|de|fr|pt,es|de|fr|pt,missing_passcode|missing_name|missing_printing
fd6d2a12-57eb-48fe-989d-aee34f1d8f3c,0,monster,4194,75646173,1,Synchar,0,0,Synchar,0,0,Synchar,0,0,Synchar,0,0,,0,0,pt,en|es|de|fr|pt,missing_name|missing_printing
e335e62d-961f-4b2b-bcb0-c6998eb4575c,0,spell,6615,45305419,1,Symbol of Heritage,4,2,Símbolo de Herencia,1,1,Erbschaftssymbol,1,1,Symbole d'Héritage,1,1,,0,0,pt,pt,missing_name|missing_printing
4f1bb582-8d0f-4c8d-9f54-745d4d6bf9b9,0,spell,8209,99002135,1,Urgent Synthesis,3,1,Síntesis Urgente,1,1,Dringende Synthese,1,1,Synthèse d'Urgence,1,1,,0,0,pt,pt,missing_name|missing_printing
bad1152f-2bf8-42af-8297-36b5a92f4df5,0,trap,6579,29590905,1,Super Junior Confrontation,4,2,Súper Confrontación Junior,1,1,Super Juniorenkonfrontation,1,1,Confrontation Super Junior,1,1,,0,0,pt,pt,missing_name|missing_printing
ec61d8de-ba1a-4d13-bfe7-c05422f4b710,0,monster,9629,86804246,1,Super Crashbug,3,1,Súper Crashbug,1,1,Super-Computerbug,1,1,Super Bogue,1,1,,0,0,pt,pt,missing_name|missing_printing
05ba861c-fa7c-4313-9bd9-5778cf3dd150,0,spell,10185,26345570,1,Chronomaly Pyramid Eye Tablet,3,1,Tableta del Ojo de la Pirámide Cronómala,1,1,Chronomale Pyramiden-Augentafel,1,1,Tablette de l'Œil Pyramide Chronomal,1,1,,0,0,pt,pt,missing_name|missing_printing
bd20eb95-3a91-4d3a-a73b-c4321f069f0a,0,monster,4359,44073668,1,Takriminos,3,2,Takriminos,1,1,Takriminos,1,1,Takriminos,1,1,,0,0,pt,pt,missing_name|missing_printing
980d5f5a-c956-4bdf-ab59-8ae4d7926ca2,0,spell,6574,67829249,1,Ancient Gear Drill,6,3,Taladro de Mecanismo Antiguo,2,2,Antiker Antriebsbohrer,3,2,Perceur Rouages Ancients,2,2,,0,0,pt,pt,missing_name|missing_printing
956af963-87e2-4308-841b-b0f34c9f7314,0,spell,,,1,Tamatamagachance,0,0,,0,0,,0,0,,0,0,,0,0,es|de|fr|pt,en|es|de|fr|pt,missing_passcode|missing_name|missing_printing
2bc3a2a1-304f-4658-a570-1797bde9c906,0,spell,6842,37457534,1,Ancient Gear Tank,3,1,Tanque de Mecanismo Antiguo,1,1,Antiker Antriebspanzer,1,1,Tank Rouages Ancients,1,1,,0,0,pt,pt,missing_name|missing_printing
b41b0c7f-2c56-4ad3-a612-658e1226da33,0,monster,4290,46247516,1,Tao the Chanter,0,0,Tao the Chanter,0,0,Tao the Chanter,0,0,Tao le Voyant,0,0,,0,0,pt,en|es|de|fr|pt,missing_name|missing_printing
8687a087-2972-40f2-8b86-0aa44247bac6,0,trap,7234,39526584,1,Gift Card,3,1,Tarjeta de Regalo,1,1,Geschenkegutschein,1,1,Coupon Cadeau,2,1,,0,0,pt,pt,missing_name|missing_printing
c62c3dbc-714d-41bf-8922-c92214d557b3,0,monster,4173,81492226,1,Ancient Jar,0,0,Tarro Antiguo,0,0,Ancient Jar | Antikes Gefäß,0,0,Ancient Jar | Jarre Antique,0,0,Jarro Antigo,0,0,,en|es|de|fr|pt,missing_printing
74aa53b9-968c-486c-94d5-f86b6a486e62,0,monster,4410,47922711,1,Tatsunootoshigo,0,0,Tatsunootoshigo,0,0,Tatsunootoshigo,0,0,Tatsunootoshigo,0,0,Tatsunootoshigo,0,0,,en|es|de|fr|pt,missing_printing
9ba2ecc8-996a-4a2a-a664-7e87c01c4569,0,spell,10184,90951921,1,Chronomaly Technology,3,1,Tecnología Cronómala,1,1,Chronomale Technologie,1,1,Technologie Chronomal,1,1,,0,0,pt,pt,missing_name|missing_printing
e128cade-7d92-4c98-8e76-6a6a8f7c4027,0,spell,8480,69408987,1,Spider Web,3,1,Telaraña,1,1,Spinnennetz,1,1,Toile d'Araignée,1,1,,0,0,pt,pt,missing_name|missing_printing
f4da28f3-bcb0-4c46-bf5c-275465a5b684,0,trap,8362,71652522,1,Battle Teleportation,3,1,Teleportación de Batalla,1,1,Kampfteleport,1,1,Téléportation de Combat,1,1,,0,0,pt,pt,missing_name|missing_printing
c21001df-a996-4ec4-825c-cecbffd9337d,0,monster,8080,01834753,1,Overdrive Teleporter,3,1,Teleportador a Toda Marcha,2,1,Turboteleporter,1,1,Téléportateur Multiple,1,1,,0,0,pt,pt,missing_name|missing_printing
f0edb9cf-85f6-41f2-bd5d-797adfbbe0c1,0,spell,7911,06795211,1,Teleport,3,1,Teleportar,1,1,Teleport,1,1,Téléportation,1,1,,0,0,pt,pt,missing_name|missing_printing
1f719417-7698-4c96-9f67-744aca17d22a,0,monster,7299,91070115,1,Alien Telepath,3,1,Telépata Alienígena,1,1,Außerirdischer Telepath,1,1,Alien Télékinésique,1,1,,0,0,pt,pt,missing_name|missing_printing
0af6d864-2b23-4fd7-9c54-f56c4ad74f8d,0,spell,8661,91468551,1,Temple of the Sun,3,1,Templo del Sol,1,1,Tempel der Sonne,1,1,Temple du Soleil,1,1,,0,0,pt,pt,missing_name|missing_printing
96ae127a-6954-4a69-b0d3-c269e4da133f,0,monster,4607,57935140,1,Tenderness,0,0,Tenderness,0,0,Zartheit,0,0,Tenderness | Tendresse,0,0,,0,0,pt,en|es|de|fr|pt,missing_name|missing_printing
3cb54f9c-592e-4815-b228-c4c8726c20b5,0,monster,6595,41589166,1,Tenkabito Shien,3,2,Tenkabito Shien,1,1,Tenkabito Shien,1,1,Tenkabito Shien,1,1,,0,0,pt,pt,missing_name|missing_printing
b7d17697-0b44-4f85-9b29-0ede1e143ec5,0,monster,9568,59563768,1,Tenshin,2,1,Tenshin,1,1,Tenshin,1,1,Tenshin,1,1,,0,0,pt,pt,missing_name|missing_printing
8de30317-7070-4a93-80c9-423bf65600b1,0,monster,4595,60715406,1,Tentacle Plant,0,0,Tentacle Plant,0,0,Tentacle Plant | Tentakelpflanze,0,0,Plante à Tentacules | Tentacle Plant,0,0,,0,0,pt,en|es|de|fr|pt,missing_name|missing_printing
fc45bc93-f431-5575-b9c3-01046af2c295,0,,23005,,0,Theorealize Past Lull,1,1,Teoresaber Calma Antigua,1,1,Theorealisieren der vergangenen Ruhe,1,1,Théoréalisation Après l'Accalmie,1,1,Teorealizar a Calmaria Passada,1,1,,,missing_passcode|missing_art
e56e234e-7910-4cf7-a1b1-18f2b1dd3965,0,monster,9902,69633792,1,Evolsaur Terias,3,1,Terias Evolusaurio,1,1,Evolsaurier Terias,1,1,Évolsaure Terias,1,1,,0,0,pt,pt,missing_name|missing_printing
badf8e84-85b5-4ec7-ad85-db46d62be03f,0,spell,9871,04545854,1,Xyz Territory,3,1,Territorio Xyz,1,1,Xyz-Gebiet,1,1,Territoire Xyz,1,1,,0,0,pt,pt,missing_name|missing_printing
37d386bd-cd45-4d06-86b5-d0b3858fd9b7,0,monster,9589,84313685,1,Vylon Tesseract,4,2,Teseracto Vylon,1,1,Vylon Tesserakt,1,1,Tesseract Vylon,1,1,,0,0,pt,pt,missing_name|missing_printing
1651787d-4457-47ef-8a70-5d9d07a7f552,0,monster,6958,,1,Testament of the Arcane Lords,2,1,,0,0,,0,0,,0,0,,0,0,es|de|fr|pt,es|de|fr|pt,missing_passcode|missing_name|missing_printing
c8d3bd69-ffcc-5afc-8c25-9828e375c062,0,,23296,,0,Witness of the Ancient,2,1,Testigo de los Ancestros,2,1,Zeuge der Uralten,2,1,Témoin de l'Ancien,2,1,Testemunha dos Antigos,2,1,,,missing_passcode|missing_art
80acd29c-0b52-4fb9-9f02-b999efc0fb3c,0,monster,5933,16469012,1,Teva,2,1,Teva,1,1,Teva,1,1,Teva,1,1,Tevá,0,0,,pt,missing_printing
130fb2ac-9324-481f-8897-d2aa8bd598a6,0,token,,,1,The 10th Yu-Gi-Oh! Championship Series Japan,0,0,,0,0,,0,0,,0,0,,0,0,es|de|fr|pt,en|es|de|fr|pt,missing_passcode|missing_name|missing_printing
c5754656-7099-40c3-b5f0-97e582a5a652,0,skill,,,1,The Dragon Hunting Swordsman,1,1,,0,0,Der drachenjagende Schwertkämpfer,1,1,Le Spadassin Chasseur de Dragons,1,1,,0,0,es|pt,es|pt,missing_passcode|missing_name|missing_printing
ebbab031-0fdf-4085-b02a-c4d0cb61d44c,0,monster,4246,08944575,1,The Drdek,0,0,The Drdek,0,0,The Drdek,0,0,The Drdek,0,0,,0,0,pt,en|es|de|fr|pt,missing_name|missing_printing
555d4ad1-69c2-41ea-bfee-d63b761c4906,0,spell,22718,93871599,2,The Flute of Guiding Dragon,0,0,,0,0,,0,0,,0,0,,0,0,es|de|fr|pt,en|es|de|fr|pt,missing_name|missing_printing
5aaef988-140d-4c8f-9d1f-441f013d331e,0,monster,21968,,1,The Lady's Protectors,4,2,,0,0,,0,0,,0,0,,0,0,es|de|fr|pt,es|de|fr|pt,missing_passcode|missing_name|missing_printing
aa54d67e-c087-49b6-ae52-bdb10ea19f76,0,spell,20033,54120521,1,The Legend of Tickets,0,0,The Legend of Tickets,0,0,The Legend of Tickets,0,0,The Legend of Tickets,0,0,,0,0,pt,en|es|de|fr|pt,missing_name|missing_printing
8d63169e-e970-446f-8196-b12974fad3d4,0,skill,,,1,The Machine Menace,1,1,,0,0,Die Maschinenbedrohung,1,1,La Menace Machine,1,1,,0,0,es|pt,es|pt,missing_passcode|missing_name|missing_printing
fda65120-2ea3-4c37-92f7-d3db5e290e42,0,monster,4158,98898173,1,The Melting Red Shadow,0,0,The Melting Red Shadow,0,0,Roter Schmelzschatten | The Melting Red Shadow,0,0,L’Ombre Rouge Fondue | The Melting Red Shadow,0,0,,0,0,pt,en|es|de|fr|pt,missing_name|missing_printing
f0a863d0-acfd-43ad-bdbd-ade259710597,0,monster,,,1,The Orchestrator of the Sacred Beasts,0,0,,0,0,,0,0,,0,0,,0,0,es|de|fr|pt,en|es|de|fr|pt,missing_passcode|missing_name|missing_printing
ac2de4be-b0a3-4a85-8c2c-7f0de42285fe,0,monster,,,1,The Phantom Knights of Decayed Cloak,0,0,,0,0,,0,0,,0,0,,0,0,es|de|fr|pt,en|es|de|fr|pt,missing_passcode|missing_name|missing_printing
c69241f9-8bbc-42c0-b695-6218faa78c1e,0,monster,,,1,The Phantom Knights of Doomed Solleret,0,0,,0,0,,0,0,,0,0,,0,0,es|de|fr|pt,en|es|de|fr|pt,missing_passcode|missing_name|missing_printing
176659f7-0600-424f-b51e-9ee2865df661,0,monster,,,1,The Phantom Knights of Malevolent Scythe,0,0,,0,0,,0,0,,0,0,,0,0,es|de|fr|pt,en|es|de|fr|pt,missing_passcode|missing_name|missing_printing
af99f198-59f7-43b9-b2c8-9c266a6354db,0,trap,,,1,The Phantom Knights of Umbrage Veil,0,0,,0,0,,0,0,,0,0,,0,0,es|de|fr|pt,en|es|de|fr|pt,missing_passcode|missing_name|missing_printing
39c1aaec-ef8a-445d-a16f-e9d90589f8f8,0,spell,,,1,The Phantom Knights' Rank-Up-Magic Requiem,0,0,,0,0,,0,0,,0,0,,0,0,es|de|fr|pt,en|es|de|fr|pt,missing_passcode|missing_name|missing_printing
3ec5405e-3df8-426c-b040-ac16340b7116,0,spell,,,1,The Seal of Orichalcos (UDE promo),1,1,,0,0,,0,0,,0,0,,0,0,es|de|fr|pt,es|de|fr|pt,missing_passcode|missing_name|missing_printing
d423a620-43e4-4c3c-b920-5766b10f2543,0,monster,11455,,1,"The Twin Kings, Founders of the Empire",3,2,,0,0,,0,0,,0,0,,0,0,es|de|fr|pt,es|de|fr|pt,missing_passcode|missing_name|missing_printing
6172f6f6-35fd-4b8a-bc7c-fea959340a41,0,monster,4562,93788854,1,The Wandering Doomed,0,0,The Wandering Doomed,0,0,The Wandering Doomed,0,0,Le Condamné Errant,0,0,,0,0,pt,en|es|de|fr|pt,missing_name|missing_printing
9cde4b73-0dfa-43df-a391-2cd732b031ed,0,monster,,,1,Three Riser,0,0,,0,0,,0,0,,0,0,,0,0,es|de|fr|pt,en|es|de|fr|pt,missing_passcode|missing_name|missing_printing
c26ce211-42d1-4ba3-ac00-2802e1f90a83,0,token,,14089429,1,Thunder Option Token,0,0,Thunder Option Token,0,0,Thunder Option Token,0,0,Thunder Option Token,0,0,,0,0,pt,en|es|de|fr|pt,missing_name|missing_printing
a785a841-43b0-43f4-86e7-5ea4ea10ba89,0,monster,9727,20838380,1,Shark Stickers,3,1,Tiburón Autoadhesivo,1,1,Hai-Saugnäpfe,1,1,Requin Autocollant,1,1,,0,0,pt,pt,missing_name|missing_printing
b768d52f-cb84-4e24-a7b3-7b1294c79c78,0,monster,4545,34290067,1,Corroding Shark,2,2,Tiburón Corrosivo,1,1,Zombie-Hai,1,1,Requin Putride,1,1,,0,0,pt,pt,missing_name|missing_printing
00a58797-12ca-450a-81eb-a84affaffb52,0,monster,9321,69155991,1,Scrap Shark,3,1,Tiburón de Chatarra,1,1,Schrotthai,1,1,Requin de Ferraille,1,1,,0,0,pt,pt,missing_name|missing_printing
3d12e022-a113-440b-bdc6-1b849706f4b5,0,monster,6596,87978805,1,Parasitic Ticky,4,2,Ticky Parásito,1,1,Parasit Ticky,1,1,Ticki Parasitaire,1,1,,0,0,pt,pt,missing_name|missing_printing
953515df-481d-4c08-81bb-3e68a61ce0cf,0,monster,6981,50957346,1,Raging Earth,2,1,Tierra Enfurecida,1,1,Wütende Erde,1,1,Terre Déchaînée,1,1,Terra Enfurecida,0,0,,pt,missing_printing
9e541d2a-0f24-46ab-a7c6-85e47dcda6d3,0,skill,,,1,Land of the Ojamas (Skill Card),1,1,Tierra de los Ojamas,1,1,Land der Ojama,1,1,Terre des Ojamas,1,1,,1,1,pt,,missing_passcode|missing_name
02d0b8b5-80f0-47db-9cdf-10d3f0d94bda,0,spell,6906,63516460,1,Mystical Wind Typhoon,3,1,Tifón del Viento Místico,0,0,Mystischer Wind-Taifun,1,1,Typhon de Vent Mystique,2,1,,0,0,pt,es|pt,missing_name|missing_printing
8afeb1b9-ded4-4c0d-88e4-e5e33076471d,0,token,,,1,Tiger Token,0,0,,0,0,,0,0,,0,0,,0,0,es|de|fr|pt,en|es|de|fr|pt,missing_passcode|missing_name|missing_printing
f413f3db-53c0-5e6c-a543-2bf6a6a80bdc,0,,23421,,0,Lunalight Scarlet Tiger,3,1,Tigresa Escarlata de la Lunaluz,3,1,Lunalicht Scharlach-Tiger,3,1,Tigre Écarlate de Clair de Lune,3,1,Tigresa Escarlate Luzlunar,3,1,,,missing_passcode|missing_art
a811abe1-3b55-4eba-a8c1-894eb2149136,0,monster,10053,38450736,1,Inzektor Earwig,3,1,Tijereta Inzektor,2,1,Insektor Ohrenkriecher,1,1,Inzektor Forficule,1,1,,0,0,pt,pt,missing_name|missing_printing
ae3e71e1-5b16-49ae-b409-7b0ea29bc57b,0,trap,20034,90615639,1,Time Dimension Hole,0,0,Time Dimension Hole,0,0,Time Dimension Hole,0,0,Time Dimension Hole,0,0,,0,0,pt,en|es|de|fr|pt,missing_name|missing_printing
675efd40-9724-4d84-893a-8a1a2009866a,0,monster,5041,44913552,1,Timeater,4,2,Timeater,0,0,Timeater | Zeitfresser,0,0,Timeater,0,0,,0,0,pt,es|de|fr|pt,missing_name|missing_printing
445e61c0-0f3c-4a7a-ae3b-60b87c8a94a1,0,spell,5436,40350910,1,Timidity,3,2,Timidez,1,1,Schüchternheit,1,1,Timidité,1,1,,0,0,pt,pt,missing_name|missing_printing
1e41f9d9-6718-40b5-94ac-d88ce918c233,0,token,,75119041,1,Tindangle Token,0,0,Tindangle Token,0,0,Tindangle Token,0,0,Tindangle Token,0,0,,0,0,pt,en|es|de|fr|pt,missing_name|missing_printing
2d4d277d-63d9-4148-a10f-cb4cba625cb1,0,monster,7018,07200041,1,Metal Shooter,3,2,Tirador de Metal,1,1,Metallschütze,1,1,Tireur Métallique,1,1,,0,0,pt,pt,missing_name|missing_printing
aa5f65ea-29a4-4c94-b1da-26ee1fcf56b4,0,monster,6896,39188539,1,Storm Shooter,4,1,Tirador de Tormentas,0,0,Sturmschütze,2,1,Tireur de la Tempête,3,1,,0,0,pt,es|pt,missing_name|missing_printing
2f1a37ee-189b-4f64-9316-6ecf3165447a,0,monster,9661,31386180,1,"Tiras, Keeper of Genesis",8,2,"Tiras, Cuidador de Génesis",3,2,"Tiras, Hüter der Schöpfung",3,2,"Tiras, Gardien de la Genèse",4,2,"Tiras, Protetor da Gênesis",0,0,,pt,missing_printing
5eff1bac-b420-41af-96af-3196790e1eb6,0,spell,7189,60728397,1,Venom Shot,3,1,Tiro Venenoso,1,1,Giftschuß,1,1,Salve Venin,1,1,,0,0,pt,pt,missing_name|missing_printing
35f70dcc-3548-4ddb-9517-739c05e514c5,0,spell,6537,53586134,1,Bubble Blaster,3,1,Tiro de Burbuja,1,1,Bubble Strahler,1,1,Blaster à Bulle,1,1,,0,0,pt,pt,missing_name|missing_printing
eb025609-372b-402a-bde9-18f042d0aad6,0,spell,6491,19394153,1,Feather Shot,10,4,Tiro de Pluma,3,2,Federschuss,5,3,Lancer de Plume,3,2,,0,0,pt,pt,missing_name|missing_printing
e2b11147-a1f4-4b75-aa69-9992dfe412c0,0,monster,9650,71564150,1,Perditious Puppeteer,3,1,Titiritero Pérfido,1,1,Verdammenswerter Puppenspieler,2,1,Marionnettiste de l'Enfer,2,1,,0,0,pt,pt,missing_name|missing_printing
bc1f1436-7907-44be-9fd3-9f2d32577d82,0,monster,4534,33878931,1,Togex,0,0,Togex,0,0,Togex,0,0,Togex,0,0,,0,0,pt,en|es|de|fr|pt,missing_name|missing_printing
049cdada-5ee5-4dbc-92a9-6e82d6044da7,0,token,,,1,Token,0,0,,0,0,,0,0,,0,0,,0,0,es|de|fr|pt,en|es|de|fr|pt,missing_passcode|missing_name|missing_printing
04c3704f-5aee-4247-bbd8-77033383c811,0,token,,,1,Token,0,0,,0,0,,0,0,,0,0,,0,0,es|de|fr|pt,en|es|de|fr|pt,missing_passcode|missing_name|missing_printing
08764e65-cd0e-422b-be78-3c66e0e4e9e6,0,token,,,1,Token,0,0,,0,0,,0,0,,0,0,,0,0,es|de|fr|pt,en|es|de|fr|pt,missing_passcode|missing_name|missing_printing
1d2f75b4-d1c1-4746-8282-f9d3f76864a3,0,token,,,1,Token,0,0,,0,0,,0,0,,0,0,,0,0,es|de|fr|pt,en|es|de|fr|pt,missing_passcode|missing_name|missing_printing
26a1dd5d-94ac-4681-b5cb-925b83c433a9,0,token,,,1,Token,0,0,,0,0,,0,0,,0,0,,0,0,es|de|fr|pt,en|es|de|fr|pt,missing_passcode|missing_name|missing_printing
2bf934a5-0074-4e7c-b790-9783a9f603ac,0,token,,,1,Token,0,0,,0,0,,0,0,,0,0,,0,0,es|de|fr|pt,en|es|de|fr|pt,missing_passcode|missing_name|missing_printing
303aa5fd-1fa8-4d5b-ad19-f54bb7cb3cfd,0,token,,,1,Token,0,0,,0,0,,0,0,,0,0,,0,0,es|de|fr|pt,en|es|de|fr|pt,missing_passcode|missing_name|missing_printing
31cc9924-1000-4312-aecb-e02fb519dd88,0,token,,,1,Token,0,0,,0,0,,0,0,,0,0,,0,0,es|de|fr|pt,en|es|de|fr|pt,missing_passcode|missing_name|missing_printing
34cb7a38-6af8-41f4-9398-4e4f357975a5,0,token,,,1,Token,0,0,,0,0,,0,0,,0,0,,0,0,es|de|fr|pt,en|es|de|fr|pt,missing_passcode|missing_name|missing_printing
37c65203-1ea5-4b97-a320-ca6be2ed48ef,0,token,,,1,Token,0,0,,0,0,,0,0,,0,0,,0,0,es|de|fr|pt,en|es|de|fr|pt,missing_passcode|missing_name|missing_printing
3c1b1564-2955-4db2-88b2-10b9102cf58f,0,token,,,1,Token,0,0,,0,0,,0,0,,0,0,,0,0,es|de|fr|pt,en|es|de|fr|pt,missing_passcode|missing_name|missing_printing
3d4d07dd-a4d6-4735-bb59-829dbbba3be6,0,token,,,2,Token,0,0,,0,0,,0,0,,0,0,,0,0,es|de|fr|pt,en|es|de|fr|pt,missing_passcode|missing_name|missing_printing
40fd9dcc-d4cf-44c2-8a68-3c75c04a7417,0,token,,,1,Token,0,0,,0,0,,0,0,,0,0,,0,0,es|de|fr|pt,en|es|de|fr|pt,missing_passcode|missing_name|missing_printing
41098285-d02e-4a5e-90d2-874852a01e20,0,token,,,1,Token,0,0,,0,0,,0,0,,0,0,,0,0,es|de|fr|pt,en|es|de|fr|pt,missing_passcode|missing_name|missing_printing
419c45b8-0a4a-4cb7-b5fd-4ea83df6ec06,0,token,,,1,Token,0,0,,0,0,,0,0,,0,0,,0,0,es|de|fr|pt,en|es|de|fr|pt,missing_passcode|missing_name|missing_printing
42378b06-bc14-40db-b2b0-f3ebfb958155,0,token,,,1,Token,0,0,,0,0,,0,0,,0,0,,0,0,es|de|fr|pt,en|es|de|fr|pt,missing_passcode|missing_name|missing_printing
44fe486e-18f8-41a5-be0f-204e91e06eba,0,token,,,1,Token,1,0,,0,0,,0,0,,0,0,,0,0,es|de|fr|pt,es|de|fr|pt,missing_passcode|missing_name|missing_printing
4b7a55b7-66cc-4e2e-921f-5686bdaeec08,0,token,,,1,Token,0,0,,0,0,,0,0,,0,0,,0,0,es|de|fr|pt,en|es|de|fr|pt,missing_passcode|missing_name|missing_printing
56ee3c95-cfdb-4c72-8b05-67cfe9c9a252,0,token,,,1,Token,0,0,,0,0,,0,0,,0,0,,0,0,es|de|fr|pt,en|es|de|fr|pt,missing_passcode|missing_name|missing_printing
5761dcbe-7f7b-4ee1-aed6-21df25b88b60,0,token,,,1,Token,0,0,,0,0,,0,0,,0,0,,0,0,es|de|fr|pt,en|es|de|fr|pt,missing_passcode|missing_name|missing_printing
5accbefd-31e1-4851-881f-a2879bc4ddce,0,token,,,1,Token,0,0,,0,0,,0,0,,0,0,,0,0,es|de|fr|pt,en|es|de|fr|pt,missing_passcode|missing_name|missing_printing
61a6f494-422a-449a-859d-2fb7e47be774,0,token,,,1,Token,0,0,,0,0,,0,0,,0,0,,0,0,es|de|fr|pt,en|es|de|fr|pt,missing_passcode|missing_name|missing_printing
63c54358-c66e-4436-ad68-885cc8630c37,0,token,,,1,Token,0,0,,0,0,,0,0,,0,0,,0,0,es|de|fr|pt,en|es|de|fr|pt,missing_passcode|missing_name|missing_printing
6432e6ec-84d5-417a-96c3-75cefb80c840,0,token,,,1,Token,0,0,,0,0,,0,0,,0,0,,0,0,es|de|fr|pt,en|es|de|fr|pt,missing_passcode|missing_name|missing_printing
67c959b2-fb83-40aa-9fb2-9788b30e2100,0,token,,,1,Token,0,0,,0,0,,0,0,,0,0,,0,0,es|de|fr|pt,en|es|de|fr|pt,missing_passcode|missing_name|missing_printing
71dda44f-17d5-43cf-8143-eb65a57ecf02,0,token,,,1,Token,0,0,,0,0,,0,0,,0,0,,0,0,es|de|fr|pt,en|es|de|fr|pt,missing_passcode|missing_name|missing_printing
78963f3a-0449-4bff-bbc8-d12f8908c19c,0,token,,,1,Token,0,0,,0,0,,0,0,,0,0,,0,0,es|de|fr|pt,en|es|de|fr|pt,missing_passcode|missing_name|missing_printing
83a568f5-b9ad-4667-aef1-85d983b8a02c,0,token,,,1,Token,0,0,,0,0,,0,0,,0,0,,0,0,es|de|fr|pt,en|es|de|fr|pt,missing_passcode|missing_name|missing_printing
92109d40-bc88-4b14-96f7-c5ed660171f5,0,token,,,1,Token,0,0,,0,0,,0,0,,0,0,,0,0,es|de|fr|pt,en|es|de|fr|pt,missing_passcode|missing_name|missing_printing
9bde8b13-943b-4f8f-a225-9c6c666dc86c,0,token,,,1,Token,0,0,,0,0,,0,0,,0,0,,0,0,es|de|fr|pt,en|es|de|fr|pt,missing_passcode|missing_name|missing_printing
a47326ce-2e68-4403-ae2f-d719d3ab6de1,0,token,,,1,Token,0,0,,0,0,,0,0,,0,0,,0,0,es|de|fr|pt,en|es|de|fr|pt,missing_passcode|missing_name|missing_printing
a8950c05-f90c-4aa9-874c-8afac7f6c4d0,0,token,,,1,Token,0,0,,0,0,,0,0,,0,0,,0,0,es|de|fr|pt,en|es|de|fr|pt,missing_passcode|missing_name|missing_printing
af0e5dbd-f4a3-448c-95ad-e5709a2adfd5,0,token,,,1,Token,0,0,,0,0,,0,0,,0,0,,0,0,es|de|fr|pt,en|es|de|fr|pt,missing_passcode|missing_name|missing_printing
b110709f-c7d6-4758-a605-d492842e17aa,0,token,,,1,Token,0,0,,0,0,,0,0,,0,0,,0,0,es|de|fr|pt,en|es|de|fr|pt,missing_passcode|missing_name|missing_printing
bae03f59-efcd-42de-b7f7-9fb0253d474e,0,token,,,1,Token,0,0,,0,0,,0,0,,0,0,,0,0,es|de|fr|pt,en|es|de|fr|pt,missing_passcode|missing_name|missing_printing
bb4ce816-3ec5-4785-8971-59c2899f1aee,0,token,,,2,Token,0,0,,0,0,,0,0,,0,0,,0,0,es|de|fr|pt,en|es|de|fr|pt,missing_passcode|missing_name|missing_printing
bcfe40f7-4b42-4a42-9f62-6b609bec485e,0,token,,,1,Token,0,0,,0,0,,0,0,,0,0,,0,0,es|de|fr|pt,en|es|de|fr|pt,missing_passcode|missing_name|missing_printing
beb48a0f-b080-4f83-b59e-028a239fed1e,0,token,,,1,Token,0,0,,0,0,,0,0,,0,0,,0,0,es|de|fr|pt,en|es|de|fr|pt,missing_passcode|missing_name|missing_printing
c43bda6d-cb16-4bfb-ad36-293e2839215c,0,token,,,2,Token,0,0,,0,0,,0,0,,0,0,,0,0,es|de|fr|pt,en|es|de|fr|pt,missing_passcode|missing_name|missing_printing
c7a183de-4a1f-427e-8f69-384e4f7cebec,0,token,,,1,Token,0,0,,0,0,,0,0,,0,0,,0,0,es|de|fr|pt,en|es|de|fr|pt,missing_passcode|missing_name|missing_printing
c92fa8bb-6094-458f-8222-e3c7a292b374,0,token,,,1,Token,0,0,,0,0,,0,0,,0,0,,0,0,es|de|fr|pt,en|es|de|fr|pt,missing_passcode|missing_name|missing_printing
cadf46a2-4fb6-4f37-9d8b-3b6d4a59a942,0,token,,,1,Token,0,0,,0,0,,0,0,,0,0,,0,0,es|de|fr|pt,en|es|de|fr|pt,missing_passcode|missing_name|missing_printing
d617f772-5c76-4990-a05f-6236e188579f,0,token,,,1,Token,0,0,,0,0,,0,0,,0,0,,0,0,es|de|fr|pt,en|es|de|fr|pt,missing_passcode|missing_name|missing_printing
da85c723-0614-4c95-adbb-1abab712f11c,0,token,,,1,Token,0,0,,0,0,,0,0,,0,0,,0,0,es|de|fr|pt,en|es|de|fr|pt,missing_passcode|missing_name|missing_printing
e6993ce1-3492-497e-8cb8-1914cb4ea075,0,token,,,1,Token,0,0,,0,0,,0,0,,0,0,,0,0,es|de|fr|pt,en|es|de|fr|pt,missing_passcode|missing_name|missing_printing
ea70b32a-b648-4d06-992c-63d74bc9ac85,0,token,,,1,Token,0,0,,0,0,,0,0,,0,0,,0,0,es|de|fr|pt,en|es|de|fr|pt,missing_passcode|missing_name|missing_printing
ec8db05e-f22f-40e0-831c-f371c77c38bd,0,token,,,1,Token,0,0,,0,0,,0,0,,0,0,,0,0,es|de|fr|pt,en|es|de|fr|pt,missing_passcode|missing_name|missing_printing
f0973934-46f4-4556-aef0-b9a9765b9e2b,0,token,,,1,Token,0,0,,0,0,,0,0,,0,0,,0,0,es|de|fr|pt,en|es|de|fr|pt,missing_passcode|missing_name|missing_printing
4231e5a7-a04f-49a9-9700-f56b0be78129,0,token,,,1,"Token (Ai and ""The Arrival Cyberse @Ignister"")",1,0,,0,0,,0,0,,0,0,,0,0,es|de|fr|pt,es|de|fr|pt,missing_passcode|missing_name|missing_printing
8ebcaaec-6661-4183-8675-ba091de8a22c,0,token,,,1,"Token (Aigami and ""Buster Gundil the Cubic Behemoth"")",0,0,,0,0,,0,0,,0,0,,0,0,es|de|fr|pt,en|es|de|fr|pt,missing_passcode|missing_name|missing_printing
3be9a23d-db2c-4694-b196-ef4b21d46383,0,token,,,1,"Token (Akiza and ""Black Rose Dragon"")",1,0,,0,0,,0,0,,0,0,,0,0,es|de|fr|pt,es|de|fr|pt,missing_passcode|missing_name|missing_printing
f7e67d05-6bca-4dea-817a-8d28de374b14,0,token,,,1,"Token (Alexis and ""Cyber Angel Dakini"")",1,0,,0,0,,0,0,,0,0,,0,0,es|de|fr|pt,es|de|fr|pt,missing_passcode|missing_name|missing_printing
d98ca8cc-4174-4f8f-9574-1b53883306e0,0,token,,,1,"Token (Anna and ""Superdreadnought Rail Cannon Gustav Max"")",0,0,,0,0,,0,0,,0,0,,0,0,es|de|fr|pt,en|es|de|fr|pt,missing_passcode|missing_name|missing_printing
f97b5b29-4a80-454e-9067-0f370849d9a7,0,token,,,1,"Token (Aster and ""Destiny HERO - Plasma"")",0,0,,0,0,,0,0,,0,0,,0,0,es|de|fr|pt,en|es|de|fr|pt,missing_passcode|missing_name|missing_printing
88eb7da6-5200-42ef-9b66-2a127a49647c,0,token,,,1,"Token (Axel and ""Volcanic Doomfire"")",1,0,,0,0,,0,0,,0,0,,0,0,es|de|fr|pt,es|de|fr|pt,missing_passcode|missing_name|missing_printing
7aa59ccb-6d3f-413d-bb6f-d3eac20b38ad,0,token,,,1,"Token (Bastion and ""Water Dragon"")",1,0,,0,0,,0,0,,0,0,,0,0,es|de|fr|pt,es|de|fr|pt,missing_passcode|missing_name|missing_printing
5c00608d-85a2-45ea-9e1b-007cc9e5de44,0,token,,,2,"Token (Blue Angel and ""Trickstar Holly Angel"")",0,0,,0,0,,0,0,,0,0,,0,0,es|de|fr|pt,en|es|de|fr|pt,missing_passcode|missing_name|missing_printing
bd170fd4-04a9-46e4-8699-b28b9c2e0b23,0,token,,,1,"Token (Blue Gal and ""Trickstar Band Sweet Guitar"")",1,0,,0,0,,0,0,,0,0,,0,0,es|de|fr|pt,es|de|fr|pt,missing_passcode|missing_name|missing_printing
17695c1e-e292-4524-a010-775915f8db24,0,token,,,1,"Token (Blue Maiden and ""Marincess Great Bubble Reef"")",0,0,,0,0,,0,0,,0,0,,0,0,es|de|fr|pt,en|es|de|fr|pt,missing_passcode|missing_name|missing_printing
b0ca280c-a2a0-4b30-be91-8353a6785799,0,token,,,1,"Token (Carly and ""Fortune Fairy"")",1,0,,0,0,,0,0,,0,0,,0,0,es|de|fr|pt,es|de|fr|pt,missing_passcode|missing_name|missing_printing
d8f14dc2-8bd2-4461-9a57-3bcbf380e860,0,token,,,1,"Token (Chazz and ""Armed Dragon Thunder LV10"")",1,0,,0,0,,0,0,,0,0,,0,0,es|de|fr|pt,es|de|fr|pt,missing_passcode|missing_name|missing_printing
c4065884-ad4f-4132-8a4c-c3feb9df91ee,0,token,,,1,"Token (Crow and ""Black-Winged Dragon"")",0,0,,0,0,,0,0,,0,0,,0,0,es|de|fr|pt,en|es|de|fr|pt,missing_passcode|missing_name|missing_printing
bf272096-26e6-440e-b420-09c26f5406a4,0,token,,,2,Token (Declan and D/D/D Doom King Armageddon),1,0,,0,0,,0,0,,0,0,,0,0,es|de|fr|pt,es|de|fr|pt,missing_passcode|missing_name|missing_printing
5acaa45f-1fc3-4cc9-ae46-1eaa62407195,0,token,,,1,"Token (Dr. Crowler and ""Ancient Gear Golem"")",1,0,,0,0,,0,0,,0,0,,0,0,es|de|fr|pt,es|de|fr|pt,missing_passcode|missing_name|missing_printing
c32799d5-f16c-4faa-bf23-1a31485cdeb7,0,token,,,1,"Token (Ghost Gal and ""Altergeist Primebanshee"")",0,0,,0,0,,0,0,,0,0,,0,0,es|de|fr|pt,en|es|de|fr|pt,missing_passcode|missing_name|missing_printing
12afe8f1-1d53-43fd-a70a-d6f2bafa99da,0,token,,,1,"Token (Gong and ""Rise to Full Height"")",0,0,,0,0,,0,0,,0,0,,0,0,es|de|fr|pt,en|es|de|fr|pt,missing_passcode|missing_name|missing_printing
8ad9cedf-b44e-43d9-a6db-75ef4f7f1afa,0,token,,,1,"Token (Gong and ""Superheavy Samurai Shogun Susanowo"")",0,0,,0,0,,0,0,,0,0,,0,0,es|de|fr|pt,en|es|de|fr|pt,missing_passcode|missing_name|missing_printing
6bbde69c-1552-4c2a-9c31-a08bbfca21a5,0,token,,,1,"Token (Jaden and ""Elemental HERO Flame Wingman"")",0,0,,0,0,,0,0,,0,0,,0,0,es|de|fr|pt,en|es|de|fr|pt,missing_passcode|missing_name|missing_printing
de4217ea-e40a-4edc-b74b-fafad1d8eb20,0,token,,,1,Token (Jaden and Winged Kuriboh),0,0,,0,0,,0,0,,0,0,,0,0,es|de|fr|pt,en|es|de|fr|pt,missing_passcode|missing_name|missing_printing
abd6438b-cdcd-4578-a8b2-6d329721df9a,0,token,,,1,Token (Jaden and Yubel),0,0,,0,0,,0,0,,0,0,,0,0,es|de|fr|pt,en|es|de|fr|pt,missing_passcode|missing_name|missing_printing
fdb3518f-d835-4f8e-9819-43a429d00505,0,token,,,1,"Token (Jesse and ""Crystal Beast Ruby Carbuncle"")",0,0,,0,0,,0,0,,0,0,,0,0,es|de|fr|pt,en|es|de|fr|pt,missing_passcode|missing_name|missing_printing
e45693fd-ce28-456a-98c9-e5ef0bb70b67,0,token,,,1,Token (Jesse and Rainbow Dragon),0,0,,0,0,,0,0,,0,0,,0,0,es|de|fr|pt,en|es|de|fr|pt,missing_passcode|missing_name|missing_printing
9386b32a-03e5-450b-852f-a10527c9f8f3,0,token,,,1,"Token (Kaiba and ""Blue-Eyes Chaos MAX Dragon"")",0,0,,0,0,,0,0,,0,0,,0,0,es|de|fr|pt,en|es|de|fr|pt,missing_passcode|missing_name|missing_printing
b9307e8f-4d35-4896-9bd4-2d1ead72654b,0,token,,,1,"Token (Kaiba and ""Blue-Eyes Ultimate Dragon"")",1,0,,0,0,,0,0,,0,0,,0,0,es|de|fr|pt,es|de|fr|pt,missing_passcode|missing_name|missing_printing
693826ae-6f4b-4cec-82f1-f4bd3fbbb681,0,token,,,1,"Token (Kaiba and ""Obelisk the Tormentor"")",0,0,,0,0,,0,0,,0,0,,0,0,es|de|fr|pt,en|es|de|fr|pt,missing_passcode|missing_name|missing_printing
19f57052-6431-4c93-8f76-23cbc2be1df9,0,token,,,2,"Token (Kite and ""Galaxy-Eyes Photon Dragon"")",0,0,,0,0,,0,0,,0,0,,0,0,es|de|fr|pt,en|es|de|fr|pt,missing_passcode|missing_name|missing_printing
b58fa5c6-4525-4676-8234-ef5bf290be7e,0,token,,,1,"Token (Kite and ""Number 62: Galaxy-Eyes Prime Photon Dragon"")",0,0,,0,0,,0,0,,0,0,,0,0,es|de|fr|pt,en|es|de|fr|pt,missing_passcode|missing_name|missing_printing
4ccfc183-ca5c-473c-8be8-c2c79401fb80,0,token,,,1,"Token (Leo and ""Life Stream Dragon"")",1,0,,0,0,,0,0,,0,0,,0,0,es|de|fr|pt,es|de|fr|pt,missing_passcode|missing_name|missing_printing
236f0d77-367b-4c4b-8d54-19900bc2f07c,0,token,,,1,"Token (Luna and ""Ancient Fairy Dragon"")",1,0,,0,0,,0,0,,0,0,,0,0,es|de|fr|pt,es|de|fr|pt,missing_passcode|missing_name|missing_printing
4418dfac-2efa-4294-b18c-931d17b2c587,0,token,,,1,"Token (Mai and ""Harpie Lady Sisters"")",0,0,,0,0,,0,0,,0,0,,0,0,es|de|fr|pt,en|es|de|fr|pt,missing_passcode|missing_name|missing_printing
2d1e1f33-ad45-4a27-abde-393a5803c616,0,token,,,1,"Token (Nash and ""Number C101: Silent Honor DARK"")",0,0,,0,0,,0,0,,0,0,,0,0,es|de|fr|pt,en|es|de|fr|pt,missing_passcode|missing_name|missing_printing
7c03e603-6db8-428c-9196-1aa8d556d03a,0,token,,,4,Token (Nijisanji Yu-Gi-Oh! Master Duel Festival 2025),0,0,,0,0,,0,0,,0,0,,0,0,es|de|fr|pt,en|es|de|fr|pt,missing_passcode|missing_name|missing_printing
cf8548d3-6822-498b-904d-b085fd6b8a5d,0,token,,,1,"Token (Odion and ""Embodiment of Apophis"")",1,0,,0,0,,0,0,,0,0,,0,0,es|de|fr|pt,es|de|fr|pt,missing_passcode|missing_name|missing_printing
f8f25ec9-4fe2-471a-9455-1264593a078f,0,token,,,1,"Token (Pegasus and ""Relinquished"")",0,0,,0,0,,0,0,,0,0,,0,0,es|de|fr|pt,en|es|de|fr|pt,missing_passcode|missing_name|missing_printing
118ea507-1cd2-4a85-af39-1a75b68c4b61,0,token,,,1,"Token (Pegasus and ""Toon Summoned Skull"")",1,0,,0,0,,0,0,,0,0,,0,0,es|de|fr|pt,es|de|fr|pt,missing_passcode|missing_name|missing_printing
eba05588-5b09-4268-b728-d686303008af,0,token,,,1,"Token (Playmaker and ""Accesscode Talker"")",0,0,,0,0,,0,0,,0,0,,0,0,es|de|fr|pt,en|es|de|fr|pt,missing_passcode|missing_name|missing_printing
32083981-bac8-4a4e-92b0-9901b36fce1f,0,token,,,1,"Token (Playmaker and ""Firewall Dragon"")",0,0,,0,0,,0,0,,0,0,,0,0,es|de|fr|pt,en|es|de|fr|pt,missing_passcode|missing_name|missing_printing
3419d065-aa33-43e7-8288-4371856f79fa,0,token,,,1,"Token (Playmaker and Ai and ""Decode Talker"")",1,0,,0,0,,0,0,,0,0,,0,0,es|de|fr|pt,es|de|fr|pt,missing_passcode|missing_name|missing_printing
63fe694d-669c-4443-a843-df75b1394e0d,0,token,,,1,Token (Playmaker and Cyberse Clock Dragon),0,0,,0,0,,0,0,,0,0,,0,0,es|de|fr|pt,en|es|de|fr|pt,missing_passcode|missing_name|missing_printing
e115c26e-f737-4c3b-83c1-d0a036ce4607,0,token,,,1,"Token (Quattro and ""Number 15: Gimmick Puppet Giant Grinder"")",0,0,,0,0,,0,0,,0,0,,0,0,es|de|fr|pt,en|es|de|fr|pt,missing_passcode|missing_name|missing_printing
bf0be90d-52b4-450f-a38e-2400e4783127,0,token,,,1,"Token (Quattro and ""Puppet Parade"")",1,0,,0,0,,0,0,,0,0,,0,0,es|de|fr|pt,es|de|fr|pt,missing_passcode|missing_name|missing_printing
fff1a44c-e0c8-4f08-8b4d-f97dec6d993b,0,token,,,1,"Token (Rio and ""Ice Beast Zerofyne"")",0,0,,0,0,,0,0,,0,0,,0,0,es|de|fr|pt,en|es|de|fr|pt,missing_passcode|missing_name|missing_printing
2c5a8cc4-c521-4d3c-b552-3a8300c78625,0,token,,,1,"Token (Shark and ""Number 32: Shark Drake"")",1,0,,0,0,,0,0,,0,0,,0,0,es|de|fr|pt,es|de|fr|pt,missing_passcode|missing_name|missing_printing
f8ec7e5d-4bde-4dc4-8a1a-906431b0dffb,0,token,,,1,"Token (Shark and ""Number C32: Shark Drake Veiss"")",0,0,,0,0,,0,0,,0,0,,0,0,es|de|fr|pt,en|es|de|fr|pt,missing_passcode|missing_name|missing_printing
1521f83f-c490-4ddb-93b6-d6ce1b98fa32,0,token,,,1,"Token (Shay and ""Raidraptor - Ultimate Falcon"")",1,0,,0,0,,0,0,,0,0,,0,0,es|de|fr|pt,es|de|fr|pt,missing_passcode|missing_name|missing_printing
36855d6c-9436-4e5f-b0bf-b80e8637d4a9,0,token,,,1,"Token (Sora and ""Frightfur Chimera"")",0,0,,0,0,,0,0,,0,0,,0,0,es|de|fr|pt,en|es|de|fr|pt,missing_passcode|missing_name|missing_printing
ed397b71-6665-4156-aaf4-7f9ca14bbb5a,0,token,,,2,Token (Soulburner and Salamangreat Heatleo),0,0,,0,0,,0,0,,0,0,,0,0,es|de|fr|pt,en|es|de|fr|pt,missing_passcode|missing_name|missing_printing
8f86ad78-4cd1-4606-81fa-78c8b5425e32,0,token,,,1,"Token (Supreme King Jaden and ""Supreme King's Castle"")",1,0,,0,0,,0,0,,0,0,,0,0,es|de|fr|pt,es|de|fr|pt,missing_passcode|missing_name|missing_printing
155e007c-9275-44fc-a250-c4ff69926a2b,0,token,,,1,"Token (Sylvio and ""Abyss Actors"")",0,0,,0,0,,0,0,,0,0,,0,0,es|de|fr|pt,en|es|de|fr|pt,missing_passcode|missing_name|missing_printing
e58c2d39-7a03-4246-abc1-127e4d2e4c50,0,token,,,1,"Token (Syrus and ""Super Vehicroid - Jumbo Drill"")",0,0,,0,0,,0,0,,0,0,,0,0,es|de|fr|pt,en|es|de|fr|pt,missing_passcode|missing_name|missing_printing
eba25080-e7be-4549-b2b7-5f90ffb947c3,0,token,,,2,"Token (Tea and ""Dark Magician Girl"")",1,0,,0,0,,0,0,,0,0,,0,0,es|de|fr|pt,es|de|fr|pt,missing_passcode|missing_name|missing_printing
117dec20-7347-44c3-bc0c-5a24af0c32c8,0,token,,,1,"Token (The Gore and ""Gouki The Great Ogre"")",1,0,,0,0,,0,0,,0,0,,0,0,es|de|fr|pt,es|de|fr|pt,missing_passcode|missing_name|missing_printing
9314c60b-a3c3-43a2-8c59-0e4318124ea1,0,token,,,1,"Token (Tori and ""Fairy Cheer Girl"")",0,0,,0,0,,0,0,,0,0,,0,0,es|de|fr|pt,en|es|de|fr|pt,missing_passcode|missing_name|missing_printing
6e96b794-d129-4a1f-ae16-cc48b40aada9,0,token,,,1,Token (Tori),0,0,,0,0,,0,0,,0,0,,0,0,es|de|fr|pt,en|es|de|fr|pt,missing_passcode|missing_name|missing_printing
43cdc0fe-72a7-4992-a222-abe6c1c39a10,0,token,,,2,"Token (Varis and ""Borreload Dragon"")",2,0,,0,0,,0,0,,0,0,,0,0,es|de|fr|pt,es|de|fr|pt,missing_passcode|missing_name|missing_printing
03024f3e-9774-41d0-b7bc-907fc0d4f068,0,token,,,1,"Token (Varis and ""Borreload eXcharge Dragon"")",0,0,,0,0,,0,0,,0,0,,0,0,es|de|fr|pt,en|es|de|fr|pt,missing_passcode|missing_name|missing_printing
33347a59-8807-432b-b92d-8dc949f47ea5,0,token,,,1,"Token (Vector and ""Number C104: Umbral Horror Masquerade"")",1,0,,0,0,,0,0,,0,0,,0,0,es|de|fr|pt,es|de|fr|pt,missing_passcode|missing_name|missing_printing
df18c79a-8746-4f8f-ab3a-682f15e522ac,0,token,,,1,"Token (Vizor and ""T.G. Blade Blaster"")",1,0,,0,0,,0,0,,0,0,,0,0,es|de|fr|pt,es|de|fr|pt,missing_passcode|missing_name|missing_printing
1a53bef8-a2f2-4532-affc-8371b4cf402d,0,token,,,1,Token (World Championship 2019),0,0,,0,0,,0,0,,0,0,,0,0,es|de|fr|pt,en|es|de|fr|pt,missing_passcode|missing_name|missing_printing
88c07483-64aa-4614-a72c-6d42b6e4ce8b,0,token,,,2,"Token (Yami Bakura and ""Dark Necrofear"")",0,0,,0,0,,0,0,,0,0,,0,0,es|de|fr|pt,en|es|de|fr|pt,missing_passcode|missing_name|missing_printing
41f829e9-a58a-4907-8cad-4b350efd3f16,0,token,,,1,"Token (Yami Marik and ""The Winged Dragon of Ra - Immortal Phoenix"")",0,0,,0,0,,0,0,,0,0,,0,0,es|de|fr|pt,en|es|de|fr|pt,missing_passcode|missing_name|missing_printing
7a348e7c-8025-42d6-ac09-f6c06962bed9,0,token,,,1,"Token (Yami Marik and ""The Winged Dragon of Ra"")",0,0,,0,0,,0,0,,0,0,,0,0,es|de|fr|pt,en|es|de|fr|pt,missing_passcode|missing_name|missing_printing
b8dfcc65-f3cc-48f4-99f6-7734a5c7292d,0,token,,,1,"Token (Yami Yugi and ""Magicians' Combination"")",1,0,,0,0,,0,0,,0,0,,0,0,es|de|fr|pt,es|de|fr|pt,missing_passcode|missing_name|missing_printing
b46569db-78be-4b3f-88d9-3304386dd9e2,0,token,,,1,"Token (Yami Yugi and ""Slifer the Sky Dragon"")",0,0,,0,0,,0,0,,0,0,,0,0,es|de|fr|pt,en|es|de|fr|pt,missing_passcode|missing_name|missing_printing
088ba4ad-10c8-48fb-91b9-950fc3c8ffba,0,token,,,1,"Token (Yugi Muto and ""Gandora-X the Dragon of Demolition"")",1,0,,0,0,,0,0,,0,0,,0,0,es|de|fr|pt,es|de|fr|pt,missing_passcode|missing_name|missing_printing
9d793b9f-9642-4df1-b438-f09ae6db3742,0,token,,,1,"Token (Yugi Muto and ""Silent Magician"" and ""Silent Swordsman"")",1,0,,0,0,,0,0,,0,0,,0,0,es|de|fr|pt,es|de|fr|pt,missing_passcode|missing_name|missing_printing
afe1d78f-8d0c-4632-9b41-196b11ff9c20,0,token,,,1,Token (Yugi and Gandora the Dragon of Destruction),0,0,,0,0,,0,0,,0,0,,0,0,es|de|fr|pt,en|es|de|fr|pt,missing_passcode|missing_name|missing_printing
a03ab2d8-0206-4838-b207-05152071a0ef,0,token,,,1,"Token (Yugo and ""Clear Wing Synchro Dragon"")",0,0,,0,0,,0,0,,0,0,,0,0,es|de|fr|pt,en|es|de|fr|pt,missing_passcode|missing_name|missing_printing
e82e2779-32f1-47ea-867f-9360a4b0ddcc,0,token,,,1,"Token (Yuma and ""Number 39: Utopia Beyond"")",0,0,,0,0,,0,0,,0,0,,0,0,es|de|fr|pt,en|es|de|fr|pt,missing_passcode|missing_name|missing_printing
f192ffae-bce1-4499-8107-ae58b825c178,0,token,,,1,"Token (Yuma and ""Number C39: Utopia Ray Victory"")",0,0,,0,0,,0,0,,0,0,,0,0,es|de|fr|pt,en|es|de|fr|pt,missing_passcode|missing_name|missing_printing
5ffcc252-8eca-4d39-ab88-4d7905a875c2,0,token,,,1,"Token (Yuma and ""Number F0: Utopic Future"")",1,0,,0,0,,0,0,,0,0,,0,0,es|de|fr|pt,es|de|fr|pt,missing_passcode|missing_name|missing_printing
88b3f85f-87a5-4bb7-af7b-3a27a1a16f21,0,token,,,1,"Token (Yuri and ""Starving Venom Fusion Dragon"")",0,0,,0,0,,0,0,,0,0,,0,0,es|de|fr|pt,en|es|de|fr|pt,missing_passcode|missing_name|missing_printing
749b1e1b-abd8-470f-81e5-36c1d0cfcda6,0,token,,,1,Token (Yusaku),1,1,,0,0,,0,0,,0,0,,0,0,es|de|fr|pt,es|de|fr|pt,missing_passcode|missing_name|missing_printing
fc23ad1d-2067-4218-9a2e-c4fa4bbf383c,0,token,,,1,"Token (Yusei and ""Junk Warrior"")",1,0,,0,0,,0,0,,0,0,,0,0,es|de|fr|pt,es|de|fr|pt,missing_passcode|missing_name|missing_printing
9cfe873a-2209-49bb-a8ce-748019034ca4,0,token,,,1,"Token (Yusei and ""Shooting Star Dragon"")",0,0,,0,0,,0,0,,0,0,,0,0,es|de|fr|pt,en|es|de|fr|pt,missing_passcode|missing_name|missing_printing
99f54d2b-e4b5-42fb-907b-c859d246aee9,0,token,,,2,"Token (Yuto and ""Dark Rebellion Xyz Dragon"")",0,0,,0,0,,0,0,,0,0,,0,0,es|de|fr|pt,en|es|de|fr|pt,missing_passcode|missing_name|missing_printing
d1ca419f-761e-44f8-a87d-0aa692c72091,0,token,,,1,"Token (Yuya and ""Performapal Show Down"")",1,0,,0,0,,0,0,,0,0,,0,0,es|de|fr|pt,es|de|fr|pt,missing_passcode|missing_name|missing_printing
696ceaca-b0b7-4c55-9cdb-fd2384223a11,0,token,,,1,"Token (Yuya and ""Performapals"" and ""Hippos"")",0,0,,0,0,,0,0,,0,0,,0,0,es|de|fr|pt,en|es|de|fr|pt,missing_passcode|missing_name|missing_printing
304d8831-fdfb-4965-a09d-bf37ee3e666c,0,token,,,1,"Token (Yuya and ""Stargazer Magician"" and ""Timegazer Magician"")",0,0,,0,0,,0,0,,0,0,,0,0,es|de|fr|pt,en|es|de|fr|pt,missing_passcode|missing_name|missing_printing
a6516f61-f441-42b4-a4be-9ad14e2b77f6,0,token,,,2,Token (Yuya and Odd-Eyes Pendulum Dragon),0,0,,0,0,,0,0,,0,0,,0,0,es|de|fr|pt,en|es|de|fr|pt,missing_passcode|missing_name|missing_printing
43f0bfc0-00c8-4608-9103-cd6e3120d6ab,0,token,,,1,"Token (ZEXAL and ""Ultimate Dragonic Utopia Ray"")",0,0,,0,0,,0,0,,0,0,,0,0,es|de|fr|pt,en|es|de|fr|pt,missing_passcode|missing_name|missing_printing
e90869f7-dfea-4560-99f7-c4df8cfefea7,0,token,,,1,"Token (Zane and ""Cyber End Dragon"")",0,0,,0,0,,0,0,,0,0,,0,0,es|de|fr|pt,en|es|de|fr|pt,missing_passcode|missing_name|missing_printing
9331c8ac-16a3-432c-ba5e-dba9f930f989,0,token,,,1,"Token (Zuzu and ""Bloom Diva the Melodious Choir"")",1,0,,0,0,,0,0,,0,0,,0,0,es|de|fr|pt,es|de|fr|pt,missing_passcode|missing_name|missing_printing
fc04fc1b-c3ef-4dbf-ab11-82ae9da361b9,0,token,,,1,Token (Zuzu),0,0,,0,0,,0,0,,0,0,,0,0,es|de|fr|pt,en|es|de|fr|pt,missing_passcode|missing_name|missing_printing
a826d4d5-4429-4bb4-b307-4ea6951eceac,0,spell,9137,82361206,1,Tokkosho of Ghost Destroying,1,1,Tokkosho Destructor de Fantasmas,1,1,Tokkosho der Geisterzerstörer,1,1,Dagues Rituelles d'Exorcisation,1,1,,0,0,pt,pt,missing_name|missing_printing
281bca8c-044a-4d34-83ed-6cc5ca091096,0,trap,7988,55465441,1,Give and Take,2,1,Toma y Daca,1,1,Geben und Nehmen,1,1,Prêté pour un Rendu,1,1,,0,0,pt,pt,missing_name|missing_printing
2b5defda-fc67-4a5b-81f1-9b02a7162171,0,monster,,,1,Tomohiro the Mountain Warrior,0,0,,0,0,,0,0,,0,0,,0,0,es|de|fr|pt,en|es|de|fr|pt,missing_passcode|missing_name|missing_printing
407bc40d-a4d5-482a-9f40-de9df011c0db,0,spell,,,2,Toon World the Perfect World,0,0,,0,0,,0,0,,0,0,,0,0,es|de|fr|pt,en|es|de|fr|pt,missing_passcode|missing_name|missing_printing
9848eec5-96e5-4e45-bcb9-e584ed00dfb8,0,monster,7173,42239546,1,Chrysalis Mole,3,1,Topo Crisálida,1,1,Verpuppter Mole,1,1,Taupe Chrysalide,1,1,,0,0,pt,pt,missing_name|missing_printing
d1ab4aa6-6872-4d91-8141-3d985698a429,0,monster,8945,94079037,1,Mine Mole,3,1,Topo de la Mina,1,1,Minenmaulwurf,1,1,Taupe Minière,2,1,Toupeira Mineira,0,0,,pt,missing_printing
fb3b0da5-389f-469c-a17e-fc064a8efea2,0,monster,8170,83370323,1,Torapart,3,1,Torapart,1,1,Zerrissener,1,1,Polichinelle Malicieux,1,1,,0,0,pt,pt,missing_name|missing_printing
8b4322db-a57b-47fd-a27a-986ce6b1fd09,0,spell,15590,89450409,1,Dragunity Whirlwind,0,0,Torbellino Dracounidad,0,0,Wirbelwind der Dracheneinheit,0,0,Tourbillon Dragunité,0,0,Furacão da Dragunidade,0,0,,en|es|de|fr|pt,missing_printing
c44048df-7c21-4bfc-a7f2-e35d5724bade,0,monster,4053,80813021,1,Torike,0,0,Torike,0,0,Torike,0,0,Torike,0,0,,0,0,pt,en|es|de|fr|pt,missing_name|missing_printing
9e3b7f0d-35ad-40b6-9c45-af2d7ee3b7eb,0,spell,9924,80887714,1,Galaxy Storm,3,1,Tormenta Galáctica,1,1,Galaxiesturm,1,1,Orage Galactique,1,1,,0,0,pt,pt,missing_name|missing_printing
b2a87b4e-dd34-4354-af81-7b7686cc9da2,0,spell,7126,61068510,1,Tornado,3,1,Tornado,1,1,Tornado,1,1,Tornade,1,1,,0,0,pt,pt,missing_name|missing_printing
fc875bd4-74db-47a1-b2f7-252b1c4f6eee,0,monster,8312,95204084,1,Koa'ki Meiru Tornado,3,1,Tornado Koa'ki Meiru,1,1,Tornado von Koa'ki Meiru,1,1,Djinn de Tornade Koa'ki Meiru,1,1,,0,0,pt,pt,missing_name|missing_printing
431ec95e-0262-44e0-b6a7-202a0c4eb2ca,0,trap,9550,64681263,1,Localized Tornado,3,1,Tornado Localizado,1,1,Örtlich begrenzter Tornado,1,1,Tornade Localisée,1,1,,0,0,pt,pt,missing_name|missing_printing
42722d20-305e-4752-9307-2b3287777bcc,0,monster,5411,80233946,1,Gora Turtle,3,2,Tortuga Gora,1,1,Goraschildkröte,1,1,Tortue Gora,1,1,,0,0,pt,pt,missing_name|missing_printing
9e1ce952-20c4-416f-a6be-982f980c3bf0,0,monster,9639,10132124,1,Wingtortoise,3,1,Tortugala,1,1,Flügelschildkröte,2,1,Tortue à Ailes,2,1,,0,0,pt,pt,missing_name|missing_printing
17baf67a-db92-4f7f-81e2-7578da7276dc,0,monster,7811,93882364,1,Genex Worker,4,2,Trabajador Genex,1,1,Genex-Arbeiter,1,1,Char Genex,2,1,,0,0,pt,pt,missing_name|missing_printing
f4f03475-908e-4789-9fde-992fb71f7887,0,monster,7485,91250514,1,Tongue Twister,3,1,Trabalenguas,1,1,Zungenbrecher,1,1,Virelangue,1,1,,0,0,pt,pt,missing_name|missing_printing
35f29c5d-088b-4b52-b42f-2248f777d13c,0,trap,8361,35268887,1,Damage Translation,3,1,Traducción del Daño,1,1,Schadensumwandlung,1,1,Transfert de Dommages,1,1,,0,0,pt,pt,missing_name|missing_printing
e4b4e8ca-8018-4781-a244-d65b53a6e26f,0,trap,8231,10651797,1,Swallow Flip,4,2,Tragarse el Volteo,2,2,Schwalbenstreich,2,2,Renversement de Situation,2,2,,0,0,pt,pt,missing_name|missing_printing
56c44f85-38ba-4ec4-bc15-17defe38044f,0,monster,10030,81816475,1,Overlay Eater,3,1,Tragón Revestido,1,1,Materialfresser,1,1,Mangeur Habillé,1,1,,0,0,pt,pt,missing_name|missing_printing
7384caf5-798d-49d6-ac4e-a714c3e05e71,0,monster,4576,42348802,1,Trakodon,2,1,Trakodon,0,0,Trakodon,0,0,Trakodon,1,1,Trakodonte,0,0,,es|de|pt,missing_printing
8c7fce56-5d6a-404b-8d0e-ff1f6591f7aa,0,skill,-32,,1,Endless Traps,1,1,Trampas Sin Fin,1,1,Endlose Fallen,1,1,Pièges Infinis,1,1,,0,0,pt,pt,missing_passcode|missing_name|missing_printing
506f53bc-0496-4ed7-93b7-7f1bd1d18d9d,0,skill,,,1,Crystal Transcendence,1,1,Transcendencia Cristal,1,1,Kristallerhabenheit,1,1,Transcendance du Cristal,1,1,,1,1,pt,,missing_passcode|missing_name
dd8a60a8-643d-4d7f-b15d-e8dd5112fdbc,0,trap,7926,92890308,1,Morphtransition,4,2,Transición Morfotrónica,1,1,Morphübergang,1,1,Transmorphisme,1,1,,0,0,pt,pt,missing_name|missing_printing
638f399a-4741-4092-92c5-ce4eb2835c93,0,monster,7881,28002611,1,Gadget Hauler,4,2,Transportador de Artilugios,1,1,Apparateschlepper,1,1,Remorque Gadget,1,1,,0,0,pt,pt,missing_name|missing_printing
d4fa0ab4-d0b1-4637-b4fb-85b4e7960b6f,0,trap,21579,00212652,1,Trap of the Poisonous Scorpion,0,0,,0,0,,0,0,,0,0,,0,0,es|de|fr|pt,en|es|de|fr|pt,missing_name|missing_printing
408f8e08-4c47-433d-80bc-5272d84675c5,0,trap,9690,13685271,1,Treaty on Uniform Nomenclature,3,1,Tratado de Nomenclatura Uniforme,1,1,Abkommen zur Namensgleichheit,1,1,Traité sur l'Uniformité,1,1,Tratado de Nomenclatura Uniforme,0,0,,pt,missing_printing
fc144866-e617-4ab6-a393-e5985c27b2b8,0,trap,9286,29795530,1,Mischief of the Yokai,3,1,Travesuras de los Yokai,2,1,Übermut der Yokai,2,1,Espièglerie de Yokai,2,1,,0,0,pt,pt,missing_name|missing_printing
dbdcb731-bd88-47dc-be80-0c2f630fabc8,0,monster,10169,07852878,1,Three Thousand Needles,3,1,Tres Mil Agujas,1,1,Dreitausend Nadeln,1,1,Trois Mille Aiguilles,1,1,,0,0,pt,pt,missing_name|missing_printing
91bb3534-d99e-484f-bd26-78f9a36108d5,0,token,17074,,1,Tri-Brigade (card),1,1,Tri-Brigada,1,1,Sta-Brigade,1,1,Tri-Brigade,1,1,Tri-Brigada,1,1,,,missing_passcode
7e462efb-0fd8-4103-9db5-643cce52f827,0,skill,,,1,Tribal Unity,1,1,,0,0,,0,0,,0,0,,0,0,es|de|fr|pt,es|de|fr|pt,missing_passcode|missing_name|missing_printing
3e8cf05a-8347-423d-b7cb-f5f6b0da8dc9,0,monster,8614,20797524,1,Tricular,3,1,Triciclo,2,1,Motor-Dreirad,1,1,Tricular,1,1,,0,0,pt,pt,missing_name|missing_printing
98cc8be4-c658-40d2-9746-58a6fd9b977b,0,monster,8973,49389523,1,Lightning Tricorn,5,1,Tricornio del Relámpago,2,1,Blitzdreihorn,2,1,Tricorne de la Foudre,3,1,,0,0,pt,pt,missing_name|missing_printing
c527f8b3-3787-437b-a370-ad9334ae6a56,0,spell,10020,51589188,1,Photon Trident,3,1,Tridente Fotónico,1,1,Photonendreizack,1,1,Trident Photon,1,1,,0,0,pt,pt,missing_name|missing_printing
f335e778-5176-4bea-89c3-be5cab9fe363,0,monster,8807,48568432,1,Trigon,3,1,Trigon,1,1,Trigon,1,1,Trigon,1,1,,0,0,pt,pt,missing_name|missing_printing
99587b66-e501-4ad3-9583-513afc1a89d1,0,spell,22733,89875646,3,Triple Borrel Launch,0,0,,0,0,,0,0,,0,0,,0,0,es|de|fr|pt,en|es|de|fr|pt,missing_name|missing_printing
d6c46c71-4f28-4580-a96d-f749c7d31256,0,spell,8057,53291093,1,Mysterious Triangle,3,1,Triángulo Misterioso,1,1,Mysteriöses Dreieck,1,1,Triangle Mystérieux,1,1,,0,0,pt,pt,missing_name|missing_printing
578493b9-0e5c-4bac-8bf9-3ef38abee655,0,monster,10162,73702909,1,Little Trooper,3,1,Tropa Pequeña,1,1,Kleiner Kavallerist,1,1,Petit Soldat,1,1,,0,0,pt,pt,missing_name|missing_printing
8a3531bd-42da-47cb-b950-ced690e7c91c,0,monster,9197,72144675,1,Troposphere,2,1,Troposphere,0,0,Troposphere,0,0,Troposphère,0,0,,0,0,pt,es|de|fr|pt,missing_name|missing_printing
b309d188-4597-4900-85d3-a007d25849a9,0,trap,7930,28062325,1,Bamboo Scrap,3,1,Trozo de Bambú,1,1,Bambusabfall,1,1,Copeau de Bambou,1,1,,0,0,pt,pt,missing_name|missing_printing
ded9a884-20c0-4e6b-9954-9a8334e0f7ae,0,monster,14385,37984331,1,True Exodia,0,0,True Exodia,0,0,True Exodia,0,0,True Exodia,0,0,,0,0,pt,en|es|de|fr|pt,missing_name|missing_printing
25f6cd37-ee11-4533-a7ca-6cc7075c73b8,0,spell,4841,56260110,1,Raimei,2,2,Trueno,1,1,Raimei,1,1,Raimei,1,1,,0,0,pt,pt,missing_name|missing_printing
06aab8fe-c5f9-5e7c-bd90-bce95ec7b4f9,0,,22998,,0,Sacred Beasts Thunderclap,1,1,Trueno de las Bestias Sagradas,1,1,Donnerschlag der heiligen Ungeheuer,1,1,Coup de Tonnerre des Bêtes Sacrées,1,1,Trovão das Bestas Sagradas,1,1,,,missing_passcode|missing_art
fac517a0-0f0d-4d8b-82f9-cbc551696221,0,spell,8201,38568567,1,Wonder Clover,3,1,Trébol Maravilloso,1,1,Wunderklee,1,1,Puissance Merveilleuse,1,1,,0,0,pt,pt,missing_name|missing_printing
db4a037b-1333-4484-a5c0-a23541d4553e,0,monster,10774,77428945,1,Terrene Toothed Tsuchinoko,2,1,Tsuchinoko de Dientes Terrenales,0,0,Erdzahniger Tsuchinoko,0,0,Tsuchinoko Denté de Terre,0,0,Terreno Dentado Tsuchinoko,0,0,,es|de|fr|pt,missing_printing
f30647b9-2f4a-4f80-943d-cd463c11d7bc,0,monster,6525,27769400,1,Tualatin,6,3,Tualatin,2,1,Tualatin,2,2,Tualatin,2,1,,0,0,pt,pt,missing_name|missing_printing
fdae8b75-7555-488a-b6d5-e462783fc55a,0,spell,7448,48017809,1,Mirage Tube,3,1,Tubo de Espejismos,1,1,Trugbildröhre,1,1,Cylindre d'Illusion,1,1,,0,0,pt,pt,missing_name|missing_printing
64fbe003-faf2-4800-b603-c8a5d51fa05c,0,skill,-9,,1,Tomb of the Pharaoh,1,1,Tumba del Faraón,1,1,Gruft des Pharaos,1,1,Tombe du Pharaon,1,1,Túmulo do Faraó,1,1,,,missing_passcode
182fb972-5e21-4bd0-ab75-c65bb4166fb1,0,monster,4509,17441953,1,Turtle Raccoon,0,0,Turtle Raccoon,0,0,Turtle Raccoon,0,0,Turtle Raccoon,0,0,,0,0,pt,en|es|de|fr|pt,missing_name|missing_printing
bc32547a-5210-441e-b526-0bfbacc39e5a,0,monster,4450,59053232,1,Turu-Purun,1,1,Turu-Purun,0,0,Turu-Purun,0,0,Turu-Purun,0,0,,0,0,pt,es|de|fr|pt,missing_name|missing_printing
bef258e1-7cbc-4669-b387-b9d2362be526,0,monster,4212,60589682,1,Twin Long Rods #1,0,0,Twin Long Rods #1 | Varas Largas Gemelas #1,0,0,Twin Long Rods #1 | Zwillingspeitscher 1,0,0,Longs Serpends du Ciel Jumelées #1 | Twin Long Rods #1,0,0,,0,0,pt,en|es|de|fr|pt,missing_name|missing_printing
34b31a90-7966-4c22-b104-2a3e5ee3c05f,0,monster,,68811206,1,Tyler the Great Warrior,1,1,Tyler the Great Warrior,0,0,Tyler the Great Warrior,0,0,Tyler the Great Warrior,0,0,,0,0,pt,es|de|fr|pt,missing_name|missing_printing
381fe370-89b2-44a1-88bc-4daa60d43542,0,monster,7992,,1,"Tyr, the Vanquishing Warlord",2,1,,0,0,,0,0,,0,0,,0,0,es|de|fr|pt,es|de|fr|pt,missing_passcode|missing_name|missing_printing
38802995-bda5-48db-9675-869d2c84741a,0,trap,7483,28877100,1,Defensive Tactics,7,2,Tácticas Defensivas,2,1,Defensive Taktiken,4,2,Tactique de Défense,2,1,,0,0,pt,pt,missing_name|missing_printing
60ac779e-72b0-49f0-8dba-faadc85d8bf9,0,skill,,,1,Forbidden Cyber Style Technique,1,1,Técnica Ciber Estilo Prohibida,1,1,Verbotene Cyber-Stil-Technik,1,1,Technique du Style Cyber Interdit,1,1,,1,1,pt,,missing_passcode|missing_name
214122a9-e289-4a7e-99e4-c3e5e97e83cc,0,spell,5757,87210505,1,Knight's Title,5,2,Título de Caballero,1,1,Ritterschlag,1,1,Titre de Chevalier,1,1,Título de Cavaleiro,0,0,,pt,missing_printing
f6c8fbe5-eef6-41cb-891a-7b130de1277b,0,monster,7575,73146473,1,Cross Porter,4,2,Ujier del Cruce,1,1,Querteleportierer,1,1,Traverseur de Dimension,1,1,Carregador Cruzado,0,0,,pt,missing_printing
3b49bbd3-a56a-4a84-946c-14fa2eaa50d4,0,monster,5925,,1,Ulevo,2,1,Ulevo,0,0,Ulevo,0,0,Ulevo,0,0,,0,0,pt,es|de|fr|pt,missing_passcode|missing_name|missing_printing
9dfc1844-88b1-498a-9eb5-8ebb65e03ccf,0,monster,20032,28736826,1,Ultimate Baseball Homerun King,0,0,Ultimate Baseball Homerun King,0,0,Ultimate Baseball Homerun King,0,0,Ultimate Baseball Homerun King,0,0,,0,0,pt,en|es|de|fr|pt,missing_name|missing_printing
54c14fa3-092f-46b1-8b85-06fc56a21e9e,0,skill,,,1,Ultimate Wizardry,1,1,,0,0,Ultimative Zauberei,1,1,Sorcellerie Ultime,1,1,,0,0,es|pt,es|pt,missing_passcode|missing_name|missing_printing
fb9b3d15-3d36-4e70-8ac9-e62a8c7edc42,0,token,,67949764,1,Umbral Horror Mirage Token,0,0,Umbral Horror Mirage Token,0,0,Umbral Horror Mirage Token,0,0,Umbral Horror Mirage Token,0,0,,0,0,pt,en|es|de|fr|pt,missing_name|missing_printing
4e891e63-d242-4ade-b7b3-bbe720d2b668,0,trap,7329,19763315,1,An Unfortunate Report,3,1,Un Reporte Desafortunado,1,1,Ein bedauerlicher Bericht,1,1,Compte-Rendu Regrettable,1,1,,0,0,pt,pt,missing_name|missing_printing
9eb16b1a-bd86-4e09-8455-1b32d6bfeffd,0,monster,7602,56052205,1,Unifrog,3,1,UniRANA | UniRANA (Actualizado de: Unirana),1,1,Einhornfrosch,2,1,Grenouille Licorne,1,1,,0,0,pt,pt,missing_name|missing_printing
f72b8bfd-28e4-4db1-9050-1d01ffeefd10,0,monster,8612,57308711,1,Unicycular,3,1,Uniciclo,2,1,Motor-Einrad,1,1,Unicycular,1,1,,0,0,pt,pt,missing_name|missing_printing
d70a74f0-3c43-42e5-8d8a-87e547e5d528,0,monster,8971,77506119,1,Thunder Unicorn,5,1,Unicornio del Trueno,2,1,Donnereinhorn,2,1,Licorne du Tonnerre,2,1,Unicórnio do Trovão,0,0,,pt,missing_printing
51f2beb0-76b2-4e4a-9dd3-25aa4160f0ce,0,spell,6577,66607691,1,Photon Generator Unit,6,3,Unidad Generadora de Fotones,2,2,Photonengeneratoreinheit,2,2,Unité de Génération Photonique,2,2,,0,0,pt,pt,missing_name|missing_printing
a4fbecd2-bb25-4f0a-8465-4d89bb16ed5f,0,trap,6581,91989718,1,Attack Reflector Unit,6,3,Unidad Reflectante de Ataques,2,2,Angriffsabwehreinheit,2,2,Unité Réflective d'Attaque,2,2,,0,0,pt,pt,missing_name|missing_printing
9b5c4d87-991d-49d7-af73-6f837de79a0d,0,monster,5317,76075810,1,Throwstone Unit,3,2,Unidad Throwstone,0,0,Steinwerfer-Einheit | Throwstone Unit,0,0,Throwstone Unit | Unité de Lance-Pierre,0,0,,0,0,pt,es|de|fr|pt,missing_name|missing_printing
28a356e3-e31b-4e39-a61b-c51511c74901,0,spell,8206,90239723,1,Morphtronic Repair Unit,3,1,Unidad de Reparación Morfotrónica,1,1,Morphtronische Reparatureinheit,1,1,Unité de Réparation Morphtronique,1,1,,0,0,pt,pt,missing_name|missing_printing
516ad552-82d7-4eb7-9212-f047c788a038,0,spell,8762,30770156,1,Core Transport Unit,3,1,Unidad de Transporte del Núcleo,1,1,Kern-Transporteinheit,1,1,Unité de Transport Cellulaire,1,1,,0,0,pt,pt,missing_name|missing_printing
6753c244-4e42-4196-ab78-1d0ed672df18,0,trap,10301,95352218,1,Unification,3,1,Unificación,1,1,Vereinheitlichung,2,1,Unification,2,1,,0,0,pt,pt,missing_name|missing_printing
c548ad65-24df-4579-a0f9-b4ffdf28fd48,0,monster,8943,21296383,1,Unibird,3,1,Unipájaro,1,1,Einhornvogel,1,1,Picolaton,2,1,,0,0,pt,pt,missing_name|missing_printing
7ae6b3bf-9cda-4fe7-a161-c7f895a69800,0,spell,5755,14731897,1,Unity,4,1,Unity,0,0,Unity,0,0,Unity,0,0,,0,0,pt,es|de|fr|pt,missing_name|missing_printing
a8bfce0b-3a00-4145-8f09-02fa8640f8d0,0,trap,8224,85101228,1,Morphtronic Bind,3,1,Unión Morfotrónica,1,1,Morphtronische Sperre,1,1,Prison Morphtronique,1,1,,0,0,pt,pt,missing_name|missing_printing
73e9af37-834d-4b0b-a5e8-090adbaefe9c,0,spell,,,1,Unleashing the Sacred Beasts,0,0,,0,0,,0,0,,0,0,,0,0,es|de|fr|pt,en|es|de|fr|pt,missing_passcode|missing_name|missing_printing
b2be60fd-d220-46da-92ac-fa94e0d84abd,0,skill,,,1,Unlocking the Power,1,1,,1,1,,1,1,Libération du Pouvoir,1,1,,1,1,es|de|pt,,missing_passcode|missing_name
8ed93f3c-b13a-437b-9d28-9f67ad24e1f2,0,trap,8369,06112401,1,At One With the Sword,3,1,Uno con la Espada,1,1,Eins mit dem Schwert sein,1,1,Union avec l'Épée,2,1,,0,0,pt,pt,missing_name|missing_printing
9185016c-cca9-4155-90c1-3ea2cb48f7c2,0,monster,,,1,"Uria, Lord of Searing Flames - Sacred Beast of Cataclysmic Fire",0,0,,0,0,,0,0,,0,0,,0,0,es|de|fr|pt,en|es|de|fr|pt,missing_passcode|missing_name|missing_printing
e4ca1a5f-793c-4309-a021-51f66a5e54a1,0,monster,8636,30936186,1,Koa'ki Meiru Urnight,5,1,Urnight Koa'ki Meiru,2,1,Urritter von Koa'ki Meiru,2,1,Chevalier d'Ur Koa'ki Meiru,4,1,,0,0,pt,pt,missing_name|missing_printing
9c84c123-fa76-4340-94f5-14482afc786d,0,monster,4407,48649353,1,Ushi Oni,1,1,Ushi Oni,0,0,Ushi Oni,0,0,Ushi Oni,0,0,,0,0,pt,es|de|fr|pt,missing_name|missing_printing
f8f008fe-4ecf-414d-9cf6-158e219a2226,0,token,,90884404,1,Utchatzimime Token,0,0,Utchatzimime Token,0,0,Utchatzimime Token,0,0,Utchatzimime Token,0,0,,0,0,pt,en|es|de|fr|pt,missing_name|missing_printing
28b229e2-6088-48ef-8e43-7b836d8eee6f,0,token,,13536607,1,V-LAN Token,0,0,V-LAN Token,0,0,V-LAN Token,0,0,V-LAN Token,0,0,,0,0,pt,en|es|de|fr|pt,missing_name|missing_printing
4bbb31c3-b91a-47de-bc5c-5ab4000c2f7f,0,monster,15850,92079625,1,Helshaddoll Hollow,0,0,Vaciado Helsombrañeca,0,0,Helschattenpuppe Leer,0,0,Vide Marionnette de l'Ombre Hel,0,0,Vazio Helsombraneco,0,0,,en|es|de|fr|pt,missing_printing
a20856df-1e75-4908-a6ef-fb6e546fd37f,0,trap,9683,98535702,1,Damage Vaccine Ω MAX,3,1,Vacuna de Daño Ω MAX,1,1,Schadensserum Ω MAX,1,1,Vaccin Mortel Ω MAX,1,1,,0,0,pt,pt,missing_name|missing_printing
4a789a99-e29a-46d5-9297-a09c9257ec53,0,monster,8793,48868994,1,Morphtronic Vacuumen,3,1,Vacuumen Morfotrónico,1,1,Morphtronischer Staubsauger,1,1,Nettoyeur Morphtronique,1,1,,0,0,pt,pt,missing_name|missing_printing
01498cb6-4154-417d-8a00-46f87ba4783b,0,token,,09929399,1,Vague Shadow Token,0,0,Vague Shadow Token,0,0,Vague Shadow Token,0,0,Vague Shadow Token,0,0,,0,0,pt,en|es|de|fr|pt,missing_name|missing_printing
0b12cbb5-3365-4ae9-aa72-62db40e8fe17,0,monster,9719,69380702,1,Bunilla,3,1,Vainejo,1,1,Kanilla,1,1,Lapinilla,1,1,,0,0,pt,pt,missing_name|missing_printing
46ddf6e5-81f8-451e-93fd-d03755c0e6ba,0,monster,8173,72258771,1,Koa'ki Meiru Valafar,3,1,Valafar Koa'ki Meiru,1,1,Valafar von Koa'ki Meiru,1,1,Valefor Koa'ki Meiru,1,1,,0,0,pt,pt,missing_name|missing_printing
a2d51581-0d11-4a4b-ae72-8d2bc0932c32,0,token,,,1,Valley Token,0,0,,0,0,,0,0,,0,0,,0,0,es|de|fr|pt,en|es|de|fr|pt,missing_passcode|missing_name|missing_printing
2b529ab4-30b6-44df-b5e9-7468c27683ec,0,trap,10201,48439321,1,Madolche Waltz,3,1,Vals Magidulce,2,1,Magidolce-Walzer,1,1,Valse Magidolce,1,1,,0,0,pt,pt,missing_name|missing_printing
d5596546-9e0d-4f1b-8f67-86cffc343864,0,skill,,,1,Vampiric Aristocracy,1,1,,1,1,,1,1,Aristocratie Vampirique,1,1,,1,1,es|de|pt,,missing_passcode|missing_name
24819ca1-86a8-4665-93cc-f93103908489,0,monster,8908,87836938,1,Vylon Vanguard,5,2,Vanguardia Vylon,1,1,Vylon-Vorhut,1,1,Avant-Garde Vylon,1,1,,0,0,pt,pt,missing_name|missing_printing
d67bd8d3-3a20-4775-ab64-084942bb3c4c,0,monster,8629,16886617,1,Reptilianne Vaskii,3,1,Varskii Reptílico,1,1,Reptilianische Vaskii | Reptilianischer Vaskii,1,1,Vaskii Reptilia,1,1,,0,0,pt,pt,missing_name|missing_printing
ab2c5b5a-b757-43be-9623-7cd23d3bab2b,0,monster,4248,47695416,1,Candle of Fate,0,0,Vela del Destino,0,0,Schicksalslicht,0,0,Bougie du destin,0,0,,0,0,pt,en|es|de|fr|pt,missing_name|missing_printing
cd1deafb-9eca-4713-84c4-f91c032108b7,0,spell,7444,12735388,1,Rainbow Veil,2,1,Velo Arco Iris,1,1,Regenbogenschleier,1,1,Voile Arc-en-Ciel,1,1,,0,0,pt,pt,missing_name|missing_printing
5a7af902-6bea-47ba-bfbf-add676535a09,0,trap,9840,96457619,1,Xyz Veil,5,2,Velo Xyz,3,2,Xyz-Schleier,3,2,Voile Xyz,3,2,,0,0,pt,pt,missing_name|missing_printing
fa0c6f3d-a631-46e3-8b91-3c9dd04cdc0e,0,trap,7158,56641453,1,Cocoon Veil,3,1,Velo de Crisálida,1,1,Kokonschleier,1,1,Voile Chrysalide,1,1,,0,0,pt,pt,missing_name|missing_printing
f65d5bdb-de93-5982-a58f-329609224ddf,0,,23420,,0,Speedroid Darumaknocker,4,1,Velociroid Llamadaruma,4,1,Geschwindigkeitsroid Daruma-Klopfer,4,1,Frappeur de Daruma Vitesseroid,4,1,Velocidaroide Batedaruma,4,1,,,missing_passcode|missing_art
1a0b189d-cb93-4085-a40c-a924e47fc232,0,monster,8311,68809475,1,Koa'ki Meiru Speeder,3,1,Velocista Koa'ki Meiru,1,1,Raser von Koa'ki Meiru,1,1,Chasseur Koa'ki Meiru,1,1,,0,0,pt,pt,missing_name|missing_printing
3aff882d-fc32-40bb-b12f-5df9925cc427,0,trap,10103,05914184,1,Double Payback,3,1,Venganza Doble,1,1,Doppelte Heimzahlung,1,1,Double Remboursement,1,1,,0,0,pt,pt,missing_name|missing_printing
fe15889d-a32f-435f-839a-29de4220bef3,0,trap,7756,61656650,1,Remote Revenge,4,2,Venganza Remota,2,2,Rache per Fernzünder,2,2,Vengeance Télécommandée,2,2,,0,0,pt,pt,missing_name|missing_printing
83edb2ae-bedb-5cca-8a15-e917dabfe513,0,,23013,,0,Summer,1,1,Verano,1,1,Sommer,1,1,Été,1,1,Verão,1,1,,,missing_passcode|missing_art
16ed3a60-7246-581c-9587-a92b27517407,0,,22928,,0,Checkker,1,1,Verificador,1,1,Tester,1,1,Vérificateur,1,1,Verificador,1,1,,,missing_passcode|missing_art
a87f32c0-4d47-4ac6-a6c5-6b93fb8fe181,0,monster,22499,22623509,2,"Verre, the Maid of Endymion",0,0,,0,0,,0,0,,0,0,,0,0,es|de|fr|pt,en|es|de|fr|pt,missing_name|missing_printing
5af681fd-a45b-435f-9646-2e8f99beeab9,0,skill,,,1,Victory of the Shadow Riders,1,1,,1,1,,1,1,Victoire des Cavaliers de l'Ombre,1,1,,1,1,es|de|pt,,missing_passcode|missing_name
76b92d0e-4067-40d2-bd01-a0541a3c9a02,0,monster,8167,84592800,1,Morphtronic Videon,3,1,Videon Morfotrónico,1,1,Morphtronische Videokamera,1,1,Vidéon Morphtronique,1,1,,0,0,pt,pt,missing_name|missing_printing
b72e6136-fffa-4b9a-aa73-d5a42c06ccce,0,trap,7316,90557975,1,Updraft,5,1,Viento Despejador,2,1,Aufwind,3,1,Courant Ascendant,3,1,,0,0,pt,pt,missing_name|missing_printing
7f424691-7e33-4477-b5eb-7e46815823ed,0,trap,6496,71060915,1,Feather Wind,8,4,Viento de Plumas,2,2,Federwind,3,3,Vent Duveteux,2,2,Vento de Pena,0,0,,pt,missing_printing
4303d65c-519b-4e6e-89c4-e5dd7eee4c0c,0,spell,9780,95561280,1,Poisonous Winds,3,1,Vientos Tóxicos,1,1,Toxische Winde,1,1,Vents Toxiques,1,1,,0,0,pt,pt,missing_name|missing_printing
1be13886-dc21-4b2f-b86b-a0d12be6f989,0,monster,7815,29054481,1,Mist Valley Watcher,3,2,Vigilante del Valle Brumoso,1,1,Nebeltal-Aufpasser,1,1,Protecteur de la Vallée de Brume,1,1,,0,0,pt,pt,missing_name|missing_printing
92b62eb6-ae6e-4001-930e-54f9cfab1dd6,0,monster,9082,44236692,1,Necro Linker,1,1,Vinculador Necro,1,1,Todesverknüpfer,1,1,Nécromancien Dimensionnel,1,1,,0,0,pt,pt,missing_name|missing_printing
bdc25479-78e8-5d84-b6dc-cb22b719456e,0,,22966,,0,"Virakam, the Divine Spirit of Artifice",1,1,"Virakam, el Espíritu Divino de Artificio",1,1,"Virakam, der göttliche Geist der Kunstfertigkeit",1,1,"Virakam, l'Esprit Divin de l'Artifice",1,1,"Virakam, o Espírito Divino do Artifício",1,1,,,missing_passcode|missing_art
7f1b8865-484b-4193-9664-c14345a61b3d,0,trap,7325,84491298,1,Cell Explosion Virus,4,2,Virus de Explosión de Celdas,1,1,Zellexplosionsvirus,2,2,Virus à Cellules Explosives,2,2,,0,0,pt,pt,missing_name|missing_printing
ccec4bd2-5fa5-430a-be25-604b3c649d49,0,monster,4245,78556320,1,Vishwar Randi,0,0,Vishwar Randi,0,0,Vishwar Randi,0,0,Vishwar Randi,0,0,Vishwar Randi,0,0,,en|es|de|fr|pt,missing_printing
4b61fb39-82aa-4e41-bd09-3a6dece35e66,0,monster,15844,04918855,1,Vampire Voivode,0,0,Voivode Vampiro,0,0,Vampir Voivode,0,0,Vampire Voivode,0,0,Vampiro Voivode,0,0,,en|es|de|fr|pt,missing_printing
23769dcb-e62f-415e-8f3e-df50ba4e9be4,0,monster,8947,57568840,1,Delta Flyer,3,1,Volador Delta,1,1,Deltaflieger,1,1,Griffon Delta,2,1,,0,0,pt,pt,missing_name|missing_printing
9614fa20-0928-4dfa-9a32-a8353bec4519,0,monster,8139,65282484,1,Dark Voltanis,3,1,Voltanis Oscuro,1,1,Finsterer Voltanis,1,1,Voltanis des Ténèbres,1,1,,0,0,pt,pt,missing_name|missing_printing
ec2ce44a-cbeb-4020-855d-0943b08699cb,0,monster,6696,20951752,1,Voltanis the Adjudicator,6,2,Voltanis el Árbitro,2,1,Voltanis der Schiedsrichter,2,1,"Voltanis, le Juge",2,1,,0,0,pt,pt,missing_name|missing_printing
ab7a622c-607c-4b9d-9efe-d4445d7e790d,0,skill,-35,,1,Flight of the Harpies,1,1,Vuelo de las Arpías,1,1,Flug der Harpyien,1,1,Vol des Harpies,1,1,Voo das Harpias,1,1,,,missing_passcode
c7924efc-46bb-4cb8-a5ad-20db5a14ab6e,0,monster,9737,54266211,1,Evolsaur Vulcano,3,1,Vulcano Evolusaurio,1,1,Evolsaurier Vulkan,1,1,Évolsaure Vulcano,1,1,,0,0,pt,pt,missing_name|missing_printing
bb83c01e-7941-431d-8624-7941f0d133d3,0,monster,9188,45215453,1,Vylon Delta,3,1,Vylon Delta,1,1,Vylon Delta,1,1,Delta Vylon,1,1,,0,0,pt,pt,missing_name|missing_printing
c65e8bbe-b0be-42bd-9b11-100403e3e6eb,0,monster,8916,48370501,1,Vylon Sigma,5,2,Vylon Sigma,1,1,Vylon Sigma,1,1,Sigma Vylon,1,1,,0,0,pt,pt,missing_name|missing_printing
5e40cabf-8056-4750-bc70-7d7dd19455a8,0,monster,8917,75779210,1,Vylon Epsilon,5,2,Vylon Épsilon,1,1,Vylon Epsilon,1,1,Epsilon Vylon,1,1,,0,0,pt,pt,missing_name|missing_printing
ec60cdb0-953c-43af-bbc9-c215ad669e36,0,monster,7513,00561300,2,Poisonous Viper,0,0,Víbora Ponzoñosa,0,0,Toxische Viper,0,0,La Virulente Vipère,0,0,Víbora Venenosa,0,0,,en|es|de|fr|pt,missing_printing
db7032ec-b203-402a-83ed-48b3d2b6db7d,0,skill,,,1,Power Bond (Skill Card),2,2,Vínculo de Poder,2,2,Kraftbündnis,2,2,Lien de Puissance,2,2,,2,2,pt,,missing_passcode|missing_name
9c839b66-e01f-4606-b2c4-0145ea9e4579,0,spell,6785,76442616,1,HERO's Bond,3,2,Vínculo del HÉROE,0,0,HELDEN-Bündnis,1,1,Lien des HÉROS,0,0,Elo do HERÓI,1,1,,es|fr,missing_printing
eb015a96-6df5-43f4-ac07-5d8c98591eec,0,monster,9449,25373678,1,Vortex the Whirlwind,5,2,Vórtice el Torbellino,3,2,Vortex der Wirbelwind,3,2,Vortex le Tourbillon,4,2,,0,0,pt,pt,missing_name|missing_printing
89be722a-8d98-45e8-92cb-0ee321d701d0,0,spell,21580,37301660,2,WINDS OF VICTORY,2,1,,0,0,,0,0,,0,0,,0,0,es|de|fr|pt,es|de|fr|pt,missing_name|missing_printing
94aa894d-6db9-408c-a58f-5eec8cdab967,0,token,,15629802,1,Waltz Token,0,0,Waltz Token,0,0,Waltz Token,0,0,Waltz Token,0,0,,0,0,pt,en|es|de|fr|pt,missing_name|missing_printing
b8879be5-640d-4c73-b50a-709f61fbca4c,0,monster,4624,56413937,1,Warrior of Tradition,1,1,Warrior of Tradition,0,0,Krieger der Überlieferung,0,0,Guerrier de la Tradition,0,0,,0,0,pt,es|de|fr|pt,missing_name|missing_printing
827ef2f8-dfe0-46e2-8daf-84cdbbc98e03,0,monster,6092,87774234,1,Watapon,4,2,Watapon,2,2,Watapon,2,2,Watapon,2,2,,1,1,pt,,missing_name
93921ced-76ba-43d5-853f-59b3d0428d5d,0,monster,4441,55014050,1,Water Girl,0,0,Water Girl,0,0,Water Girl,0,0,Water Girl,0,0,,0,0,pt,en|es|de|fr|pt,missing_name|missing_printing
14070889-f4db-4721-af74-425dafb7c443,0,monster,4438,66836598,1,Waterdragon Fairy,0,0,Waterdragon Fairy,0,0,Waterdragon Fairy,0,0,Waterdragon Fairy,0,0,,0,0,pt,en|es|de|fr|pt,missing_name|missing_printing
cc539ab2-5f06-4a37-af93-1dcee04bc40c,0,spell,9127,58924378,1,Wattcastle,2,1,Wattcastillo,1,1,Wattschloss,1,1,Électro-Château,1,1,,0,0,pt,pt,missing_name|missing_printing
257bfdf0-50b3-4d36-9d58-e44e13350128,0,monster,9103,24996659,1,Wattkiwi,2,1,Wattkiwi,1,1,Wattkiwi,1,1,Électro-Kiwi,1,1,,0,0,pt,pt,missing_name|missing_printing
b2a721d9-8749-44ac-946a-c8989c3975f6,0,monster,4051,27324313,1,Wattkid | Wattkid (Updated from: Oscillo Hero #2),4,4,Wattniño | Wattniño (Actualizado de: Héroe Oscillo #2),3,3,Wattkind | Wattkind (Geändert von: Oscillo-Held #2),3,3,Électro-Gamin | Électro-Gamin (Actualisé de : Héros Oscillo N°2),3,3,,0,0,pt,pt,missing_name|missing_printing
8594414a-e3df-4093-8e56-b001f8873a8f,0,monster,4136,37243151,1,Weather Control,0,0,Weather Control,0,0,Weather Control,0,0,Weather Control,0,0,,0,0,pt,en|es|de|fr|pt,missing_name|missing_printing
0ef56959-7ae6-4654-ac14-5b6a9998ed04,0,skill,,,1,Welcome to the Jungle,1,1,,1,1,,1,1,Bienvenue dans la Jungle,1,1,,1,1,es|de|pt,,missing_passcode|missing_name
fa88f0bc-982a-4d50-9634-86927e18d6b4,0,monster,9735,81873903,1,Evoltile Westlo,3,1,Westlo Evolutil,1,1,Evoltil Westlo,1,1,Évoltile Westlo,1,1,,0,0,pt,pt,missing_name|missing_printing
8c5ec5a3-7ea5-4728-9390-035cf3c9c20c,0,skill,,,1,Whale of a Tale,1,1,,0,0,Die Geschichte vom Wal,1,1,Histoires à Baleine Debout,1,1,,0,0,es|pt,es|pt,missing_passcode|missing_name|missing_printing
b946a37d-3937-4edb-b1f2-cf78d1bce5f3,0,monster,4442,92409659,1,White Dolphin,0,0,White Dolphin,0,0,Weißer Delfin | White Dolphin,0,0,Dauphin Blanc | White Dolphin,0,0,,0,0,pt,en|es|de|fr|pt,missing_name|missing_printing
a208a4f9-a257-4c5f-b865-0f0be8a9728a,0,monster,4304,02957055,1,Wicked Dragon with the Ersatz Head,0,0,Wicked Dragon with the Ersatz Head,0,0,Wicked Dragon with the Ersatz Head,0,0,Wicked Dragon with the Ersatz Head,0,0,,0,0,pt,en|es|de|fr|pt,missing_name|missing_printing
cf57240e-ace1-4bb9-ab65-5667598f770f,0,token,,12965762,1,Wicked Plant Token,0,0,Wicked Plant Token,0,0,Wicked Plant Token,0,0,Wicked Plant Token,0,0,,0,0,pt,en|es|de|fr|pt,missing_name|missing_printing
563cb49e-da69-4e8a-b1ff-8fc3e064bd77,0,token,,65810490,1,Wicked Token,0,0,Wicked Token,0,0,Wicked Token,0,0,Wicked Token,0,0,,0,0,pt,en|es|de|fr|pt,missing_name|missing_printing
2e6dee1c-3732-4183-825f-de20501cd286,0,token,,68815402,1,Wild Fire Token,0,0,Wild Fire Token,0,0,Wild Fire Token,0,0,Wild Fire Token,0,0,,0,0,pt,en|es|de|fr|pt,missing_name|missing_printing
6ffe9828-8980-4e76-8c75-54f08ac389b6,0,monster,4502,92391084,1,Wilmee,3,2,Wilmee,0,0,Kampfhase | Wilmee,0,0,Wilmee | Wilmée,0,0,,0,0,pt,es|de|fr|pt,missing_name|missing_printing
37cbf28f-aa45-45e1-9e47-88f14302f8f4,0,monster,9167,54455435,1,"Winda, Priestess of Gusto",5,2,"Winda, Sacerdotisa de Gusto",1,1,"Winda, Priesterin von Gusto",2,1,"Winda, Prêtresse Gusto",1,1,,0,0,pt,pt,missing_name|missing_printing
df7ef9cd-d272-4b99-9e2d-2b91eac6c442,0,monster,9169,27944249,1,"Windaar, Sage of Gusto",5,2,"Windaar, Sabio de Gusto",1,1,"Windaar, Weiser von Gusto",1,1,"Windaar, Sage Gusto",1,1,,0,0,pt,pt,missing_name|missing_printing
01fa2cbc-035a-4cee-ac56-ca94f12b2b78,0,monster,4470,47319141,1,Wing Eagle,0,0,Wing Eagle,0,0,Flügeladler | Wing Eagle,0,0,Aigle Ailé | Wing Eagle,0,0,Águia Alada,0,0,,en|es|de|fr|pt,missing_printing
b987db65-2b44-4bc1-a690-41eaf5ebcb99,0,monster,4270,98582704,1,Wing Egg Elf,0,0,Wing Egg Elf,0,0,Wing Egg Elf,0,0,Wing Egg Elf,0,0,,0,0,pt,en|es|de|fr|pt,missing_name|missing_printing
6b05f32b-0e9a-4fdf-a5a9-2d273deaca8c,0,monster,4639,42418084,1,Winged Egg of New Life,0,0,Winged Egg of New Life,0,0,Winged Egg of New Life,0,0,Winged Egg of New Life,0,0,,0,0,pt,en|es|de|fr|pt,missing_name|missing_printing
d1771b5e-5f84-4360-94fd-3f68d6fd27c8,0,spell,10828,,1,Winning Formula,0,0,,0,0,,0,0,,0,0,,0,0,es|de|fr|pt,en|es|de|fr|pt,missing_passcode|missing_name|missing_printing
89a69b96-028f-4cd1-964f-342f683b75bc,0,monster,,,1,Wisca Blitzclique,0,0,,0,0,,0,0,,0,0,,0,0,es|de|fr|pt,en|es|de|fr|pt,missing_passcode|missing_name|missing_printing
97bd765b-6c9b-4cd4-8d1c-63a2cd308cac,0,skill,,,1,Wise Man Neos,1,1,,0,0,,0,0,,0,0,,0,0,es|de|fr|pt,es|de|fr|pt,missing_passcode|missing_name|missing_printing
df4a6fea-db21-4abb-a849-9289c95a9e10,0,monster,4241,42883273,1,Wodan the Resident of the Forest,2,2,Wodan el Habitante del Bosque,1,1,"Wotan, Waldbewohner",1,1,"Wodan, le Résident de la Forêt",1,1,,0,0,pt,pt,missing_name|missing_printing
546a74b8-67eb-4576-9087-005850a22323,0,monster,5018,56369281,1,Wolf Axwielder,3,2,Wolf Axwielder,0,0,Axtschwinger-Wolf | Wolf Axwielder,0,0,Wolf Axwielder,0,0,,0,0,pt,es|de|fr|pt,missing_name|missing_printing
f0a1be2e-9588-4d57-9d9c-4a85d6397dd6,0,monster,4237,17511156,1,Wood Clown,0,0,Wood Clown,0,0,Wood Clown,0,0,Wood Clown,0,0,,0,0,pt,en|es|de|fr|pt,missing_name|missing_printing
95cd7ee7-35bc-45aa-b948-1222c0e39453,0,monster,4234,17733394,1,Wood Remains,0,0,Wood Remains,0,0,Wood Remains,0,0,Wood Remains,0,0,,0,0,pt,en|es|de|fr|pt,missing_name|missing_printing
25dc5a8a-6ce2-4e5d-afeb-b72d8b2063ac,0,token,,43140792,1,Worm Token,0,0,Worm Token,0,0,Worm Token,0,0,Worm Token,0,0,,0,0,pt,en|es|de|fr|pt,missing_name|missing_printing
8e00bf48-72da-4ee4-9b55-6238de796c26,0,monster,9328,94215860,1,Yaksha,7,2,Yaksha,3,2,Yaksha,3,2,Yasha,3,2,,0,0,pt,pt,missing_name|missing_printing
d7ce9277-dee0-4c9b-a232-8cc4952fe04e,0,monster,4363,70345785,1,Yamadron,3,2,Yamadron,1,1,Yamadron,1,1,Yamadron,1,1,,0,0,pt,pt,missing_name|missing_printing
804f7b13-5ff8-4008-b972-3dc976092319,0,monster,7729,82841979,1,Yamato-no-Kami,3,1,Yamato-no-Kami,1,1,Yamato-no-Kami,1,1,Divinité Yamato,1,1,,0,0,pt,pt,missing_name|missing_printing
f51c9e16-05a9-4e8d-9b9d-9d8251a7cb95,0,monster,4357,71280811,1,Yaranzo,3,2,Yaranzo,1,1,Yaranzo,1,1,Yaranzo,1,1,,0,0,pt,pt,missing_name|missing_printing
8fefdcc0-0e38-426e-a2d0-93dbebb4443f,0,monster,4244,41061625,1,Yashinoki,0,0,Yashinoki,0,0,Yashinoki,0,0,Yashinoki,0,0,,0,0,pt,en|es|de|fr|pt,missing_name|missing_printing
f4df82ce-8823-4b10-82df-a1b677933cc9,0,monster,,,1,Yasushi the Skull Knight,0,0,,0,0,,0,0,,0,0,,0,0,es|de|fr|pt,en|es|de|fr|pt,missing_passcode|missing_name|missing_printing
366701ea-5d9c-5045-a8cf-7f31810d058b,0,,23298,,0,Yomagna the Fire Phantom,1,1,Yomagna el Fantasma de Fuego,1,1,Yomagna das Feuerphantom,1,1,Yomagna le Fantôme du Feu,1,1,"Yomagna, o Fantasma do Fogo",1,1,,,missing_passcode|missing_art
a2e5f78d-6d90-4a67-995d-0b0913d965c9,0,monster,4572,17115745,1,Yormungarde,0,0,Yormungarde,0,0,Yormungarde,0,0,Yormungarde,0,0,,0,0,pt,en|es|de|fr|pt,missing_name|missing_printing
f5f72248-8d7c-4613-90b0-8cc7ee3cf615,0,token,,,1,Yu-Gi-Oh! CARD GAME THE CHRONICLES (Magistus card),0,0,,0,0,,0,0,,0,0,,0,0,es|de|fr|pt,en|es|de|fr|pt,missing_passcode|missing_name|missing_printing
14b7aecd-fd57-42d1-a1e1-b7d93d9e21e5,0,token,,,1,Yu-Gi-Oh! CARD GAME THE CHRONICLES (Sky Striker Ace card),0,0,,0,0,,0,0,,0,0,,0,0,es|de|fr|pt,en|es|de|fr|pt,missing_passcode|missing_name|missing_printing
cdf4c086-75e3-4477-9997-6fd855177805,0,token,,,1,Yu-Gi-Oh! CARD GAME THE CHRONICLES (Spirit Charmers card),0,0,,0,0,,0,0,,0,0,,0,0,es|de|fr|pt,en|es|de|fr|pt,missing_passcode|missing_name|missing_printing
4e39210e-6b0c-4399-ae69-74863e7b7650,0,token,,,1,Yu-Gi-Oh! CARD GAME THE CHRONICLES (The Fallen & The Virtuous card),0,0,,0,0,,0,0,,0,0,,0,0,es|de|fr|pt,en|es|de|fr|pt,missing_passcode|missing_name|missing_printing
7ab57a1f-5cb6-4f85-a126-d2dc43d8d9a9,0,token,,,1,Yu-Gi-Oh! CHAMPIONSHIP SERIES ASIA,0,0,,0,0,,0,0,,0,0,,0,0,es|de|fr|pt,en|es|de|fr|pt,missing_passcode|missing_name|missing_printing
85976593-c4da-4247-a971-88d7800a089c,0,token,,,1,Yu-Gi-Oh! CHAMPIONSHIP SERIES CHINA,0,0,,0,0,,0,0,,0,0,,0,0,es|de|fr|pt,en|es|de|fr|pt,missing_passcode|missing_name|missing_printing
a2a08169-e25e-4a60-89a2-28a573683b08,0,token,,,1,Yu-Gi-Oh! CHAMPIONSHIP SERIES JAPAN,0,0,,0,0,,0,0,,0,0,,0,0,es|de|fr|pt,en|es|de|fr|pt,missing_passcode|missing_name|missing_printing
468a9487-c27a-4bd5-80c3-f3abfd348c1e,0,spell,5754,81332143,1,Yu-Jo Friendship,4,1,Yu-Jo Friendship,0,0,Yu-Jo Friendship,0,0,Yu-Jo Friendship,0,0,,0,0,pt,es|de|fr|pt,missing_name|missing_printing
00775186-8405-4e59-acd3-4161373b2532,0,monster,,,1,Z-ONE/Monster A,0,0,,0,0,,0,0,,0,0,,0,0,es|de|fr|pt,en|es|de|fr|pt,missing_passcode|missing_name|missing_printing
f6dfafda-a692-49c0-9aa0-3d7982c71c27,0,monster,,,1,Z-ONE/Monster B,0,0,,0,0,,0,0,,0,0,,0,0,es|de|fr|pt,en|es|de|fr|pt,missing_passcode|missing_name|missing_printing
22b68859-b124-4169-a498-b608c435ec94,0,monster,,,1,Z-ONE/Monster C,0,0,,0,0,,0,0,,0,0,,0,0,es|de|fr|pt,en|es|de|fr|pt,missing_passcode|missing_name|missing_printing
a7bee27a-e2bb-467e-9e9e-5a72e1a9105a,0,monster,,,1,Z-ONE/Monster D,0,0,,0,0,,0,0,,0,0,,0,0,es|de|fr|pt,en|es|de|fr|pt,missing_passcode|missing_name|missing_printing
3a06cb8c-15f9-4f0a-b82d-f9705f3bbeba,0,monster,,,1,Z-ONE/Monster E,0,0,,0,0,,0,0,,0,0,,0,0,es|de|fr|pt,en|es|de|fr|pt,missing_passcode|missing_name|missing_printing
4e479dae-9937-41e1-9bb5-2d1c4f9028ab,0,trap,,,1,Z-ONE/Trap A,0,0,,0,0,,0,0,,0,0,,0,0,es|de|fr|pt,en|es|de|fr|pt,missing_passcode|missing_name|missing_printing
124a3143-05a1-4550-99fe-2df4814fefd3,0,trap,,,1,Z-ONE/Trap B,0,0,,0,0,,0,0,,0,0,,0,0,es|de|fr|pt,en|es|de|fr|pt,missing_passcode|missing_name|missing_printing
27d241fa-9fc0-411f-bf33-a15fc9e66d4e,0,trap,,,1,Z-ONE/Trap C,0,0,,0,0,,0,0,,0,0,,0,0,es|de|fr|pt,en|es|de|fr|pt,missing_passcode|missing_name|missing_printing
772087a1-733a-4137-84b2-f29363bc3815,0,spell,8822,30562585,1,ZERO-MAX,3,1,ZERO-MAX,1,1,ZERO-MAX,1,1,ZÉRO MAXIMUM,1,1,,0,0,pt,pt,missing_name|missing_printing
7c4c02d7-a238-4df7-bc3c-304c63feafd3,0,monster,10133,87008374,1,ZW - Phoenix Bow,3,1,ZW - Arco Fénix,1,1,ZW - Phönixbogen,1,1,ZW - Arc Phénix,1,1,,0,0,pt,pt,missing_name|missing_printing
e8545481-cde8-418b-a87b-d60c1ee09423,0,monster,7730,18235577,1,Silent Strider,3,1,Zancudo Silencioso,1,1,Stiller Wasserläufer,1,1,Arpenteur Silencieux,1,1,,0,0,pt,pt,missing_name|missing_printing
c3e3797a-d489-412c-9804-20819262b2b3,0,monster,4099,30090452,1,Zanki,0,0,Zanki,0,0,Zanki,0,0,Zanki,0,0,,0,0,pt,en|es|de|fr|pt,missing_name|missing_printing
ed7b4f74-29a4-4a48-9f13-b9e5e0aaf18e,0,monster,4458,10598400,1,Zarigun,0,0,Zarigun,0,0,Zarigun,0,0,Zarigun,0,0,,0,0,pt,en|es|de|fr|pt,missing_name|missing_printing
157b8ee1-17e1-46f0-bd6b-b005e422bfdb,0,monster,8605,22858242,1,Zeman the Ape King,4,2,"Zeman, el Rey Mono",2,2,Zeman der Affenkönig,2,2,"Zeman, Roi Singe Démoniaque",2,2,,0,0,pt,pt,missing_name|missing_printing
eb18d3a9-502a-4a75-8938-3485261584a8,0,monster,9659,68597372,1,Wind-Up Zenmaister,11,3,Zenmaestro de Cuerda,7,3,Aufzieh-Zenmeister,6,3,Zenmaister Automate,6,3,,0,0,pt,pt,missing_name|missing_printing
0205fa35-0318-48da-bfbe-65a90a3aa0fe,0,spell,9773,61011311,1,Zenmailfunction,3,1,Zenmailfunción,1,1,Zenmei-Versagen,1,1,Défaillance Zenmai,1,1,,0,0,pt,pt,missing_name|missing_printing
b607d959-08b3-499c-a725-606c75959b50,0,trap,9946,91422370,1,Zenmailstrom,3,1,Zenmailstrom,1,1,Zenmeilström,1,1,Zenmailstrom,1,1,,0,0,pt,pt,missing_name|missing_printing
ddbefbd6-8a40-4579-a3ee-c7cedbc7b778,0,trap,9790,29999161,1,Zenmairch,3,1,Zenmarcha,1,1,Zenmei-Marsch,1,1,Zenmairch,1,1,,0,0,pt,pt,missing_name|missing_printing
5475c8fb-9a54-44f8-8b43-4ac9e9c36e38,0,monster,,,1,Zenna-no-Tsuinagihime,0,0,,0,0,,0,0,,0,0,,0,0,es|de|fr|pt,en|es|de|fr|pt,missing_passcode|missing_name|missing_printing
618c41f5-6ecf-4b0e-97f7-0ae4a0251e64,0,monster,4366,69123138,1,Zera the Mant,2,2,Zera el Mant | Zera la Manta,0,0,Zera der Mant,1,1,"Zéra, la Mante",1,1,"Zera, o Mante",0,0,,es|pt,missing_printing
3a00350f-41a4-4f2c-b55b-235bf4c78fe2,0,monster,,,1,Zera the Mant (Normal),0,0,,0,0,,0,0,,0,0,,0,0,es|de|fr|pt,en|es|de|fr|pt,missing_passcode|missing_name|missing_printing
ab0a3cf1-0da4-4ca6-878d-4c8224c3eb0e,0,monster,4203,63545455,1,Mech Mole Zombie,0,0,Zombi Topo Mecánico,0,0,Mechanischer Maulwurfzombie,0,0,Taupe Mécanique Zombi,0,0,,0,0,pt,en|es|de|fr|pt,missing_name|missing_printing
ead14514-0d89-4bbf-9725-192d3475a8de,0,monster,4365,33734439,1,Three-Legged Zombies,3,2,Zombis de Tres Piernas,1,1,Dreibeinige Zombies,1,1,Zombies à Trois Jambes,1,1,,0,0,pt,pt,missing_name|missing_printing
59555a65-f37b-48ad-9b51-9ca8bac8f181,0,spell,7451,47295267,1,Cybernetic Zone,3,1,Zona Cibernética,1,1,Kybernetische Zone,1,1,Zone Cybernétique,1,1,,0,0,pt,pt,missing_name|missing_printing
5d02924f-c085-4318-8430-70291ed5ce00,0,spell,10194,14289852,1,Catapult Zone,3,1,Zona de Catapulta,1,1,Katapultzone,1,1,Zone Catapulte,1,1,,0,0,pt,pt,missing_name|missing_printing
da5225b2-d867-4a7e-bdf7-20020c6004e7,0,spell,9527,11047543,1,Psychic Feel Zone,3,1,Zona de Sensación Psíquica,1,1,Psi-Gespürzone,1,1,Zone de Repos Psychique,1,1,,0,0,pt,pt,missing_name|missing_printing
185afb0b-0591-4745-9a55-e5a765991241,0,skill,-55,,1,Pal-O'Mine-zation!,1,1,¡Amigo-zación!,1,1,Pal-O'Mine-zation!,1,1,Pote-à-moi-risation !,1,1,Amigão!,1,1,,,missing_passcode
0adf085d-17c4-431b-a09e-e97f7748d885,0,skill,,,1,Here Goes Something!,1,1,¡Aquí Va Algo!,1,1,Hier geht was!,1,1,Voici Quelque Chose !,1,1,,1,1,pt,,missing_passcode|missing_name
36389164-7f27-4c6d-b32e-d2ab25bf964b,0,skill,,,1,Armed and Ready!,1,1,¡Armado y Listo!,1,1,Bewaffnet und bereit!,1,1,Armé et Prêt !,1,1,,1,1,pt,,missing_passcode|missing_name
92789983-fe8c-47b9-abd7-06a3396565da,0,spell,8833,91985515,1,Koa'ki Meiru Initialize!,3,1,¡Arrancar los Koa'ki Meiru!,1,1,Koa'ki Meiru initialisieren!,1,1,Réinitialisation Koa'ki Meiru !,1,1,,0,0,pt,pt,missing_name|missing_printing
a233d185-830a-4bd7-a618-cf64d75f468f,0,trap,7133,96218085,1,Breakthrough!,3,1,¡Atravesar!,1,1,Durchbruch!,1,1,Percée !,1,1,,0,0,pt,pt,missing_name|missing_printing
fd25e763-ea19-4df4-9431-639043e7595a,0,skill,-57,,1,No More Mrs. Nice Mai!,2,2,¡Basta de la Buena Señora Mai!,2,2,Schluss mit den Nettigkeiten!,2,2,"Gentille Mme Mai, c'est Fini !",2,2,,1,1,pt,,missing_passcode|missing_name
eca0c255-e5a8-4363-b013-04357badcf79,0,skill,,,1,Beware the Brothers Paradox!,1,1,¡Cuidado con los Hermanos Paradoja!,1,1,Vorsicht vor dem Gebrüder-Paradox!,1,1,Méfiez-vous des Frères Paradoxe!,1,1,,1,1,pt,,missing_passcode|missing_name
9f41b2d8-9dca-4fb8-8ab9-1bbd7f79b26f,0,skill,-59,,1,It's Jinzo!,1,1,¡Es Jinzo!,1,1,Das ist Jinzo!,1,1,C'est Jinzo !,1,1,,0,0,pt,pt,missing_passcode|missing_name|missing_printing
493b8028-9b4f-437e-b8b2-fd71e0ee49b0,0,skill,-61,,1,It's My Lucky Day!,1,1,¡Es Mi Día de Suerte!,1,1,Heute ist mein Glückstag!,1,1,C'est mon Jour de Chance !,1,1,É Meu Dia de Sorte!,1,1,,,missing_passcode
f7affdb6-afb1-437c-95f0-59810b23a1c2,0,spell,10086,50427388,1,That Wacky Magic!,3,1,¡Esa Magia Loca!,1,1,Welch verrückte Magie!,1,1,Quelle Magie !,1,1,Magia Bizarra!,0,0,,pt,missing_printing
079a0ffa-c88f-4d21-8285-c2f7be29c3b5,0,skill,-60,,1,Nightmare Sonic Blast!,2,2,¡Estallido Sónico de Pesadilla!,2,2,Albtraum-Schallknall!,2,2,Souffle Sonique du Cauchemar Nocturne !,2,2,Explosão Sônica Pesadelo!,2,2,,,missing_passcode
f22060b0-8375-46aa-9cf0-96db0b41acb0,0,skill,-39,,1,Fusion Party!,3,3,¡Fiesta de Fusión!,3,3,Fusionsparty!,3,3,Fête de la Fusion !,3,3,,2,2,pt,,missing_passcode|missing_name
408d8a3f-7f9f-4b1c-bfa9-81a842a0ebc8,0,skill,-31,,1,Ectoplasmic Fortification!,1,1,¡Fortificación Ectoplásmica!,1,1,Ektoplasmiche Stärkung!,1,1,Fortification Ectoplasmique !,1,1,Fortificação Ectoplasmática!,1,1,,,missing_passcode
7e68b1d0-f83b-4897-bcbb-f37d18756cae,0,spell,7455,73567374,1,Unleash Your Power!,4,2,¡Libera tu Poder!,2,2,Entfessle deine Kraft!,2,2,Déchaînement de Puissance,2,2,,0,0,pt,pt,missing_name|missing_printing
8d195de9-503b-42c5-90e4-e27bef88bfb6,0,trap,9795,81665333,1,Sound the Retreat!,3,1,¡Marca Retirada!,1,1,Blast zum Rückzug!,1,1,Sonnez la Retraite !,1,1,,0,0,pt,pt,missing_name|missing_printing
3a350234-dff4-4600-837c-a69c6eedb633,0,trap,10205,74611888,1,Turnabout,3,1,¡Media Vuelta!,1,1,Umschwung,1,1,Demi-Tour,1,1,,0,0,pt,pt,missing_name|missing_printing
d37b2893-b6ac-4851-bb18-318a5bc8dcc7,0,skill,-49,,1,Power Up!,3,3,¡Mejora!,3,3,Verstärkung!,3,3,Renforcement !,3,3,,3,3,pt,,missing_passcode|missing_name
6c12c70d-e626-4df6-8c1d-f2094a8b7bad,0,skill,,,1,"Behold, Gate Guardian!",1,1,"¡Mira, Guardián de la Puerta!",1,1,"Achtung, Torwächter!",1,1,Voici le Gardien de la Porte!,1,1,,1,1,pt,,missing_passcode|missing_name
5f04eab0-5ceb-421f-a238-d64e79af0608,0,trap,8850,49833312,1,"Morphtronics, Scramble!",3,1,"¡Morfotrónicos, Unirse!",1,1,Morphtronische Überraschung,1,1,Rassemblement Morphtronique !,1,1,,0,0,pt,pt,missing_name|missing_printing
d8b7c1de-12d0-43a5-b0e4-c8254abea10c,0,skill,-58,,1,It's a Toon World!,1,1,¡Mundo Toon!,1,1,Mir gesfällt die Toon-Welt!,1,1,Dans le Monde des Toons !,1,1,É um Mundo Toon!,1,1,,,missing_passcode
0f17fe92-41d7-4278-b47d-032aa65d97bf,0,skill,-13,,1,Beatdown!,1,1,¡Paliza!,1,1,Beatdown!,1,1,Raclée !,1,1,Agressivo!,1,1,,,missing_passcode
5b541642-278e-4e9c-a8d8-b909642540b8,0,trap,7477,39712330,1,Cry Havoc!,3,1,¡Pide Socorro!,1,1,Keine Gefangenen!,1,1,Pas de Pitié !,1,1,,0,0,pt,pt,missing_name|missing_printing
d7da1142-453e-424b-b879-28f7c7844418,0,skill,-53,,1,I'm Just Gonna Attack!,2,2,¡Simplemente Atacaré!,2,2,Ich greife einfach an!,2,2,Je Vais Tout Simplement Attaquer !,2,2,,1,1,pt,,missing_passcode|missing_name
e05e6193-1040-4d95-9a8b-91155dcdf072,0,skill,,,1,I've Got Dino DNA!,1,1,¡Tengo ADN de Dinosaurio!,1,1,Ich hab Dino-DNS!,1,1,J'ai de l'ADN de Dino !,1,1,,1,1,pt,,missing_passcode|missing_name
ecc83ed8-dce2-44de-bd54-10e4d7866b33,0,skill,-14,,1,Terror from the Deep!,2,2,¡Terror desde las Profundidades!,2,2,Schrecken aus der Tiefe!,2,2,Terreur des Profondeurs !,2,2,Terror das Profundezas!,2,2,,,missing_passcode
c9d6b914-c5dc-405b-95d5-c873164c6181,0,trap,7014,71934924,1,Swift Samurai Storm!,3,1,¡Tormenta Samurái Rápida!,1,1,Flinker Samurai-Sturm!,1,1,Prompte Tornade du Samouraï,1,1,,0,0,pt,pt,missing_name|missing_printing
c774195a-e3c2-405f-baca-d0406dfba82d,0,skill,-8,,1,Toon Mayhem!,1,1,¡Tumulto Toon!,1,1,Toon-Chaos!,1,1,Pagaille Toon !,1,1,Perturbação Toon!,1,1,,,missing_passcode
b4400114-0d56-4373-8358-0021b5c2c1eb,0,trap,10292,57319935,1,Xyz Xtreme !!,3,1,¡Xyz Xtremo!,1,1,Xyz extrem!,1,1,Xtrême Xyz !!,1,1,,0,0,pt,pt,missing_name|missing_printing
b6057dad-319d-4df1-b875-fcbd5518f9ee,0,skill,,,1,HEROES UNITE - FUSION!!,1,1,¡¡HÉROES UNÍOS - FUSIONAD!!,1,1,HELDEN VEREINIGT EUCH - FUSION!!,1,1,UNION DES HÉROS - FUSION !!,1,1,,1,1,pt,,missing_passcode|missing_name
2341f23a-c87c-442d-9a78-6b48873b8674,0,spell,6907,90500169,1,Level Down!?,3,1,¿Bajada de Nivel?,0,0,Abgestiegen!?,1,1,Perte de Niveau !?,1,1,,0,0,pt,es|pt,missing_name|missing_printing
6b7e010f-b796-46cb-8580-7e9b1c306995,0,trap,5311,77910045,1,Fatal Abacus,4,3,Ábaco Fatal,1,1,Tödlicher Abakus,1,1,Abacus Fatal,1,1,,0,0,pt,pt,missing_name|missing_printing
7de08bab-1f1a-4879-bafb-391eed2f5180,0,monster,8900,26381750,1,Soaring Eagle Above the Searing Land,5,2,Águila Sobrevolando la Tierra Abrasadora,1,1,Adler über dem brennenden Land,1,1,Aigle des Terres Brûlantes,1,1,,0,0,pt,pt,missing_name|missing_printing
838af3c4-623f-58f5-91cf-062cc8117689,0,,23004,,0,Prohibitive Power Patron Purview - Vilaea,1,1,Ámbito del Modelo de Poder Prohibitivo - Vilaea,1,1,Ausschließlicher Machtpatron-Bereich - Vilaea,1,1,Portée Prohibitive du Mécène du Pouvoir - Vilaéa,1,1,Limite Proibitivo do Patrono do Poder - Vilaea,1,1,,,missing_passcode|missing_art
2f676da0-3cca-48ef-ab36-47566ec232bc,0,trap,8381,93023136,2,Fallen Angel in Darkness,0,0,Ángel Caído en la Oscuridad,0,0,Gefallener Engel in Dunkelheit,0,0,Ange Banni dans les Ténèbres,0,0,Anjo Caído na Escuridão,0,0,,en|es|de|fr|pt,missing_printing
c6737258-3c14-4e97-9005-a1aa5e5358d5,0,monster,7035,56784842,1,Angel O7,5,3,Ángel O7,2,2,Engel O7,2,2,Ange O7,2,2,,0,0,pt,pt,missing_name|missing_printing
f884a3f7-19bf-49a5-85cb-4fb63dc83df0,0,trap,8366,07935043,1,Aegis of the Ocean Dragon Lord,4,2,Égida del Señor Dragón del Océano,2,2,Obhut des Ozeandrachenherrschers,2,2,Égide du Seigneur Dragon des Océans,2,2,,0,0,pt,pt,missing_name|missing_printing
bdb6a04c-d6e0-4d40-a96e-8657758c5297,0,skill,-67,,1,Last Gamble,1,1,Última Apuesta,1,1,Letztes Spiel,1,1,Dernier Pari,1,1,Última Aposta,1,1,,,missing_passcode
bcdb5366-ba90-4459-b10e-850a5cf8f655,0,trap,7081,97970833,1,Last Resort,5,2,Último Recurso,2,2,Letzte Zuflucht,2,2,En Dernier Recours,2,2,,0,0,pt,pt,missing_name|missing_printing
